country,level1,level2,level3,week,year,n_cases,population
Argentina,Ciudad Autonoma de Buenos Aires,Comuna 10,207001,1,2025,8,6651
Argentina,Ciudad Autonoma de Buenos Aires,Comuna 10,207002,1,2025,8,7094
Argentina,Ciudad Autonoma de Buenos Aires,Comuna 10,207003,1,2025,4,6682
Argentina,Ciudad Autonoma de Buenos Aires,Comuna 10,207004,1,2025,10,9342
Argentina,Ciudad Autonoma de Buenos Aires,Comuna 10,207005,1,2025,13,11787
Argentina,Ciudad Autonoma de Buenos Aires,Comuna 10,207006,1,2025,10,12408
Argentina,Ciudad Autonoma de Buenos Aires,Comuna 10,207007,1,2025,12,11630
Argentina,Ciudad Autonoma de Buenos Aires,Comuna 10,207008,1,2025,9,9038
Argentina,Ciudad Autonoma de Buenos Aires,Comuna 10,207009,1,2025,8,8752
Argentina,Ciudad Autonoma de Buenos Aires,Comuna 10,207010,1,2025,8,10398
Argentina,Ciudad Autonoma de Buenos Aires,Comuna 10,207011,1,2025,7,8554
Argentina,Ciudad Autonoma de Buenos Aires,Comuna 10,207012,1,2025,8,6677
Argentina,Ciudad Autonoma de Buenos Aires,Comuna 10,207013,1,2025,3,8285
Argentina,Ciudad Autonoma de Buenos Aires,Comuna 10,207014,1,2025,17,9092
Argentina,Ciudad Autonoma de Buenos Aires,Comuna 10,207015,1,2025,5,7248
Argentina,Ciudad Autonoma de Buenos Aires,Comuna 10,207016,1,2025,7,8724
Argentina,Ciudad Autonoma de Buenos Aires,Comuna 10,207017,1,2025,9,9635
Argentina,Ciudad Autonoma de Buenos Aires,Comuna 10,207018,1,2025,7,8682
Argentina,Ciudad Autonoma de Buenos Aires,Comuna 10,207019,1,2025,13,11217
Argentina,Ciudad Autonoma de Buenos Aires,Comuna 11,207701,1,2025,10,11069
Argentina,Ciudad Autonoma de Buenos Aires,Comuna 11,207702,1,2025,18,10205
Argentina,Ciudad Autonoma de Buenos Aires,Comuna 11,207703,1,2025,6,9103
Argentina,Ciudad Autonoma de Buenos Aires,Comuna 11,207704,1,2025,12,10387
Argentina,Ciudad Autonoma de Buenos Aires,Comuna 11,207705,1,2025,7,7955
Argentina,Ciudad Autonoma de Buenos Aires,Comuna 11,207706,1,2025,11,11455
Argentina,Ciudad Autonoma de Buenos Aires,Comuna 11,207707,1,2025,9,11428
Argentina,Ciudad Autonoma de Buenos Aires,Comuna 11,207708,1,2025,3,8072
Argentina,Ciudad Autonoma de Buenos Aires,Comuna 11,207709,1,2025,9,9257
Argentina,Ciudad Autonoma de Buenos Aires,Comuna 11,207710,1,2025,9,11259
Argentina,Ciudad Autonoma de Buenos Aires,Comuna 11,207711,1,2025,5,8065
Argentina,Ciudad Autonoma de Buenos Aires,Comuna 11,207712,1,2025,9,8059
Argentina,Ciudad Autonoma de Buenos Aires,Comuna 11,207713,1,2025,11,9254
Argentina,Ciudad Autonoma de Buenos Aires,Comuna 11,207714,1,2025,10,7270
Argentina,Ciudad Autonoma de Buenos Aires,Comuna 11,207715,1,2025,13,10022
Argentina,Ciudad Autonoma de Buenos Aires,Comuna 11,207716,1,2025,7,9462
Argentina,Ciudad Autonoma de Buenos Aires,Comuna 11,207717,1,2025,10,6323
Argentina,Ciudad Autonoma de Buenos Aires,Comuna 11,207718,1,2025,9,9010
Argentina,Ciudad Autonoma de Buenos Aires,Comuna 11,207719,1,2025,6,7194
Argentina,Ciudad Autonoma de Buenos Aires,Comuna 11,207720,1,2025,5,9079
Argentina,Ciudad Autonoma de Buenos Aires,Comuna 11,207721,1,2025,8,9075
Argentina,Ciudad Autonoma de Buenos Aires,Comuna 11,207722,1,2025,6,8902
Argentina,Ciudad Autonoma de Buenos Aires,Comuna 12,208401,1,2025,7,9341
Argentina,Ciudad Autonoma de Buenos Aires,Comuna 12,208402,1,2025,8,8793
Argentina,Ciudad Autonoma de Buenos Aires,Comuna 12,208403,1,2025,7,9271
Argentina,Ciudad Autonoma de Buenos Aires,Comuna 12,208404,1,2025,6,8702
Argentina,Ciudad Autonoma de Buenos Aires,Comuna 12,208405,1,2025,8,8415
Argentina,Ciudad Autonoma de Buenos Aires,Comuna 12,208406,1,2025,10,9143
Argentina,Ciudad Autonoma de Buenos Aires,Comuna 12,208407,1,2025,15,10293
Argentina,Ciudad Autonoma de Buenos Aires,Comuna 12,208408,1,2025,11,10510
Argentina,Ciudad Autonoma de Buenos Aires,Comuna 12,208409,1,2025,12,8365
Argentina,Ciudad Autonoma de Buenos Aires,Comuna 12,208410,1,2025,13,11926
Argentina,Ciudad Autonoma de Buenos Aires,Comuna 12,208411,1,2025,13,10276
Argentina,Ciudad Autonoma de Buenos Aires,Comuna 12,208412,1,2025,8,8291
Argentina,Ciudad Autonoma de Buenos Aires,Comuna 12,208413,1,2025,9,9891
Argentina,Ciudad Autonoma de Buenos Aires,Comuna 12,208414,1,2025,15,12202
Argentina,Ciudad Autonoma de Buenos Aires,Comuna 12,208415,1,2025,8,13785
Argentina,Ciudad Autonoma de Buenos Aires,Comuna 12,208416,1,2025,13,16395
Argentina,Ciudad Autonoma de Buenos Aires,Comuna 12,208417,1,2025,13,9935
Argentina,Ciudad Autonoma de Buenos Aires,Comuna 12,208418,1,2025,10,13227
Argentina,Ciudad Autonoma de Buenos Aires,Comuna 12,208419,1,2025,16,12268
Argentina,Ciudad Autonoma de Buenos Aires,Comuna 12,208420,1,2025,7,9926
Argentina,Ciudad Autonoma de Buenos Aires,Comuna 12,208421,1,2025,13,11426
Argentina,Ciudad Autonoma de Buenos Aires,Comuna 12,208422,1,2025,10,12983
Argentina,Ciudad Autonoma de Buenos Aires,Comuna 13,209101,1,2025,12,11656
Argentina,Ciudad Autonoma de Buenos Aires,Comuna 13,209102,1,2025,13,10984
Argentina,Ciudad Autonoma de Buenos Aires,Comuna 13,209103,1,2025,10,10868
Argentina,Ciudad Autonoma de Buenos Aires,Comuna 13,209104,1,2025,8,13113
Argentina,Ciudad Autonoma de Buenos Aires,Comuna 13,209105,1,2025,6,10421
Argentina,Ciudad Autonoma de Buenos Aires,Comuna 13,209106,1,2025,11,7917
Argentina,Ciudad Autonoma de Buenos Aires,Comuna 13,209107,1,2025,10,8294
Argentina,Ciudad Autonoma de Buenos Aires,Comuna 13,209108,1,2025,7,9153
Argentina,Ciudad Autonoma de Buenos Aires,Comuna 13,209109,1,2025,7,8207
Argentina,Ciudad Autonoma de Buenos Aires,Comuna 13,209110,1,2025,9,10807
Argentina,Ciudad Autonoma de Buenos Aires,Comuna 13,209111,1,2025,1,4808
Argentina,Ciudad Autonoma de Buenos Aires,Comuna 13,209112,1,2025,9,8591
Argentina,Ciudad Autonoma de Buenos Aires,Comuna 13,209113,1,2025,9,10772
Argentina,Ciudad Autonoma de Buenos Aires,Comuna 13,209114,1,2025,10,7311
Argentina,Ciudad Autonoma de Buenos Aires,Comuna 13,209115,1,2025,10,9651
Argentina,Ciudad Autonoma de Buenos Aires,Comuna 13,209116,1,2025,16,10427
Argentina,Ciudad Autonoma de Buenos Aires,Comuna 13,209117,1,2025,8,11221
Argentina,Ciudad Autonoma de Buenos Aires,Comuna 13,209118,1,2025,10,8113
Argentina,Ciudad Autonoma de Buenos Aires,Comuna 13,209119,1,2025,7,8504
Argentina,Ciudad Autonoma de Buenos Aires,Comuna 13,209120,1,2025,7,9333
Argentina,Ciudad Autonoma de Buenos Aires,Comuna 13,209121,1,2025,13,8521
Argentina,Ciudad Autonoma de Buenos Aires,Comuna 13,209122,1,2025,11,8416
Argentina,Ciudad Autonoma de Buenos Aires,Comuna 13,209123,1,2025,2,9675
Argentina,Ciudad Autonoma de Buenos Aires,Comuna 13,209124,1,2025,6,7611
Argentina,Ciudad Autonoma de Buenos Aires,Comuna 13,209125,1,2025,6,6503
Argentina,Ciudad Autonoma de Buenos Aires,Comuna 13,209126,1,2025,8,8070
Argentina,Ciudad Autonoma de Buenos Aires,Comuna 13,209127,1,2025,6,7860
Argentina,Ciudad Autonoma de Buenos Aires,Comuna 13,209128,1,2025,7,7714
Argentina,Ciudad Autonoma de Buenos Aires,Comuna 13,209129,1,2025,3,7809
Argentina,Ciudad Autonoma de Buenos Aires,Comuna 14,209801,1,2025,9,8008
Argentina,Ciudad Autonoma de Buenos Aires,Comuna 14,209802,1,2025,9,8651
Argentina,Ciudad Autonoma de Buenos Aires,Comuna 14,209803,1,2025,5,9921
Argentina,Ciudad Autonoma de Buenos Aires,Comuna 14,209804,1,2025,10,9128
Argentina,Ciudad Autonoma de Buenos Aires,Comuna 14,209805,1,2025,8,7958
Argentina,Ciudad Autonoma de Buenos Aires,Comuna 14,209806,1,2025,11,9397
Argentina,Ciudad Autonoma de Buenos Aires,Comuna 14,209807,1,2025,10,9307
Argentina,Ciudad Autonoma de Buenos Aires,Comuna 14,209808,1,2025,11,8700
Argentina,Ciudad Autonoma de Buenos Aires,Comuna 14,209809,1,2025,15,12492
Argentina,Ciudad Autonoma de Buenos Aires,Comuna 14,209810,1,2025,0,190
Argentina,Ciudad Autonoma de Buenos Aires,Comuna 14,209811,1,2025,11,12051
Argentina,Ciudad Autonoma de Buenos Aires,Comuna 14,209812,1,2025,8,7962
Argentina,Ciudad Autonoma de Buenos Aires,Comuna 14,209813,1,2025,4,7376
Argentina,Ciudad Autonoma de Buenos Aires,Comuna 14,209814,1,2025,10,7484
Argentina,Ciudad Autonoma de Buenos Aires,Comuna 14,209815,1,2025,5,8094
Argentina,Ciudad Autonoma de Buenos Aires,Comuna 14,209816,1,2025,5,6773
Argentina,Ciudad Autonoma de Buenos Aires,Comuna 14,209817,1,2025,4,7231
Argentina,Ciudad Autonoma de Buenos Aires,Comuna 14,209818,1,2025,10,6981
Argentina,Ciudad Autonoma de Buenos Aires,Comuna 14,209819,1,2025,1,5589
Argentina,Ciudad Autonoma de Buenos Aires,Comuna 14,209820,1,2025,5,6758
Argentina,Ciudad Autonoma de Buenos Aires,Comuna 14,209821,1,2025,5,7312
Argentina,Ciudad Autonoma de Buenos Aires,Comuna 14,209822,1,2025,12,8363
Argentina,Ciudad Autonoma de Buenos Aires,Comuna 14,209823,1,2025,8,11012
Argentina,Ciudad Autonoma de Buenos Aires,Comuna 14,209824,1,2025,9,6199
Argentina,Ciudad Autonoma de Buenos Aires,Comuna 14,209825,1,2025,5,7637
Argentina,Ciudad Autonoma de Buenos Aires,Comuna 14,209826,1,2025,8,6558
Argentina,Ciudad Autonoma de Buenos Aires,Comuna 14,209827,1,2025,4,6199
Argentina,Ciudad Autonoma de Buenos Aires,Comuna 14,209828,1,2025,9,9243
Argentina,Ciudad Autonoma de Buenos Aires,Comuna 14,209829,1,2025,7,8453
Argentina,Ciudad Autonoma de Buenos Aires,Comuna 14,209830,1,2025,8,8109
Argentina,Ciudad Autonoma de Buenos Aires,Comuna 14,209831,1,2025,6,8116
Argentina,Ciudad Autonoma de Buenos Aires,Comuna 15,210501,1,2025,7,9594
Argentina,Ciudad Autonoma de Buenos Aires,Comuna 15,210502,1,2025,4,6548
Argentina,Ciudad Autonoma de Buenos Aires,Comuna 15,210503,1,2025,8,10235
Argentina,Ciudad Autonoma de Buenos Aires,Comuna 15,210504,1,2025,14,12235
Argentina,Ciudad Autonoma de Buenos Aires,Comuna 15,210505,1,2025,6,12207
Argentina,Ciudad Autonoma de Buenos Aires,Comuna 15,210506,1,2025,3,4156
Argentina,Ciudad Autonoma de Buenos Aires,Comuna 15,210507,1,2025,10,12285
Argentina,Ciudad Autonoma de Buenos Aires,Comuna 15,210508,1,2025,7,8807
Argentina,Ciudad Autonoma de Buenos Aires,Comuna 15,210509,1,2025,7,8645
Argentina,Ciudad Autonoma de Buenos Aires,Comuna 15,210510,1,2025,8,10813
Argentina,Ciudad Autonoma de Buenos Aires,Comuna 15,210511,1,2025,7,11863
Argentina,Ciudad Autonoma de Buenos Aires,Comuna 15,210512,1,2025,9,7208
Argentina,Ciudad Autonoma de Buenos Aires,Comuna 15,210513,1,2025,9,7242
Argentina,Ciudad Autonoma de Buenos Aires,Comuna 15,210514,1,2025,10,9564
Argentina,Ciudad Autonoma de Buenos Aires,Comuna 15,210515,1,2025,6,9091
Argentina,Ciudad Autonoma de Buenos Aires,Comuna 15,210516,1,2025,11,8911
Argentina,Ciudad Autonoma de Buenos Aires,Comuna 15,210517,1,2025,9,8753
Argentina,Ciudad Autonoma de Buenos Aires,Comuna 15,210518,1,2025,5,8161
Argentina,Ciudad Autonoma de Buenos Aires,Comuna 15,210519,1,2025,11,8739
Argentina,Ciudad Autonoma de Buenos Aires,Comuna 15,210520,1,2025,6,8787
Argentina,Ciudad Autonoma de Buenos Aires,Comuna 15,210521,1,2025,10,11421
Argentina,Ciudad Autonoma de Buenos Aires,Comuna 2,201401,1,2025,0,554
Argentina,Ciudad Autonoma de Buenos Aires,Comuna 2,201402,1,2025,4,5022
Argentina,Ciudad Autonoma de Buenos Aires,Comuna 2,201403,1,2025,8,5681
Argentina,Ciudad Autonoma de Buenos Aires,Comuna 2,201404,1,2025,7,6670
Argentina,Ciudad Autonoma de Buenos Aires,Comuna 2,201405,1,2025,5,6654
Argentina,Ciudad Autonoma de Buenos Aires,Comuna 2,201406,1,2025,6,6504
Argentina,Ciudad Autonoma de Buenos Aires,Comuna 2,201407,1,2025,10,7631
Argentina,Ciudad Autonoma de Buenos Aires,Comuna 2,201408,1,2025,7,9285
Argentina,Ciudad Autonoma de Buenos Aires,Comuna 2,201409,1,2025,6,8985
Argentina,Ciudad Autonoma de Buenos Aires,Comuna 2,201410,1,2025,7,7067
Argentina,Ciudad Autonoma de Buenos Aires,Comuna 2,201411,1,2025,4,5593
Argentina,Ciudad Autonoma de Buenos Aires,Comuna 2,201412,1,2025,7,5734
Argentina,Ciudad Autonoma de Buenos Aires,Comuna 2,201413,1,2025,5,7043
Argentina,Ciudad Autonoma de Buenos Aires,Comuna 2,201414,1,2025,5,8370
Argentina,Ciudad Autonoma de Buenos Aires,Comuna 2,201415,1,2025,10,6053
Argentina,Ciudad Autonoma de Buenos Aires,Comuna 2,201416,1,2025,10,5917
Argentina,Ciudad Autonoma de Buenos Aires,Comuna 2,201417,1,2025,11,7963
Argentina,Ciudad Autonoma de Buenos Aires,Comuna 2,201418,1,2025,5,6383
Argentina,Ciudad Autonoma de Buenos Aires,Comuna 2,201419,1,2025,11,6436
Argentina,Ciudad Autonoma de Buenos Aires,Comuna 2,201420,1,2025,6,7134
Argentina,Ciudad Autonoma de Buenos Aires,Comuna 2,201421,1,2025,5,5726
Argentina,Ciudad Autonoma de Buenos Aires,Comuna 2,201422,1,2025,8,5002
Argentina,Ciudad Autonoma de Buenos Aires,Comuna 2,201423,1,2025,13,5517
Argentina,Ciudad Autonoma de Buenos Aires,Comuna 2,201424,1,2025,6,5483
Argentina,Ciudad Autonoma de Buenos Aires,Comuna 2,201425,1,2025,8,8202
Argentina,Ciudad Autonoma de Buenos Aires,Comuna 5,203501,1,2025,13,9107
Argentina,Ciudad Autonoma de Buenos Aires,Comuna 5,203502,1,2025,13,8659
Argentina,Ciudad Autonoma de Buenos Aires,Comuna 5,203503,1,2025,9,9246
Argentina,Ciudad Autonoma de Buenos Aires,Comuna 5,203504,1,2025,9,8180
Argentina,Ciudad Autonoma de Buenos Aires,Comuna 5,203505,1,2025,5,6557
Argentina,Ciudad Autonoma de Buenos Aires,Comuna 5,203506,1,2025,6,7989
Argentina,Ciudad Autonoma de Buenos Aires,Comuna 5,203507,1,2025,5,7616
Argentina,Ciudad Autonoma de Buenos Aires,Comuna 5,203508,1,2025,13,8744
Argentina,Ciudad Autonoma de Buenos Aires,Comuna 5,203509,1,2025,5,7892
Argentina,Ciudad Autonoma de Buenos Aires,Comuna 5,203510,1,2025,8,8718
Argentina,Ciudad Autonoma de Buenos Aires,Comuna 5,203511,1,2025,6,9263
Argentina,Ciudad Autonoma de Buenos Aires,Comuna 5,203512,1,2025,5,7201
Argentina,Ciudad Autonoma de Buenos Aires,Comuna 5,203513,1,2025,7,7410
Argentina,Ciudad Autonoma de Buenos Aires,Comuna 5,203514,1,2025,3,8821
Argentina,Ciudad Autonoma de Buenos Aires,Comuna 5,203515,1,2025,14,7651
Argentina,Ciudad Autonoma de Buenos Aires,Comuna 5,203516,1,2025,12,10461
Argentina,Ciudad Autonoma de Buenos Aires,Comuna 5,203517,1,2025,9,9254
Argentina,Ciudad Autonoma de Buenos Aires,Comuna 5,203518,1,2025,8,9162
Argentina,Ciudad Autonoma de Buenos Aires,Comuna 5,203519,1,2025,8,9340
Argentina,Ciudad Autonoma de Buenos Aires,Comuna 5,203520,1,2025,11,11091
Argentina,Ciudad Autonoma de Buenos Aires,Comuna 5,203521,1,2025,12,8855
Argentina,Ciudad Autonoma de Buenos Aires,Comuna 5,203522,1,2025,8,11232
Argentina,Ciudad Autonoma de Buenos Aires,Comuna 6,204201,1,2025,9,9911
Argentina,Ciudad Autonoma de Buenos Aires,Comuna 6,204202,1,2025,6,10787
Argentina,Ciudad Autonoma de Buenos Aires,Comuna 6,204203,1,2025,7,8899
Argentina,Ciudad Autonoma de Buenos Aires,Comuna 6,204204,1,2025,13,11727
Argentina,Ciudad Autonoma de Buenos Aires,Comuna 6,204205,1,2025,9,10329
Argentina,Ciudad Autonoma de Buenos Aires,Comuna 6,204206,1,2025,10,10367
Argentina,Ciudad Autonoma de Buenos Aires,Comuna 6,204207,1,2025,15,12185
Argentina,Ciudad Autonoma de Buenos Aires,Comuna 6,204208,1,2025,7,9497
Argentina,Ciudad Autonoma de Buenos Aires,Comuna 6,204209,1,2025,10,7356
Argentina,Ciudad Autonoma de Buenos Aires,Comuna 6,204210,1,2025,8,8697
Argentina,Ciudad Autonoma de Buenos Aires,Comuna 6,204211,1,2025,13,9646
Argentina,Ciudad Autonoma de Buenos Aires,Comuna 6,204212,1,2025,12,7926
Argentina,Ciudad Autonoma de Buenos Aires,Comuna 6,204213,1,2025,10,10037
Argentina,Ciudad Autonoma de Buenos Aires,Comuna 6,204214,1,2025,14,9669
Argentina,Ciudad Autonoma de Buenos Aires,Comuna 6,204215,1,2025,13,9168
Argentina,Ciudad Autonoma de Buenos Aires,Comuna 6,204216,1,2025,11,12982
Argentina,Ciudad Autonoma de Buenos Aires,Comuna 6,204217,1,2025,7,7259
Argentina,Ciudad Autonoma de Buenos Aires,Comuna 6,204218,1,2025,9,8066
Argentina,Ciudad Autonoma de Buenos Aires,Comuna 6,204219,1,2025,12,7952
Argentina,Ciudad Autonoma de Buenos Aires,Comuna 6,204220,1,2025,9,8895
Argentina,Ciudad Autonoma de Buenos Aires,Comuna 6,204221,1,2025,12,10409
Argentina,Ciudad Autonoma de Buenos Aires,Comuna 7,204901,1,2025,10,6665
Argentina,Ciudad Autonoma de Buenos Aires,Comuna 7,204902,1,2025,10,8593
Argentina,Ciudad Autonoma de Buenos Aires,Comuna 7,204903,1,2025,4,10871
Argentina,Ciudad Autonoma de Buenos Aires,Comuna 7,204904,1,2025,15,9795
Argentina,Ciudad Autonoma de Buenos Aires,Comuna 7,204905,1,2025,13,8999
Argentina,Ciudad Autonoma de Buenos Aires,Comuna 7,204906,1,2025,10,7524
Argentina,Ciudad Autonoma de Buenos Aires,Comuna 7,204907,1,2025,11,9257
Argentina,Ciudad Autonoma de Buenos Aires,Comuna 7,204908,1,2025,6,7685
Argentina,Ciudad Autonoma de Buenos Aires,Comuna 7,204909,1,2025,8,9705
Argentina,Ciudad Autonoma de Buenos Aires,Comuna 7,204910,1,2025,10,8735
Argentina,Ciudad Autonoma de Buenos Aires,Comuna 7,204911,1,2025,7,10501
Argentina,Ciudad Autonoma de Buenos Aires,Comuna 7,204912,1,2025,4,7467
Argentina,Ciudad Autonoma de Buenos Aires,Comuna 7,204913,1,2025,8,11414
Argentina,Ciudad Autonoma de Buenos Aires,Comuna 7,204914,1,2025,15,11132
Argentina,Ciudad Autonoma de Buenos Aires,Comuna 7,204915,1,2025,17,9647
Argentina,Ciudad Autonoma de Buenos Aires,Comuna 7,204916,1,2025,9,8094
Argentina,Ciudad Autonoma de Buenos Aires,Comuna 7,204917,1,2025,2,2971
Argentina,Ciudad Autonoma de Buenos Aires,Comuna 7,204918,1,2025,3,3398
Argentina,Ciudad Autonoma de Buenos Aires,Comuna 7,204919,1,2025,8,6454
Argentina,Ciudad Autonoma de Buenos Aires,Comuna 7,204920,1,2025,10,12736
Argentina,Ciudad Autonoma de Buenos Aires,Comuna 7,204921,1,2025,16,11351
Argentina,Ciudad Autonoma de Buenos Aires,Comuna 7,204922,1,2025,10,11303
Argentina,Ciudad Autonoma de Buenos Aires,Comuna 7,204923,1,2025,4,7839
Argentina,Ciudad Autonoma de Buenos Aires,Comuna 7,204924,1,2025,9,11126
Argentina,Ciudad Autonoma de Buenos Aires,Comuna 10,207001,2,2025,4,6651
Argentina,Ciudad Autonoma de Buenos Aires,Comuna 10,207002,2,2025,9,7094
Argentina,Ciudad Autonoma de Buenos Aires,Comuna 10,207003,2,2025,13,6682
Argentina,Ciudad Autonoma de Buenos Aires,Comuna 10,207004,2,2025,9,9342
Argentina,Ciudad Autonoma de Buenos Aires,Comuna 10,207005,2,2025,13,11787
Argentina,Ciudad Autonoma de Buenos Aires,Comuna 10,207006,2,2025,18,12408
Argentina,Ciudad Autonoma de Buenos Aires,Comuna 10,207007,2,2025,10,11630
Argentina,Ciudad Autonoma de Buenos Aires,Comuna 10,207008,2,2025,8,9038
Argentina,Ciudad Autonoma de Buenos Aires,Comuna 10,207009,2,2025,8,8752
Argentina,Ciudad Autonoma de Buenos Aires,Comuna 10,207010,2,2025,9,10398
Argentina,Ciudad Autonoma de Buenos Aires,Comuna 10,207011,2,2025,5,8554
Argentina,Ciudad Autonoma de Buenos Aires,Comuna 10,207012,2,2025,10,6677
Argentina,Ciudad Autonoma de Buenos Aires,Comuna 10,207013,2,2025,5,8285
Argentina,Ciudad Autonoma de Buenos Aires,Comuna 10,207014,2,2025,5,9092
Argentina,Ciudad Autonoma de Buenos Aires,Comuna 10,207015,2,2025,6,7248
Argentina,Ciudad Autonoma de Buenos Aires,Comuna 10,207016,2,2025,8,8724
Argentina,Ciudad Autonoma de Buenos Aires,Comuna 10,207017,2,2025,5,9635
Argentina,Ciudad Autonoma de Buenos Aires,Comuna 10,207018,2,2025,7,8682
Argentina,Ciudad Autonoma de Buenos Aires,Comuna 10,207019,2,2025,10,11217
Argentina,Ciudad Autonoma de Buenos Aires,Comuna 11,207701,2,2025,13,11069
Argentina,Ciudad Autonoma de Buenos Aires,Comuna 11,207702,2,2025,10,10205
Argentina,Ciudad Autonoma de Buenos Aires,Comuna 11,207703,2,2025,5,9103
Argentina,Ciudad Autonoma de Buenos Aires,Comuna 11,207704,2,2025,11,10387
Argentina,Ciudad Autonoma de Buenos Aires,Comuna 11,207705,2,2025,6,7955
Argentina,Ciudad Autonoma de Buenos Aires,Comuna 11,207706,2,2025,21,11455
Argentina,Ciudad Autonoma de Buenos Aires,Comuna 11,207707,2,2025,11,11428
Argentina,Ciudad Autonoma de Buenos Aires,Comuna 11,207708,2,2025,8,8072
Argentina,Ciudad Autonoma de Buenos Aires,Comuna 11,207709,2,2025,8,9257
Argentina,Ciudad Autonoma de Buenos Aires,Comuna 11,207710,2,2025,7,11259
Argentina,Ciudad Autonoma de Buenos Aires,Comuna 11,207711,2,2025,7,8065
Argentina,Ciudad Autonoma de Buenos Aires,Comuna 11,207712,2,2025,8,8059
Argentina,Ciudad Autonoma de Buenos Aires,Comuna 11,207713,2,2025,10,9254
Argentina,Ciudad Autonoma de Buenos Aires,Comuna 11,207714,2,2025,4,7270
Argentina,Ciudad Autonoma de Buenos Aires,Comuna 11,207715,2,2025,9,10022
Argentina,Ciudad Autonoma de Buenos Aires,Comuna 11,207716,2,2025,10,9462
Argentina,Ciudad Autonoma de Buenos Aires,Comuna 11,207717,2,2025,6,6323
Argentina,Ciudad Autonoma de Buenos Aires,Comuna 11,207718,2,2025,11,9010
Argentina,Ciudad Autonoma de Buenos Aires,Comuna 11,207719,2,2025,8,7194
Argentina,Ciudad Autonoma de Buenos Aires,Comuna 11,207720,2,2025,9,9079
Argentina,Ciudad Autonoma de Buenos Aires,Comuna 11,207721,2,2025,9,9075
Argentina,Ciudad Autonoma de Buenos Aires,Comuna 11,207722,2,2025,6,8902
Argentina,Ciudad Autonoma de Buenos Aires,Comuna 12,208401,2,2025,7,9341
Argentina,Ciudad Autonoma de Buenos Aires,Comuna 12,208402,2,2025,6,8793
Argentina,Ciudad Autonoma de Buenos Aires,Comuna 12,208403,2,2025,10,9271
Argentina,Ciudad Autonoma de Buenos Aires,Comuna 12,208404,2,2025,10,8702
Argentina,Ciudad Autonoma de Buenos Aires,Comuna 12,208405,2,2025,18,8415
Argentina,Ciudad Autonoma de Buenos Aires,Comuna 12,208406,2,2025,13,9143
Argentina,Ciudad Autonoma de Buenos Aires,Comuna 12,208407,2,2025,9,10293
Argentina,Ciudad Autonoma de Buenos Aires,Comuna 12,208408,2,2025,8,10510
Argentina,Ciudad Autonoma de Buenos Aires,Comuna 12,208409,2,2025,4,8365
Argentina,Ciudad Autonoma de Buenos Aires,Comuna 12,208410,2,2025,17,11926
Argentina,Ciudad Autonoma de Buenos Aires,Comuna 12,208411,2,2025,8,10276
Argentina,Ciudad Autonoma de Buenos Aires,Comuna 12,208412,2,2025,5,8291
Argentina,Ciudad Autonoma de Buenos Aires,Comuna 12,208413,2,2025,10,9891
Argentina,Ciudad Autonoma de Buenos Aires,Comuna 12,208414,2,2025,10,12202
Argentina,Ciudad Autonoma de Buenos Aires,Comuna 12,208415,2,2025,12,13785
Argentina,Ciudad Autonoma de Buenos Aires,Comuna 12,208416,2,2025,15,16395
Argentina,Ciudad Autonoma de Buenos Aires,Comuna 12,208417,2,2025,7,9935
Argentina,Ciudad Autonoma de Buenos Aires,Comuna 12,208418,2,2025,23,13227
Argentina,Ciudad Autonoma de Buenos Aires,Comuna 12,208419,2,2025,15,12268
Argentina,Ciudad Autonoma de Buenos Aires,Comuna 12,208420,2,2025,11,9926
Argentina,Ciudad Autonoma de Buenos Aires,Comuna 12,208421,2,2025,9,11426
Argentina,Ciudad Autonoma de Buenos Aires,Comuna 12,208422,2,2025,8,12983
Argentina,Ciudad Autonoma de Buenos Aires,Comuna 13,209101,2,2025,12,11656
Argentina,Ciudad Autonoma de Buenos Aires,Comuna 13,209102,2,2025,9,10984
Argentina,Ciudad Autonoma de Buenos Aires,Comuna 13,209103,2,2025,9,10868
Argentina,Ciudad Autonoma de Buenos Aires,Comuna 13,209104,2,2025,14,13113
Argentina,Ciudad Autonoma de Buenos Aires,Comuna 13,209105,2,2025,12,10421
Argentina,Ciudad Autonoma de Buenos Aires,Comuna 13,209106,2,2025,11,7917
Argentina,Ciudad Autonoma de Buenos Aires,Comuna 13,209107,2,2025,12,8294
Argentina,Ciudad Autonoma de Buenos Aires,Comuna 13,209108,2,2025,9,9153
Argentina,Ciudad Autonoma de Buenos Aires,Comuna 13,209109,2,2025,6,8207
Argentina,Ciudad Autonoma de Buenos Aires,Comuna 13,209110,2,2025,12,10807
Argentina,Ciudad Autonoma de Buenos Aires,Comuna 13,209111,2,2025,5,4808
Argentina,Ciudad Autonoma de Buenos Aires,Comuna 13,209112,2,2025,7,8591
Argentina,Ciudad Autonoma de Buenos Aires,Comuna 13,209113,2,2025,13,10772
Argentina,Ciudad Autonoma de Buenos Aires,Comuna 13,209114,2,2025,9,7311
Argentina,Ciudad Autonoma de Buenos Aires,Comuna 13,209115,2,2025,10,9651
Argentina,Ciudad Autonoma de Buenos Aires,Comuna 13,209116,2,2025,13,10427
Argentina,Ciudad Autonoma de Buenos Aires,Comuna 13,209117,2,2025,10,11221
Argentina,Ciudad Autonoma de Buenos Aires,Comuna 13,209118,2,2025,12,8113
Argentina,Ciudad Autonoma de Buenos Aires,Comuna 13,209119,2,2025,9,8504
Argentina,Ciudad Autonoma de Buenos Aires,Comuna 13,209120,2,2025,12,9333
Argentina,Ciudad Autonoma de Buenos Aires,Comuna 13,209121,2,2025,10,8521
Argentina,Ciudad Autonoma de Buenos Aires,Comuna 13,209122,2,2025,12,8416
Argentina,Ciudad Autonoma de Buenos Aires,Comuna 13,209123,2,2025,11,9675
Argentina,Ciudad Autonoma de Buenos Aires,Comuna 13,209124,2,2025,6,7611
Argentina,Ciudad Autonoma de Buenos Aires,Comuna 13,209125,2,2025,8,6503
Argentina,Ciudad Autonoma de Buenos Aires,Comuna 13,209126,2,2025,7,8070
Argentina,Ciudad Autonoma de Buenos Aires,Comuna 13,209127,2,2025,9,7860
Argentina,Ciudad Autonoma de Buenos Aires,Comuna 13,209128,2,2025,7,7714
Argentina,Ciudad Autonoma de Buenos Aires,Comuna 13,209129,2,2025,7,7809
Argentina,Ciudad Autonoma de Buenos Aires,Comuna 14,209801,2,2025,4,8008
Argentina,Ciudad Autonoma de Buenos Aires,Comuna 14,209802,2,2025,9,8651
Argentina,Ciudad Autonoma de Buenos Aires,Comuna 14,209803,2,2025,10,9921
Argentina,Ciudad Autonoma de Buenos Aires,Comuna 14,209804,2,2025,9,9128
Argentina,Ciudad Autonoma de Buenos Aires,Comuna 14,209805,2,2025,9,7958
Argentina,Ciudad Autonoma de Buenos Aires,Comuna 14,209806,2,2025,15,9397
Argentina,Ciudad Autonoma de Buenos Aires,Comuna 14,209807,2,2025,8,9307
Argentina,Ciudad Autonoma de Buenos Aires,Comuna 14,209808,2,2025,4,8700
Argentina,Ciudad Autonoma de Buenos Aires,Comuna 14,209809,2,2025,14,12492
Argentina,Ciudad Autonoma de Buenos Aires,Comuna 14,209810,2,2025,0,190
Argentina,Ciudad Autonoma de Buenos Aires,Comuna 14,209811,2,2025,12,12051
Argentina,Ciudad Autonoma de Buenos Aires,Comuna 14,209812,2,2025,5,7962
Argentina,Ciudad Autonoma de Buenos Aires,Comuna 14,209813,2,2025,4,7376
Argentina,Ciudad Autonoma de Buenos Aires,Comuna 14,209814,2,2025,8,7484
Argentina,Ciudad Autonoma de Buenos Aires,Comuna 14,209815,2,2025,7,8094
Argentina,Ciudad Autonoma de Buenos Aires,Comuna 14,209816,2,2025,9,6773
Argentina,Ciudad Autonoma de Buenos Aires,Comuna 14,209817,2,2025,5,7231
Argentina,Ciudad Autonoma de Buenos Aires,Comuna 14,209818,2,2025,6,6981
Argentina,Ciudad Autonoma de Buenos Aires,Comuna 14,209819,2,2025,9,5589
Argentina,Ciudad Autonoma de Buenos Aires,Comuna 14,209820,2,2025,4,6758
Argentina,Ciudad Autonoma de Buenos Aires,Comuna 14,209821,2,2025,8,7312
Argentina,Ciudad Autonoma de Buenos Aires,Comuna 14,209822,2,2025,9,8363
Argentina,Ciudad Autonoma de Buenos Aires,Comuna 14,209823,2,2025,10,11012
Argentina,Ciudad Autonoma de Buenos Aires,Comuna 14,209824,2,2025,9,6199
Argentina,Ciudad Autonoma de Buenos Aires,Comuna 14,209825,2,2025,9,7637
Argentina,Ciudad Autonoma de Buenos Aires,Comuna 14,209826,2,2025,7,6558
Argentina,Ciudad Autonoma de Buenos Aires,Comuna 14,209827,2,2025,5,6199
Argentina,Ciudad Autonoma de Buenos Aires,Comuna 14,209828,2,2025,11,9243
Argentina,Ciudad Autonoma de Buenos Aires,Comuna 14,209829,2,2025,10,8453
Argentina,Ciudad Autonoma de Buenos Aires,Comuna 14,209830,2,2025,8,8109
Argentina,Ciudad Autonoma de Buenos Aires,Comuna 14,209831,2,2025,10,8116
Argentina,Ciudad Autonoma de Buenos Aires,Comuna 15,210501,2,2025,8,9594
Argentina,Ciudad Autonoma de Buenos Aires,Comuna 15,210502,2,2025,6,6548
Argentina,Ciudad Autonoma de Buenos Aires,Comuna 15,210503,2,2025,7,10235
Argentina,Ciudad Autonoma de Buenos Aires,Comuna 15,210504,2,2025,15,12235
Argentina,Ciudad Autonoma de Buenos Aires,Comuna 15,210505,2,2025,9,12207
Argentina,Ciudad Autonoma de Buenos Aires,Comuna 15,210506,2,2025,2,4156
Argentina,Ciudad Autonoma de Buenos Aires,Comuna 15,210507,2,2025,10,12285
Argentina,Ciudad Autonoma de Buenos Aires,Comuna 15,210508,2,2025,5,8807
Argentina,Ciudad Autonoma de Buenos Aires,Comuna 15,210509,2,2025,17,8645
Argentina,Ciudad Autonoma de Buenos Aires,Comuna 15,210510,2,2025,3,10813
Argentina,Ciudad Autonoma de Buenos Aires,Comuna 15,210511,2,2025,14,11863
Argentina,Ciudad Autonoma de Buenos Aires,Comuna 15,210512,2,2025,3,7208
Argentina,Ciudad Autonoma de Buenos Aires,Comuna 15,210513,2,2025,7,7242
Argentina,Ciudad Autonoma de Buenos Aires,Comuna 15,210514,2,2025,11,9564
Argentina,Ciudad Autonoma de Buenos Aires,Comuna 15,210515,2,2025,9,9091
Argentina,Ciudad Autonoma de Buenos Aires,Comuna 15,210516,2,2025,12,8911
Argentina,Ciudad Autonoma de Buenos Aires,Comuna 15,210517,2,2025,7,8753
Argentina,Ciudad Autonoma de Buenos Aires,Comuna 15,210518,2,2025,4,8161
Argentina,Ciudad Autonoma de Buenos Aires,Comuna 15,210519,2,2025,8,8739
Argentina,Ciudad Autonoma de Buenos Aires,Comuna 15,210520,2,2025,8,8787
Argentina,Ciudad Autonoma de Buenos Aires,Comuna 15,210521,2,2025,11,11421
Argentina,Ciudad Autonoma de Buenos Aires,Comuna 2,201401,2,2025,2,554
Argentina,Ciudad Autonoma de Buenos Aires,Comuna 2,201402,2,2025,6,5022
Argentina,Ciudad Autonoma de Buenos Aires,Comuna 2,201403,2,2025,10,5681
Argentina,Ciudad Autonoma de Buenos Aires,Comuna 2,201404,2,2025,10,6670
Argentina,Ciudad Autonoma de Buenos Aires,Comuna 2,201405,2,2025,9,6654
Argentina,Ciudad Autonoma de Buenos Aires,Comuna 2,201406,2,2025,5,6504
Argentina,Ciudad Autonoma de Buenos Aires,Comuna 2,201407,2,2025,4,7631
Argentina,Ciudad Autonoma de Buenos Aires,Comuna 2,201408,2,2025,17,9285
Argentina,Ciudad Autonoma de Buenos Aires,Comuna 2,201409,2,2025,12,8985
Argentina,Ciudad Autonoma de Buenos Aires,Comuna 2,201410,2,2025,8,7067
Argentina,Ciudad Autonoma de Buenos Aires,Comuna 2,201411,2,2025,7,5593
Argentina,Ciudad Autonoma de Buenos Aires,Comuna 2,201412,2,2025,0,5734
Argentina,Ciudad Autonoma de Buenos Aires,Comuna 2,201413,2,2025,10,7043
Argentina,Ciudad Autonoma de Buenos Aires,Comuna 2,201414,2,2025,4,8370
Argentina,Ciudad Autonoma de Buenos Aires,Comuna 2,201415,2,2025,5,6053
Argentina,Ciudad Autonoma de Buenos Aires,Comuna 2,201416,2,2025,5,5917
Argentina,Ciudad Autonoma de Buenos Aires,Comuna 2,201417,2,2025,4,7963
Argentina,Ciudad Autonoma de Buenos Aires,Comuna 2,201418,2,2025,8,6383
Argentina,Ciudad Autonoma de Buenos Aires,Comuna 2,201419,2,2025,6,6436
Argentina,Ciudad Autonoma de Buenos Aires,Comuna 2,201420,2,2025,13,7134
Argentina,Ciudad Autonoma de Buenos Aires,Comuna 2,201421,2,2025,6,5726
Argentina,Ciudad Autonoma de Buenos Aires,Comuna 2,201422,2,2025,5,5002
Argentina,Ciudad Autonoma de Buenos Aires,Comuna 2,201423,2,2025,0,5517
Argentina,Ciudad Autonoma de Buenos Aires,Comuna 2,201424,2,2025,6,5483
Argentina,Ciudad Autonoma de Buenos Aires,Comuna 2,201425,2,2025,11,8202
Argentina,Ciudad Autonoma de Buenos Aires,Comuna 5,203501,2,2025,10,9107
Argentina,Ciudad Autonoma de Buenos Aires,Comuna 5,203502,2,2025,13,8659
Argentina,Ciudad Autonoma de Buenos Aires,Comuna 5,203503,2,2025,15,9246
Argentina,Ciudad Autonoma de Buenos Aires,Comuna 5,203504,2,2025,9,8180
Argentina,Ciudad Autonoma de Buenos Aires,Comuna 5,203505,2,2025,4,6557
Argentina,Ciudad Autonoma de Buenos Aires,Comuna 5,203506,2,2025,8,7989
Argentina,Ciudad Autonoma de Buenos Aires,Comuna 5,203507,2,2025,8,7616
Argentina,Ciudad Autonoma de Buenos Aires,Comuna 5,203508,2,2025,10,8744
Argentina,Ciudad Autonoma de Buenos Aires,Comuna 5,203509,2,2025,5,7892
Argentina,Ciudad Autonoma de Buenos Aires,Comuna 5,203510,2,2025,8,8718
Argentina,Ciudad Autonoma de Buenos Aires,Comuna 5,203511,2,2025,6,9263
Argentina,Ciudad Autonoma de Buenos Aires,Comuna 5,203512,2,2025,3,7201
Argentina,Ciudad Autonoma de Buenos Aires,Comuna 5,203513,2,2025,8,7410
Argentina,Ciudad Autonoma de Buenos Aires,Comuna 5,203514,2,2025,7,8821
Argentina,Ciudad Autonoma de Buenos Aires,Comuna 5,203515,2,2025,7,7651
Argentina,Ciudad Autonoma de Buenos Aires,Comuna 5,203516,2,2025,13,10461
Argentina,Ciudad Autonoma de Buenos Aires,Comuna 5,203517,2,2025,9,9254
Argentina,Ciudad Autonoma de Buenos Aires,Comuna 5,203518,2,2025,7,9162
Argentina,Ciudad Autonoma de Buenos Aires,Comuna 5,203519,2,2025,7,9340
Argentina,Ciudad Autonoma de Buenos Aires,Comuna 5,203520,2,2025,15,11091
Argentina,Ciudad Autonoma de Buenos Aires,Comuna 5,203521,2,2025,15,8855
Argentina,Ciudad Autonoma de Buenos Aires,Comuna 5,203522,2,2025,11,11232
Argentina,Ciudad Autonoma de Buenos Aires,Comuna 6,204201,2,2025,5,9911
Argentina,Ciudad Autonoma de Buenos Aires,Comuna 6,204202,2,2025,11,10787
Argentina,Ciudad Autonoma de Buenos Aires,Comuna 6,204203,2,2025,6,8899
Argentina,Ciudad Autonoma de Buenos Aires,Comuna 6,204204,2,2025,15,11727
Argentina,Ciudad Autonoma de Buenos Aires,Comuna 6,204205,2,2025,9,10329
Argentina,Ciudad Autonoma de Buenos Aires,Comuna 6,204206,2,2025,16,10367
Argentina,Ciudad Autonoma de Buenos Aires,Comuna 6,204207,2,2025,13,12185
Argentina,Ciudad Autonoma de Buenos Aires,Comuna 6,204208,2,2025,7,9497
Argentina,Ciudad Autonoma de Buenos Aires,Comuna 6,204209,2,2025,2,7356
Argentina,Ciudad Autonoma de Buenos Aires,Comuna 6,204210,2,2025,13,8697
Argentina,Ciudad Autonoma de Buenos Aires,Comuna 6,204211,2,2025,10,9646
Argentina,Ciudad Autonoma de Buenos Aires,Comuna 6,204212,2,2025,6,7926
Argentina,Ciudad Autonoma de Buenos Aires,Comuna 6,204213,2,2025,17,10037
Argentina,Ciudad Autonoma de Buenos Aires,Comuna 6,204214,2,2025,11,9669
Argentina,Ciudad Autonoma de Buenos Aires,Comuna 6,204215,2,2025,6,9168
Argentina,Ciudad Autonoma de Buenos Aires,Comuna 6,204216,2,2025,8,12982
Argentina,Ciudad Autonoma de Buenos Aires,Comuna 6,204217,2,2025,7,7259
Argentina,Ciudad Autonoma de Buenos Aires,Comuna 6,204218,2,2025,11,8066
Argentina,Ciudad Autonoma de Buenos Aires,Comuna 6,204219,2,2025,9,7952
Argentina,Ciudad Autonoma de Buenos Aires,Comuna 6,204220,2,2025,10,8895
Argentina,Ciudad Autonoma de Buenos Aires,Comuna 6,204221,2,2025,8,10409
Argentina,Ciudad Autonoma de Buenos Aires,Comuna 7,204901,2,2025,4,6665
Argentina,Ciudad Autonoma de Buenos Aires,Comuna 7,204902,2,2025,8,8593
Argentina,Ciudad Autonoma de Buenos Aires,Comuna 7,204903,2,2025,9,10871
Argentina,Ciudad Autonoma de Buenos Aires,Comuna 7,204904,2,2025,11,9795
Argentina,Ciudad Autonoma de Buenos Aires,Comuna 7,204905,2,2025,9,8999
Argentina,Ciudad Autonoma de Buenos Aires,Comuna 7,204906,2,2025,11,7524
Argentina,Ciudad Autonoma de Buenos Aires,Comuna 7,204907,2,2025,10,9257
Argentina,Ciudad Autonoma de Buenos Aires,Comuna 7,204908,2,2025,10,7685
Argentina,Ciudad Autonoma de Buenos Aires,Comuna 7,204909,2,2025,8,9705
Argentina,Ciudad Autonoma de Buenos Aires,Comuna 7,204910,2,2025,10,8735
Argentina,Ciudad Autonoma de Buenos Aires,Comuna 7,204911,2,2025,11,10501
Argentina,Ciudad Autonoma de Buenos Aires,Comuna 7,204912,2,2025,6,7467
Argentina,Ciudad Autonoma de Buenos Aires,Comuna 7,204913,2,2025,8,11414
Argentina,Ciudad Autonoma de Buenos Aires,Comuna 7,204914,2,2025,12,11132
Argentina,Ciudad Autonoma de Buenos Aires,Comuna 7,204915,2,2025,12,9647
Argentina,Ciudad Autonoma de Buenos Aires,Comuna 7,204916,2,2025,7,8094
Argentina,Ciudad Autonoma de Buenos Aires,Comuna 7,204917,2,2025,2,2971
Argentina,Ciudad Autonoma de Buenos Aires,Comuna 7,204918,2,2025,3,3398
Argentina,Ciudad Autonoma de Buenos Aires,Comuna 7,204919,2,2025,4,6454
Argentina,Ciudad Autonoma de Buenos Aires,Comuna 7,204920,2,2025,9,12736
Argentina,Ciudad Autonoma de Buenos Aires,Comuna 7,204921,2,2025,11,11351
Argentina,Ciudad Autonoma de Buenos Aires,Comuna 7,204922,2,2025,10,11303
Argentina,Ciudad Autonoma de Buenos Aires,Comuna 7,204923,2,2025,7,7839
Argentina,Ciudad Autonoma de Buenos Aires,Comuna 7,204924,2,2025,13,11126
Argentina,Ciudad Autonoma de Buenos Aires,Comuna 10,207001,3,2025,7,6651
Argentina,Ciudad Autonoma de Buenos Aires,Comuna 10,207002,3,2025,6,7094
Argentina,Ciudad Autonoma de Buenos Aires,Comuna 10,207003,3,2025,7,6682
Argentina,Ciudad Autonoma de Buenos Aires,Comuna 10,207004,3,2025,7,9342
Argentina,Ciudad Autonoma de Buenos Aires,Comuna 10,207005,3,2025,13,11787
Argentina,Ciudad Autonoma de Buenos Aires,Comuna 10,207006,3,2025,19,12408
Argentina,Ciudad Autonoma de Buenos Aires,Comuna 10,207007,3,2025,14,11630
Argentina,Ciudad Autonoma de Buenos Aires,Comuna 10,207008,3,2025,7,9038
Argentina,Ciudad Autonoma de Buenos Aires,Comuna 10,207009,3,2025,6,8752
Argentina,Ciudad Autonoma de Buenos Aires,Comuna 10,207010,3,2025,15,10398
Argentina,Ciudad Autonoma de Buenos Aires,Comuna 10,207011,3,2025,8,8554
Argentina,Ciudad Autonoma de Buenos Aires,Comuna 10,207012,3,2025,6,6677
Argentina,Ciudad Autonoma de Buenos Aires,Comuna 10,207013,3,2025,14,8285
Argentina,Ciudad Autonoma de Buenos Aires,Comuna 10,207014,3,2025,8,9092
Argentina,Ciudad Autonoma de Buenos Aires,Comuna 10,207015,3,2025,17,7248
Argentina,Ciudad Autonoma de Buenos Aires,Comuna 10,207016,3,2025,9,8724
Argentina,Ciudad Autonoma de Buenos Aires,Comuna 10,207017,3,2025,5,9635
Argentina,Ciudad Autonoma de Buenos Aires,Comuna 10,207018,3,2025,4,8682
Argentina,Ciudad Autonoma de Buenos Aires,Comuna 10,207019,3,2025,12,11217
Argentina,Ciudad Autonoma de Buenos Aires,Comuna 11,207701,3,2025,7,11069
Argentina,Ciudad Autonoma de Buenos Aires,Comuna 11,207702,3,2025,8,10205
Argentina,Ciudad Autonoma de Buenos Aires,Comuna 11,207703,3,2025,7,9103
Argentina,Ciudad Autonoma de Buenos Aires,Comuna 11,207704,3,2025,10,10387
Argentina,Ciudad Autonoma de Buenos Aires,Comuna 11,207705,3,2025,9,7955
Argentina,Ciudad Autonoma de Buenos Aires,Comuna 11,207706,3,2025,19,11455
Argentina,Ciudad Autonoma de Buenos Aires,Comuna 11,207707,3,2025,6,11428
Argentina,Ciudad Autonoma de Buenos Aires,Comuna 11,207708,3,2025,7,8072
Argentina,Ciudad Autonoma de Buenos Aires,Comuna 11,207709,3,2025,15,9257
Argentina,Ciudad Autonoma de Buenos Aires,Comuna 11,207710,3,2025,11,11259
Argentina,Ciudad Autonoma de Buenos Aires,Comuna 11,207711,3,2025,12,8065
Argentina,Ciudad Autonoma de Buenos Aires,Comuna 11,207712,3,2025,8,8059
Argentina,Ciudad Autonoma de Buenos Aires,Comuna 11,207713,3,2025,13,9254
Argentina,Ciudad Autonoma de Buenos Aires,Comuna 11,207714,3,2025,10,7270
Argentina,Ciudad Autonoma de Buenos Aires,Comuna 11,207715,3,2025,7,10022
Argentina,Ciudad Autonoma de Buenos Aires,Comuna 11,207716,3,2025,6,9462
Argentina,Ciudad Autonoma de Buenos Aires,Comuna 11,207717,3,2025,5,6323
Argentina,Ciudad Autonoma de Buenos Aires,Comuna 11,207718,3,2025,14,9010
Argentina,Ciudad Autonoma de Buenos Aires,Comuna 11,207719,3,2025,5,7194
Argentina,Ciudad Autonoma de Buenos Aires,Comuna 11,207720,3,2025,9,9079
Argentina,Ciudad Autonoma de Buenos Aires,Comuna 11,207721,3,2025,8,9075
Argentina,Ciudad Autonoma de Buenos Aires,Comuna 11,207722,3,2025,5,8902
Argentina,Ciudad Autonoma de Buenos Aires,Comuna 12,208401,3,2025,8,9341
Argentina,Ciudad Autonoma de Buenos Aires,Comuna 12,208402,3,2025,11,8793
Argentina,Ciudad Autonoma de Buenos Aires,Comuna 12,208403,3,2025,9,9271
Argentina,Ciudad Autonoma de Buenos Aires,Comuna 12,208404,3,2025,13,8702
Argentina,Ciudad Autonoma de Buenos Aires,Comuna 12,208405,3,2025,12,8415
Argentina,Ciudad Autonoma de Buenos Aires,Comuna 12,208406,3,2025,12,9143
Argentina,Ciudad Autonoma de Buenos Aires,Comuna 12,208407,3,2025,9,10293
Argentina,Ciudad Autonoma de Buenos Aires,Comuna 12,208408,3,2025,8,10510
Argentina,Ciudad Autonoma de Buenos Aires,Comuna 12,208409,3,2025,5,8365
Argentina,Ciudad Autonoma de Buenos Aires,Comuna 12,208410,3,2025,12,11926
Argentina,Ciudad Autonoma de Buenos Aires,Comuna 12,208411,3,2025,12,10276
Argentina,Ciudad Autonoma de Buenos Aires,Comuna 12,208412,3,2025,9,8291
Argentina,Ciudad Autonoma de Buenos Aires,Comuna 12,208413,3,2025,7,9891
Argentina,Ciudad Autonoma de Buenos Aires,Comuna 12,208414,3,2025,6,12202
Argentina,Ciudad Autonoma de Buenos Aires,Comuna 12,208415,3,2025,15,13785
Argentina,Ciudad Autonoma de Buenos Aires,Comuna 12,208416,3,2025,15,16395
Argentina,Ciudad Autonoma de Buenos Aires,Comuna 12,208417,3,2025,8,9935
Argentina,Ciudad Autonoma de Buenos Aires,Comuna 12,208418,3,2025,18,13227
Argentina,Ciudad Autonoma de Buenos Aires,Comuna 12,208419,3,2025,10,12268
Argentina,Ciudad Autonoma de Buenos Aires,Comuna 12,208420,3,2025,15,9926
Argentina,Ciudad Autonoma de Buenos Aires,Comuna 12,208421,3,2025,11,11426
Argentina,Ciudad Autonoma de Buenos Aires,Comuna 12,208422,3,2025,11,12983
Argentina,Ciudad Autonoma de Buenos Aires,Comuna 13,209101,3,2025,10,11656
Argentina,Ciudad Autonoma de Buenos Aires,Comuna 13,209102,3,2025,5,10984
Argentina,Ciudad Autonoma de Buenos Aires,Comuna 13,209103,3,2025,10,10868
Argentina,Ciudad Autonoma de Buenos Aires,Comuna 13,209104,3,2025,12,13113
Argentina,Ciudad Autonoma de Buenos Aires,Comuna 13,209105,3,2025,11,10421
Argentina,Ciudad Autonoma de Buenos Aires,Comuna 13,209106,3,2025,7,7917
Argentina,Ciudad Autonoma de Buenos Aires,Comuna 13,209107,3,2025,7,8294
Argentina,Ciudad Autonoma de Buenos Aires,Comuna 13,209108,3,2025,3,9153
Argentina,Ciudad Autonoma de Buenos Aires,Comuna 13,209109,3,2025,4,8207
Argentina,Ciudad Autonoma de Buenos Aires,Comuna 13,209110,3,2025,10,10807
Argentina,Ciudad Autonoma de Buenos Aires,Comuna 13,209111,3,2025,10,4808
Argentina,Ciudad Autonoma de Buenos Aires,Comuna 13,209112,3,2025,12,8591
Argentina,Ciudad Autonoma de Buenos Aires,Comuna 13,209113,3,2025,5,10772
Argentina,Ciudad Autonoma de Buenos Aires,Comuna 13,209114,3,2025,12,7311
Argentina,Ciudad Autonoma de Buenos Aires,Comuna 13,209115,3,2025,10,9651
Argentina,Ciudad Autonoma de Buenos Aires,Comuna 13,209116,3,2025,8,10427
Argentina,Ciudad Autonoma de Buenos Aires,Comuna 13,209117,3,2025,10,11221
Argentina,Ciudad Autonoma de Buenos Aires,Comuna 13,209118,3,2025,5,8113
Argentina,Ciudad Autonoma de Buenos Aires,Comuna 13,209119,3,2025,10,8504
Argentina,Ciudad Autonoma de Buenos Aires,Comuna 13,209120,3,2025,7,9333
Argentina,Ciudad Autonoma de Buenos Aires,Comuna 13,209121,3,2025,9,8521
Argentina,Ciudad Autonoma de Buenos Aires,Comuna 13,209122,3,2025,10,8416
Argentina,Ciudad Autonoma de Buenos Aires,Comuna 13,209123,3,2025,10,9675
Argentina,Ciudad Autonoma de Buenos Aires,Comuna 13,209124,3,2025,15,7611
Argentina,Ciudad Autonoma de Buenos Aires,Comuna 13,209125,3,2025,6,6503
Argentina,Ciudad Autonoma de Buenos Aires,Comuna 13,209126,3,2025,6,8070
Argentina,Ciudad Autonoma de Buenos Aires,Comuna 13,209127,3,2025,8,7860
Argentina,Ciudad Autonoma de Buenos Aires,Comuna 13,209128,3,2025,13,7714
Argentina,Ciudad Autonoma de Buenos Aires,Comuna 13,209129,3,2025,11,7809
Argentina,Ciudad Autonoma de Buenos Aires,Comuna 14,209801,3,2025,7,8008
Argentina,Ciudad Autonoma de Buenos Aires,Comuna 14,209802,3,2025,12,8651
Argentina,Ciudad Autonoma de Buenos Aires,Comuna 14,209803,3,2025,10,9921
Argentina,Ciudad Autonoma de Buenos Aires,Comuna 14,209804,3,2025,8,9128
Argentina,Ciudad Autonoma de Buenos Aires,Comuna 14,209805,3,2025,6,7958
Argentina,Ciudad Autonoma de Buenos Aires,Comuna 14,209806,3,2025,12,9397
Argentina,Ciudad Autonoma de Buenos Aires,Comuna 14,209807,3,2025,13,9307
Argentina,Ciudad Autonoma de Buenos Aires,Comuna 14,209808,3,2025,13,8700
Argentina,Ciudad Autonoma de Buenos Aires,Comuna 14,209809,3,2025,9,12492
Argentina,Ciudad Autonoma de Buenos Aires,Comuna 14,209810,3,2025,0,190
Argentina,Ciudad Autonoma de Buenos Aires,Comuna 14,209811,3,2025,14,12051
Argentina,Ciudad Autonoma de Buenos Aires,Comuna 14,209812,3,2025,9,7962
Argentina,Ciudad Autonoma de Buenos Aires,Comuna 14,209813,3,2025,9,7376
Argentina,Ciudad Autonoma de Buenos Aires,Comuna 14,209814,3,2025,5,7484
Argentina,Ciudad Autonoma de Buenos Aires,Comuna 14,209815,3,2025,14,8094
Argentina,Ciudad Autonoma de Buenos Aires,Comuna 14,209816,3,2025,9,6773
Argentina,Ciudad Autonoma de Buenos Aires,Comuna 14,209817,3,2025,5,7231
Argentina,Ciudad Autonoma de Buenos Aires,Comuna 14,209818,3,2025,9,6981
Argentina,Ciudad Autonoma de Buenos Aires,Comuna 14,209819,3,2025,5,5589
Argentina,Ciudad Autonoma de Buenos Aires,Comuna 14,209820,3,2025,8,6758
Argentina,Ciudad Autonoma de Buenos Aires,Comuna 14,209821,3,2025,7,7312
Argentina,Ciudad Autonoma de Buenos Aires,Comuna 14,209822,3,2025,4,8363
Argentina,Ciudad Autonoma de Buenos Aires,Comuna 14,209823,3,2025,15,11012
Argentina,Ciudad Autonoma de Buenos Aires,Comuna 14,209824,3,2025,9,6199
Argentina,Ciudad Autonoma de Buenos Aires,Comuna 14,209825,3,2025,7,7637
Argentina,Ciudad Autonoma de Buenos Aires,Comuna 14,209826,3,2025,6,6558
Argentina,Ciudad Autonoma de Buenos Aires,Comuna 14,209827,3,2025,6,6199
Argentina,Ciudad Autonoma de Buenos Aires,Comuna 14,209828,3,2025,10,9243
Argentina,Ciudad Autonoma de Buenos Aires,Comuna 14,209829,3,2025,11,8453
Argentina,Ciudad Autonoma de Buenos Aires,Comuna 14,209830,3,2025,9,8109
Argentina,Ciudad Autonoma de Buenos Aires,Comuna 14,209831,3,2025,3,8116
Argentina,Ciudad Autonoma de Buenos Aires,Comuna 15,210501,3,2025,6,9594
Argentina,Ciudad Autonoma de Buenos Aires,Comuna 15,210502,3,2025,8,6548
Argentina,Ciudad Autonoma de Buenos Aires,Comuna 15,210503,3,2025,4,10235
Argentina,Ciudad Autonoma de Buenos Aires,Comuna 15,210504,3,2025,9,12235
Argentina,Ciudad Autonoma de Buenos Aires,Comuna 15,210505,3,2025,13,12207
Argentina,Ciudad Autonoma de Buenos Aires,Comuna 15,210506,3,2025,4,4156
Argentina,Ciudad Autonoma de Buenos Aires,Comuna 15,210507,3,2025,19,12285
Argentina,Ciudad Autonoma de Buenos Aires,Comuna 15,210508,3,2025,8,8807
Argentina,Ciudad Autonoma de Buenos Aires,Comuna 15,210509,3,2025,9,8645
Argentina,Ciudad Autonoma de Buenos Aires,Comuna 15,210510,3,2025,9,10813
Argentina,Ciudad Autonoma de Buenos Aires,Comuna 15,210511,3,2025,7,11863
Argentina,Ciudad Autonoma de Buenos Aires,Comuna 15,210512,3,2025,10,7208
Argentina,Ciudad Autonoma de Buenos Aires,Comuna 15,210513,3,2025,10,7242
Argentina,Ciudad Autonoma de Buenos Aires,Comuna 15,210514,3,2025,7,9564
Argentina,Ciudad Autonoma de Buenos Aires,Comuna 15,210515,3,2025,15,9091
Argentina,Ciudad Autonoma de Buenos Aires,Comuna 15,210516,3,2025,4,8911
Argentina,Ciudad Autonoma de Buenos Aires,Comuna 15,210517,3,2025,11,8753
Argentina,Ciudad Autonoma de Buenos Aires,Comuna 15,210518,3,2025,8,8161
Argentina,Ciudad Autonoma de Buenos Aires,Comuna 15,210519,3,2025,7,8739
Argentina,Ciudad Autonoma de Buenos Aires,Comuna 15,210520,3,2025,13,8787
Argentina,Ciudad Autonoma de Buenos Aires,Comuna 15,210521,3,2025,13,11421
Argentina,Ciudad Autonoma de Buenos Aires,Comuna 2,201401,3,2025,0,554
Argentina,Ciudad Autonoma de Buenos Aires,Comuna 2,201402,3,2025,6,5022
Argentina,Ciudad Autonoma de Buenos Aires,Comuna 2,201403,3,2025,8,5681
Argentina,Ciudad Autonoma de Buenos Aires,Comuna 2,201404,3,2025,8,6670
Argentina,Ciudad Autonoma de Buenos Aires,Comuna 2,201405,3,2025,5,6654
Argentina,Ciudad Autonoma de Buenos Aires,Comuna 2,201406,3,2025,6,6504
Argentina,Ciudad Autonoma de Buenos Aires,Comuna 2,201407,3,2025,7,7631
Argentina,Ciudad Autonoma de Buenos Aires,Comuna 2,201408,3,2025,9,9285
Argentina,Ciudad Autonoma de Buenos Aires,Comuna 2,201409,3,2025,5,8985
Argentina,Ciudad Autonoma de Buenos Aires,Comuna 2,201410,3,2025,8,7067
Argentina,Ciudad Autonoma de Buenos Aires,Comuna 2,201411,3,2025,4,5593
Argentina,Ciudad Autonoma de Buenos Aires,Comuna 2,201412,3,2025,3,5734
Argentina,Ciudad Autonoma de Buenos Aires,Comuna 2,201413,3,2025,5,7043
Argentina,Ciudad Autonoma de Buenos Aires,Comuna 2,201414,3,2025,10,8370
Argentina,Ciudad Autonoma de Buenos Aires,Comuna 2,201415,3,2025,10,6053
Argentina,Ciudad Autonoma de Buenos Aires,Comuna 2,201416,3,2025,4,5917
Argentina,Ciudad Autonoma de Buenos Aires,Comuna 2,201417,3,2025,7,7963
Argentina,Ciudad Autonoma de Buenos Aires,Comuna 2,201418,3,2025,4,6383
Argentina,Ciudad Autonoma de Buenos Aires,Comuna 2,201419,3,2025,7,6436
Argentina,Ciudad Autonoma de Buenos Aires,Comuna 2,201420,3,2025,6,7134
Argentina,Ciudad Autonoma de Buenos Aires,Comuna 2,201421,3,2025,5,5726
Argentina,Ciudad Autonoma de Buenos Aires,Comuna 2,201422,3,2025,7,5002
Argentina,Ciudad Autonoma de Buenos Aires,Comuna 2,201423,3,2025,6,5517
Argentina,Ciudad Autonoma de Buenos Aires,Comuna 2,201424,3,2025,3,5483
Argentina,Ciudad Autonoma de Buenos Aires,Comuna 2,201425,3,2025,4,8202
Argentina,Ciudad Autonoma de Buenos Aires,Comuna 5,203501,3,2025,6,9107
Argentina,Ciudad Autonoma de Buenos Aires,Comuna 5,203502,3,2025,8,8659
Argentina,Ciudad Autonoma de Buenos Aires,Comuna 5,203503,3,2025,11,9246
Argentina,Ciudad Autonoma de Buenos Aires,Comuna 5,203504,3,2025,12,8180
Argentina,Ciudad Autonoma de Buenos Aires,Comuna 5,203505,3,2025,3,6557
Argentina,Ciudad Autonoma de Buenos Aires,Comuna 5,203506,3,2025,4,7989
Argentina,Ciudad Autonoma de Buenos Aires,Comuna 5,203507,3,2025,8,7616
Argentina,Ciudad Autonoma de Buenos Aires,Comuna 5,203508,3,2025,12,8744
Argentina,Ciudad Autonoma de Buenos Aires,Comuna 5,203509,3,2025,2,7892
Argentina,Ciudad Autonoma de Buenos Aires,Comuna 5,203510,3,2025,12,8718
Argentina,Ciudad Autonoma de Buenos Aires,Comuna 5,203511,3,2025,22,9263
Argentina,Ciudad Autonoma de Buenos Aires,Comuna 5,203512,3,2025,12,7201
Argentina,Ciudad Autonoma de Buenos Aires,Comuna 5,203513,3,2025,3,7410
Argentina,Ciudad Autonoma de Buenos Aires,Comuna 5,203514,3,2025,8,8821
Argentina,Ciudad Autonoma de Buenos Aires,Comuna 5,203515,3,2025,7,7651
Argentina,Ciudad Autonoma de Buenos Aires,Comuna 5,203516,3,2025,11,10461
Argentina,Ciudad Autonoma de Buenos Aires,Comuna 5,203517,3,2025,6,9254
Argentina,Ciudad Autonoma de Buenos Aires,Comuna 5,203518,3,2025,10,9162
Argentina,Ciudad Autonoma de Buenos Aires,Comuna 5,203519,3,2025,8,9340
Argentina,Ciudad Autonoma de Buenos Aires,Comuna 5,203520,3,2025,13,11091
Argentina,Ciudad Autonoma de Buenos Aires,Comuna 5,203521,3,2025,11,8855
Argentina,Ciudad Autonoma de Buenos Aires,Comuna 5,203522,3,2025,7,11232
Argentina,Ciudad Autonoma de Buenos Aires,Comuna 6,204201,3,2025,12,9911
Argentina,Ciudad Autonoma de Buenos Aires,Comuna 6,204202,3,2025,13,10787
Argentina,Ciudad Autonoma de Buenos Aires,Comuna 6,204203,3,2025,9,8899
Argentina,Ciudad Autonoma de Buenos Aires,Comuna 6,204204,3,2025,12,11727
Argentina,Ciudad Autonoma de Buenos Aires,Comuna 6,204205,3,2025,8,10329
Argentina,Ciudad Autonoma de Buenos Aires,Comuna 6,204206,3,2025,15,10367
Argentina,Ciudad Autonoma de Buenos Aires,Comuna 6,204207,3,2025,10,12185
Argentina,Ciudad Autonoma de Buenos Aires,Comuna 6,204208,3,2025,7,9497
Argentina,Ciudad Autonoma de Buenos Aires,Comuna 6,204209,3,2025,6,7356
Argentina,Ciudad Autonoma de Buenos Aires,Comuna 6,204210,3,2025,4,8697
Argentina,Ciudad Autonoma de Buenos Aires,Comuna 6,204211,3,2025,9,9646
Argentina,Ciudad Autonoma de Buenos Aires,Comuna 6,204212,3,2025,4,7926
Argentina,Ciudad Autonoma de Buenos Aires,Comuna 6,204213,3,2025,7,10037
Argentina,Ciudad Autonoma de Buenos Aires,Comuna 6,204214,3,2025,9,9669
Argentina,Ciudad Autonoma de Buenos Aires,Comuna 6,204215,3,2025,11,9168
Argentina,Ciudad Autonoma de Buenos Aires,Comuna 6,204216,3,2025,9,12982
Argentina,Ciudad Autonoma de Buenos Aires,Comuna 6,204217,3,2025,13,7259
Argentina,Ciudad Autonoma de Buenos Aires,Comuna 6,204218,3,2025,8,8066
Argentina,Ciudad Autonoma de Buenos Aires,Comuna 6,204219,3,2025,12,7952
Argentina,Ciudad Autonoma de Buenos Aires,Comuna 6,204220,3,2025,14,8895
Argentina,Ciudad Autonoma de Buenos Aires,Comuna 6,204221,3,2025,11,10409
Argentina,Ciudad Autonoma de Buenos Aires,Comuna 7,204901,3,2025,6,6665
Argentina,Ciudad Autonoma de Buenos Aires,Comuna 7,204902,3,2025,9,8593
Argentina,Ciudad Autonoma de Buenos Aires,Comuna 7,204903,3,2025,9,10871
Argentina,Ciudad Autonoma de Buenos Aires,Comuna 7,204904,3,2025,9,9795
Argentina,Ciudad Autonoma de Buenos Aires,Comuna 7,204905,3,2025,10,8999
Argentina,Ciudad Autonoma de Buenos Aires,Comuna 7,204906,3,2025,4,7524
Argentina,Ciudad Autonoma de Buenos Aires,Comuna 7,204907,3,2025,13,9257
Argentina,Ciudad Autonoma de Buenos Aires,Comuna 7,204908,3,2025,7,7685
Argentina,Ciudad Autonoma de Buenos Aires,Comuna 7,204909,3,2025,4,9705
Argentina,Ciudad Autonoma de Buenos Aires,Comuna 7,204910,3,2025,12,8735
Argentina,Ciudad Autonoma de Buenos Aires,Comuna 7,204911,3,2025,6,10501
Argentina,Ciudad Autonoma de Buenos Aires,Comuna 7,204912,3,2025,5,7467
Argentina,Ciudad Autonoma de Buenos Aires,Comuna 7,204913,3,2025,10,11414
Argentina,Ciudad Autonoma de Buenos Aires,Comuna 7,204914,3,2025,12,11132
Argentina,Ciudad Autonoma de Buenos Aires,Comuna 7,204915,3,2025,7,9647
Argentina,Ciudad Autonoma de Buenos Aires,Comuna 7,204916,3,2025,7,8094
Argentina,Ciudad Autonoma de Buenos Aires,Comuna 7,204917,3,2025,1,2971
Argentina,Ciudad Autonoma de Buenos Aires,Comuna 7,204918,3,2025,6,3398
Argentina,Ciudad Autonoma de Buenos Aires,Comuna 7,204919,3,2025,7,6454
Argentina,Ciudad Autonoma de Buenos Aires,Comuna 7,204920,3,2025,14,12736
Argentina,Ciudad Autonoma de Buenos Aires,Comuna 7,204921,3,2025,15,11351
Argentina,Ciudad Autonoma de Buenos Aires,Comuna 7,204922,3,2025,13,11303
Argentina,Ciudad Autonoma de Buenos Aires,Comuna 7,204923,3,2025,6,7839
Argentina,Ciudad Autonoma de Buenos Aires,Comuna 7,204924,3,2025,12,11126
Argentina,Ciudad Autonoma de Buenos Aires,Comuna 10,207001,4,2025,2,6651
Argentina,Ciudad Autonoma de Buenos Aires,Comuna 10,207002,4,2025,9,7094
Argentina,Ciudad Autonoma de Buenos Aires,Comuna 10,207003,4,2025,6,6682
Argentina,Ciudad Autonoma de Buenos Aires,Comuna 10,207004,4,2025,14,9342
Argentina,Ciudad Autonoma de Buenos Aires,Comuna 10,207005,4,2025,12,11787
Argentina,Ciudad Autonoma de Buenos Aires,Comuna 10,207006,4,2025,6,12408
Argentina,Ciudad Autonoma de Buenos Aires,Comuna 10,207007,4,2025,9,11630
Argentina,Ciudad Autonoma de Buenos Aires,Comuna 10,207008,4,2025,12,9038
Argentina,Ciudad Autonoma de Buenos Aires,Comuna 10,207009,4,2025,9,8752
Argentina,Ciudad Autonoma de Buenos Aires,Comuna 10,207010,4,2025,14,10398
Argentina,Ciudad Autonoma de Buenos Aires,Comuna 10,207011,4,2025,5,8554
Argentina,Ciudad Autonoma de Buenos Aires,Comuna 10,207012,4,2025,7,6677
Argentina,Ciudad Autonoma de Buenos Aires,Comuna 10,207013,4,2025,7,8285
Argentina,Ciudad Autonoma de Buenos Aires,Comuna 10,207014,4,2025,8,9092
Argentina,Ciudad Autonoma de Buenos Aires,Comuna 10,207015,4,2025,8,7248
Argentina,Ciudad Autonoma de Buenos Aires,Comuna 10,207016,4,2025,10,8724
Argentina,Ciudad Autonoma de Buenos Aires,Comuna 10,207017,4,2025,8,9635
Argentina,Ciudad Autonoma de Buenos Aires,Comuna 10,207018,4,2025,6,8682
Argentina,Ciudad Autonoma de Buenos Aires,Comuna 10,207019,4,2025,9,11217
Argentina,Ciudad Autonoma de Buenos Aires,Comuna 11,207701,4,2025,12,11069
Argentina,Ciudad Autonoma de Buenos Aires,Comuna 11,207702,4,2025,11,10205
Argentina,Ciudad Autonoma de Buenos Aires,Comuna 11,207703,4,2025,9,9103
Argentina,Ciudad Autonoma de Buenos Aires,Comuna 11,207704,4,2025,16,10387
Argentina,Ciudad Autonoma de Buenos Aires,Comuna 11,207705,4,2025,7,7955
Argentina,Ciudad Autonoma de Buenos Aires,Comuna 11,207706,4,2025,16,11455
Argentina,Ciudad Autonoma de Buenos Aires,Comuna 11,207707,4,2025,11,11428
Argentina,Ciudad Autonoma de Buenos Aires,Comuna 11,207708,4,2025,6,8072
Argentina,Ciudad Autonoma de Buenos Aires,Comuna 11,207709,4,2025,8,9257
Argentina,Ciudad Autonoma de Buenos Aires,Comuna 11,207710,4,2025,12,11259
Argentina,Ciudad Autonoma de Buenos Aires,Comuna 11,207711,4,2025,5,8065
Argentina,Ciudad Autonoma de Buenos Aires,Comuna 11,207712,4,2025,4,8059
Argentina,Ciudad Autonoma de Buenos Aires,Comuna 11,207713,4,2025,6,9254
Argentina,Ciudad Autonoma de Buenos Aires,Comuna 11,207714,4,2025,5,7270
Argentina,Ciudad Autonoma de Buenos Aires,Comuna 11,207715,4,2025,10,10022
Argentina,Ciudad Autonoma de Buenos Aires,Comuna 11,207716,4,2025,6,9462
Argentina,Ciudad Autonoma de Buenos Aires,Comuna 11,207717,4,2025,5,6323
Argentina,Ciudad Autonoma de Buenos Aires,Comuna 11,207718,4,2025,6,9010
Argentina,Ciudad Autonoma de Buenos Aires,Comuna 11,207719,4,2025,8,7194
Argentina,Ciudad Autonoma de Buenos Aires,Comuna 11,207720,4,2025,14,9079
Argentina,Ciudad Autonoma de Buenos Aires,Comuna 11,207721,4,2025,7,9075
Argentina,Ciudad Autonoma de Buenos Aires,Comuna 11,207722,4,2025,7,8902
Argentina,Ciudad Autonoma de Buenos Aires,Comuna 12,208401,4,2025,9,9341
Argentina,Ciudad Autonoma de Buenos Aires,Comuna 12,208402,4,2025,4,8793
Argentina,Ciudad Autonoma de Buenos Aires,Comuna 12,208403,4,2025,14,9271
Argentina,Ciudad Autonoma de Buenos Aires,Comuna 12,208404,4,2025,7,8702
Argentina,Ciudad Autonoma de Buenos Aires,Comuna 12,208405,4,2025,11,8415
Argentina,Ciudad Autonoma de Buenos Aires,Comuna 12,208406,4,2025,11,9143
Argentina,Ciudad Autonoma de Buenos Aires,Comuna 12,208407,4,2025,12,10293
Argentina,Ciudad Autonoma de Buenos Aires,Comuna 12,208408,4,2025,11,10510
Argentina,Ciudad Autonoma de Buenos Aires,Comuna 12,208409,4,2025,14,8365
Argentina,Ciudad Autonoma de Buenos Aires,Comuna 12,208410,4,2025,10,11926
Argentina,Ciudad Autonoma de Buenos Aires,Comuna 12,208411,4,2025,14,10276
Argentina,Ciudad Autonoma de Buenos Aires,Comuna 12,208412,4,2025,9,8291
Argentina,Ciudad Autonoma de Buenos Aires,Comuna 12,208413,4,2025,6,9891
Argentina,Ciudad Autonoma de Buenos Aires,Comuna 12,208414,4,2025,9,12202
Argentina,Ciudad Autonoma de Buenos Aires,Comuna 12,208415,4,2025,17,13785
Argentina,Ciudad Autonoma de Buenos Aires,Comuna 12,208416,4,2025,20,16395
Argentina,Ciudad Autonoma de Buenos Aires,Comuna 12,208417,4,2025,12,9935
Argentina,Ciudad Autonoma de Buenos Aires,Comuna 12,208418,4,2025,21,13227
Argentina,Ciudad Autonoma de Buenos Aires,Comuna 12,208419,4,2025,8,12268
Argentina,Ciudad Autonoma de Buenos Aires,Comuna 12,208420,4,2025,14,9926
Argentina,Ciudad Autonoma de Buenos Aires,Comuna 12,208421,4,2025,7,11426
Argentina,Ciudad Autonoma de Buenos Aires,Comuna 12,208422,4,2025,12,12983
Argentina,Ciudad Autonoma de Buenos Aires,Comuna 13,209101,4,2025,10,11656
Argentina,Ciudad Autonoma de Buenos Aires,Comuna 13,209102,4,2025,7,10984
Argentina,Ciudad Autonoma de Buenos Aires,Comuna 13,209103,4,2025,16,10868
Argentina,Ciudad Autonoma de Buenos Aires,Comuna 13,209104,4,2025,13,13113
Argentina,Ciudad Autonoma de Buenos Aires,Comuna 13,209105,4,2025,11,10421
Argentina,Ciudad Autonoma de Buenos Aires,Comuna 13,209106,4,2025,5,7917
Argentina,Ciudad Autonoma de Buenos Aires,Comuna 13,209107,4,2025,5,8294
Argentina,Ciudad Autonoma de Buenos Aires,Comuna 13,209108,4,2025,7,9153
Argentina,Ciudad Autonoma de Buenos Aires,Comuna 13,209109,4,2025,10,8207
Argentina,Ciudad Autonoma de Buenos Aires,Comuna 13,209110,4,2025,6,10807
Argentina,Ciudad Autonoma de Buenos Aires,Comuna 13,209111,4,2025,3,4808
Argentina,Ciudad Autonoma de Buenos Aires,Comuna 13,209112,4,2025,10,8591
Argentina,Ciudad Autonoma de Buenos Aires,Comuna 13,209113,4,2025,10,10772
Argentina,Ciudad Autonoma de Buenos Aires,Comuna 13,209114,4,2025,11,7311
Argentina,Ciudad Autonoma de Buenos Aires,Comuna 13,209115,4,2025,8,9651
Argentina,Ciudad Autonoma de Buenos Aires,Comuna 13,209116,4,2025,13,10427
Argentina,Ciudad Autonoma de Buenos Aires,Comuna 13,209117,4,2025,10,11221
Argentina,Ciudad Autonoma de Buenos Aires,Comuna 13,209118,4,2025,9,8113
Argentina,Ciudad Autonoma de Buenos Aires,Comuna 13,209119,4,2025,9,8504
Argentina,Ciudad Autonoma de Buenos Aires,Comuna 13,209120,4,2025,5,9333
Argentina,Ciudad Autonoma de Buenos Aires,Comuna 13,209121,4,2025,11,8521
Argentina,Ciudad Autonoma de Buenos Aires,Comuna 13,209122,4,2025,3,8416
Argentina,Ciudad Autonoma de Buenos Aires,Comuna 13,209123,4,2025,12,9675
Argentina,Ciudad Autonoma de Buenos Aires,Comuna 13,209124,4,2025,10,7611
Argentina,Ciudad Autonoma de Buenos Aires,Comuna 13,209125,4,2025,8,6503
Argentina,Ciudad Autonoma de Buenos Aires,Comuna 13,209126,4,2025,6,8070
Argentina,Ciudad Autonoma de Buenos Aires,Comuna 13,209127,4,2025,9,7860
Argentina,Ciudad Autonoma de Buenos Aires,Comuna 13,209128,4,2025,7,7714
Argentina,Ciudad Autonoma de Buenos Aires,Comuna 13,209129,4,2025,7,7809
Argentina,Ciudad Autonoma de Buenos Aires,Comuna 14,209801,4,2025,7,8008
Argentina,Ciudad Autonoma de Buenos Aires,Comuna 14,209802,4,2025,8,8651
Argentina,Ciudad Autonoma de Buenos Aires,Comuna 14,209803,4,2025,6,9921
Argentina,Ciudad Autonoma de Buenos Aires,Comuna 14,209804,4,2025,11,9128
Argentina,Ciudad Autonoma de Buenos Aires,Comuna 14,209805,4,2025,9,7958
Argentina,Ciudad Autonoma de Buenos Aires,Comuna 14,209806,4,2025,10,9397
Argentina,Ciudad Autonoma de Buenos Aires,Comuna 14,209807,4,2025,11,9307
Argentina,Ciudad Autonoma de Buenos Aires,Comuna 14,209808,4,2025,13,8700
Argentina,Ciudad Autonoma de Buenos Aires,Comuna 14,209809,4,2025,16,12492
Argentina,Ciudad Autonoma de Buenos Aires,Comuna 14,209810,4,2025,0,190
Argentina,Ciudad Autonoma de Buenos Aires,Comuna 14,209811,4,2025,11,12051
Argentina,Ciudad Autonoma de Buenos Aires,Comuna 14,209812,4,2025,9,7962
Argentina,Ciudad Autonoma de Buenos Aires,Comuna 14,209813,4,2025,8,7376
Argentina,Ciudad Autonoma de Buenos Aires,Comuna 14,209814,4,2025,5,7484
Argentina,Ciudad Autonoma de Buenos Aires,Comuna 14,209815,4,2025,5,8094
Argentina,Ciudad Autonoma de Buenos Aires,Comuna 14,209816,4,2025,11,6773
Argentina,Ciudad Autonoma de Buenos Aires,Comuna 14,209817,4,2025,13,7231
Argentina,Ciudad Autonoma de Buenos Aires,Comuna 14,209818,4,2025,6,6981
Argentina,Ciudad Autonoma de Buenos Aires,Comuna 14,209819,4,2025,9,5589
Argentina,Ciudad Autonoma de Buenos Aires,Comuna 14,209820,4,2025,12,6758
Argentina,Ciudad Autonoma de Buenos Aires,Comuna 14,209821,4,2025,13,7312
Argentina,Ciudad Autonoma de Buenos Aires,Comuna 14,209822,4,2025,10,8363
Argentina,Ciudad Autonoma de Buenos Aires,Comuna 14,209823,4,2025,10,11012
Argentina,Ciudad Autonoma de Buenos Aires,Comuna 14,209824,4,2025,8,6199
Argentina,Ciudad Autonoma de Buenos Aires,Comuna 14,209825,4,2025,10,7637
Argentina,Ciudad Autonoma de Buenos Aires,Comuna 14,209826,4,2025,6,6558
Argentina,Ciudad Autonoma de Buenos Aires,Comuna 14,209827,4,2025,6,6199
Argentina,Ciudad Autonoma de Buenos Aires,Comuna 14,209828,4,2025,12,9243
Argentina,Ciudad Autonoma de Buenos Aires,Comuna 14,209829,4,2025,11,8453
Argentina,Ciudad Autonoma de Buenos Aires,Comuna 14,209830,4,2025,6,8109
Argentina,Ciudad Autonoma de Buenos Aires,Comuna 14,209831,4,2025,5,8116
Argentina,Ciudad Autonoma de Buenos Aires,Comuna 15,210501,4,2025,2,9594
Argentina,Ciudad Autonoma de Buenos Aires,Comuna 15,210502,4,2025,4,6548
Argentina,Ciudad Autonoma de Buenos Aires,Comuna 15,210503,4,2025,9,10235
Argentina,Ciudad Autonoma de Buenos Aires,Comuna 15,210504,4,2025,10,12235
Argentina,Ciudad Autonoma de Buenos Aires,Comuna 15,210505,4,2025,11,12207
Argentina,Ciudad Autonoma de Buenos Aires,Comuna 15,210506,4,2025,5,4156
Argentina,Ciudad Autonoma de Buenos Aires,Comuna 15,210507,4,2025,11,12285
Argentina,Ciudad Autonoma de Buenos Aires,Comuna 15,210508,4,2025,7,8807
Argentina,Ciudad Autonoma de Buenos Aires,Comuna 15,210509,4,2025,10,8645
Argentina,Ciudad Autonoma de Buenos Aires,Comuna 15,210510,4,2025,7,10813
Argentina,Ciudad Autonoma de Buenos Aires,Comuna 15,210511,4,2025,11,11863
Argentina,Ciudad Autonoma de Buenos Aires,Comuna 15,210512,4,2025,7,7208
Argentina,Ciudad Autonoma de Buenos Aires,Comuna 15,210513,4,2025,8,7242
Argentina,Ciudad Autonoma de Buenos Aires,Comuna 15,210514,4,2025,10,9564
Argentina,Ciudad Autonoma de Buenos Aires,Comuna 15,210515,4,2025,6,9091
Argentina,Ciudad Autonoma de Buenos Aires,Comuna 15,210516,4,2025,11,8911
Argentina,Ciudad Autonoma de Buenos Aires,Comuna 15,210517,4,2025,7,8753
Argentina,Ciudad Autonoma de Buenos Aires,Comuna 15,210518,4,2025,13,8161
Argentina,Ciudad Autonoma de Buenos Aires,Comuna 15,210519,4,2025,3,8739
Argentina,Ciudad Autonoma de Buenos Aires,Comuna 15,210520,4,2025,7,8787
Argentina,Ciudad Autonoma de Buenos Aires,Comuna 15,210521,4,2025,16,11421
Argentina,Ciudad Autonoma de Buenos Aires,Comuna 2,201401,4,2025,0,554
Argentina,Ciudad Autonoma de Buenos Aires,Comuna 2,201402,4,2025,1,5022
Argentina,Ciudad Autonoma de Buenos Aires,Comuna 2,201403,4,2025,2,5681
Argentina,Ciudad Autonoma de Buenos Aires,Comuna 2,201404,4,2025,9,6670
Argentina,Ciudad Autonoma de Buenos Aires,Comuna 2,201405,4,2025,13,6654
Argentina,Ciudad Autonoma de Buenos Aires,Comuna 2,201406,4,2025,10,6504
Argentina,Ciudad Autonoma de Buenos Aires,Comuna 2,201407,4,2025,8,7631
Argentina,Ciudad Autonoma de Buenos Aires,Comuna 2,201408,4,2025,6,9285
Argentina,Ciudad Autonoma de Buenos Aires,Comuna 2,201409,4,2025,7,8985
Argentina,Ciudad Autonoma de Buenos Aires,Comuna 2,201410,4,2025,3,7067
Argentina,Ciudad Autonoma de Buenos Aires,Comuna 2,201411,4,2025,7,5593
Argentina,Ciudad Autonoma de Buenos Aires,Comuna 2,201412,4,2025,7,5734
Argentina,Ciudad Autonoma de Buenos Aires,Comuna 2,201413,4,2025,6,7043
Argentina,Ciudad Autonoma de Buenos Aires,Comuna 2,201414,4,2025,10,8370
Argentina,Ciudad Autonoma de Buenos Aires,Comuna 2,201415,4,2025,2,6053
Argentina,Ciudad Autonoma de Buenos Aires,Comuna 2,201416,4,2025,6,5917
Argentina,Ciudad Autonoma de Buenos Aires,Comuna 2,201417,4,2025,6,7963
Argentina,Ciudad Autonoma de Buenos Aires,Comuna 2,201418,4,2025,7,6383
Argentina,Ciudad Autonoma de Buenos Aires,Comuna 2,201419,4,2025,8,6436
Argentina,Ciudad Autonoma de Buenos Aires,Comuna 2,201420,4,2025,7,7134
Argentina,Ciudad Autonoma de Buenos Aires,Comuna 2,201421,4,2025,4,5726
Argentina,Ciudad Autonoma de Buenos Aires,Comuna 2,201422,4,2025,6,5002
Argentina,Ciudad Autonoma de Buenos Aires,Comuna 2,201423,4,2025,3,5517
Argentina,Ciudad Autonoma de Buenos Aires,Comuna 2,201424,4,2025,4,5483
Argentina,Ciudad Autonoma de Buenos Aires,Comuna 2,201425,4,2025,12,8202
Argentina,Ciudad Autonoma de Buenos Aires,Comuna 5,203501,4,2025,8,9107
Argentina,Ciudad Autonoma de Buenos Aires,Comuna 5,203502,4,2025,10,8659
Argentina,Ciudad Autonoma de Buenos Aires,Comuna 5,203503,4,2025,13,9246
Argentina,Ciudad Autonoma de Buenos Aires,Comuna 5,203504,4,2025,8,8180
Argentina,Ciudad Autonoma de Buenos Aires,Comuna 5,203505,4,2025,4,6557
Argentina,Ciudad Autonoma de Buenos Aires,Comuna 5,203506,4,2025,10,7989
Argentina,Ciudad Autonoma de Buenos Aires,Comuna 5,203507,4,2025,6,7616
Argentina,Ciudad Autonoma de Buenos Aires,Comuna 5,203508,4,2025,5,8744
Argentina,Ciudad Autonoma de Buenos Aires,Comuna 5,203509,4,2025,10,7892
Argentina,Ciudad Autonoma de Buenos Aires,Comuna 5,203510,4,2025,11,8718
Argentina,Ciudad Autonoma de Buenos Aires,Comuna 5,203511,4,2025,10,9263
Argentina,Ciudad Autonoma de Buenos Aires,Comuna 5,203512,4,2025,6,7201
Argentina,Ciudad Autonoma de Buenos Aires,Comuna 5,203513,4,2025,6,7410
Argentina,Ciudad Autonoma de Buenos Aires,Comuna 5,203514,4,2025,9,8821
Argentina,Ciudad Autonoma de Buenos Aires,Comuna 5,203515,4,2025,8,7651
Argentina,Ciudad Autonoma de Buenos Aires,Comuna 5,203516,4,2025,8,10461
Argentina,Ciudad Autonoma de Buenos Aires,Comuna 5,203517,4,2025,10,9254
Argentina,Ciudad Autonoma de Buenos Aires,Comuna 5,203518,4,2025,7,9162
Argentina,Ciudad Autonoma de Buenos Aires,Comuna 5,203519,4,2025,9,9340
Argentina,Ciudad Autonoma de Buenos Aires,Comuna 5,203520,4,2025,8,11091
Argentina,Ciudad Autonoma de Buenos Aires,Comuna 5,203521,4,2025,9,8855
Argentina,Ciudad Autonoma de Buenos Aires,Comuna 5,203522,4,2025,14,11232
Argentina,Ciudad Autonoma de Buenos Aires,Comuna 6,204201,4,2025,11,9911
Argentina,Ciudad Autonoma de Buenos Aires,Comuna 6,204202,4,2025,12,10787
Argentina,Ciudad Autonoma de Buenos Aires,Comuna 6,204203,4,2025,11,8899
Argentina,Ciudad Autonoma de Buenos Aires,Comuna 6,204204,4,2025,11,11727
Argentina,Ciudad Autonoma de Buenos Aires,Comuna 6,204205,4,2025,10,10329
Argentina,Ciudad Autonoma de Buenos Aires,Comuna 6,204206,4,2025,11,10367
Argentina,Ciudad Autonoma de Buenos Aires,Comuna 6,204207,4,2025,10,12185
Argentina,Ciudad Autonoma de Buenos Aires,Comuna 6,204208,4,2025,5,9497
Argentina,Ciudad Autonoma de Buenos Aires,Comuna 6,204209,4,2025,9,7356
Argentina,Ciudad Autonoma de Buenos Aires,Comuna 6,204210,4,2025,11,8697
Argentina,Ciudad Autonoma de Buenos Aires,Comuna 6,204211,4,2025,11,9646
Argentina,Ciudad Autonoma de Buenos Aires,Comuna 6,204212,4,2025,6,7926
Argentina,Ciudad Autonoma de Buenos Aires,Comuna 6,204213,4,2025,6,10037
Argentina,Ciudad Autonoma de Buenos Aires,Comuna 6,204214,4,2025,13,9669
Argentina,Ciudad Autonoma de Buenos Aires,Comuna 6,204215,4,2025,6,9168
Argentina,Ciudad Autonoma de Buenos Aires,Comuna 6,204216,4,2025,11,12982
Argentina,Ciudad Autonoma de Buenos Aires,Comuna 6,204217,4,2025,2,7259
Argentina,Ciudad Autonoma de Buenos Aires,Comuna 6,204218,4,2025,4,8066
Argentina,Ciudad Autonoma de Buenos Aires,Comuna 6,204219,4,2025,7,7952
Argentina,Ciudad Autonoma de Buenos Aires,Comuna 6,204220,4,2025,4,8895
Argentina,Ciudad Autonoma de Buenos Aires,Comuna 6,204221,4,2025,10,10409
Argentina,Ciudad Autonoma de Buenos Aires,Comuna 7,204901,4,2025,6,6665
Argentina,Ciudad Autonoma de Buenos Aires,Comuna 7,204902,4,2025,8,8593
Argentina,Ciudad Autonoma de Buenos Aires,Comuna 7,204903,4,2025,10,10871
Argentina,Ciudad Autonoma de Buenos Aires,Comuna 7,204904,4,2025,9,9795
Argentina,Ciudad Autonoma de Buenos Aires,Comuna 7,204905,4,2025,14,8999
Argentina,Ciudad Autonoma de Buenos Aires,Comuna 7,204906,4,2025,5,7524
Argentina,Ciudad Autonoma de Buenos Aires,Comuna 7,204907,4,2025,16,9257
Argentina,Ciudad Autonoma de Buenos Aires,Comuna 7,204908,4,2025,5,7685
Argentina,Ciudad Autonoma de Buenos Aires,Comuna 7,204909,4,2025,11,9705
Argentina,Ciudad Autonoma de Buenos Aires,Comuna 7,204910,4,2025,10,8735
Argentina,Ciudad Autonoma de Buenos Aires,Comuna 7,204911,4,2025,12,10501
Argentina,Ciudad Autonoma de Buenos Aires,Comuna 7,204912,4,2025,5,7467
Argentina,Ciudad Autonoma de Buenos Aires,Comuna 7,204913,4,2025,11,11414
Argentina,Ciudad Autonoma de Buenos Aires,Comuna 7,204914,4,2025,20,11132
Argentina,Ciudad Autonoma de Buenos Aires,Comuna 7,204915,4,2025,9,9647
Argentina,Ciudad Autonoma de Buenos Aires,Comuna 7,204916,4,2025,10,8094
Argentina,Ciudad Autonoma de Buenos Aires,Comuna 7,204917,4,2025,4,2971
Argentina,Ciudad Autonoma de Buenos Aires,Comuna 7,204918,4,2025,2,3398
Argentina,Ciudad Autonoma de Buenos Aires,Comuna 7,204919,4,2025,4,6454
Argentina,Ciudad Autonoma de Buenos Aires,Comuna 7,204920,4,2025,9,12736
Argentina,Ciudad Autonoma de Buenos Aires,Comuna 7,204921,4,2025,9,11351
Argentina,Ciudad Autonoma de Buenos Aires,Comuna 7,204922,4,2025,8,11303
Argentina,Ciudad Autonoma de Buenos Aires,Comuna 7,204923,4,2025,5,7839
Argentina,Ciudad Autonoma de Buenos Aires,Comuna 7,204924,4,2025,7,11126
Argentina,Ciudad Autonoma de Buenos Aires,Comuna 10,207001,5,2025,8,6651
Argentina,Ciudad Autonoma de Buenos Aires,Comuna 10,207002,5,2025,2,7094
Argentina,Ciudad Autonoma de Buenos Aires,Comuna 10,207003,5,2025,6,6682
Argentina,Ciudad Autonoma de Buenos Aires,Comuna 10,207004,5,2025,10,9342
Argentina,Ciudad Autonoma de Buenos Aires,Comuna 10,207005,5,2025,17,11787
Argentina,Ciudad Autonoma de Buenos Aires,Comuna 10,207006,5,2025,24,12408
Argentina,Ciudad Autonoma de Buenos Aires,Comuna 10,207007,5,2025,15,11630
Argentina,Ciudad Autonoma de Buenos Aires,Comuna 10,207008,5,2025,5,9038
Argentina,Ciudad Autonoma de Buenos Aires,Comuna 10,207009,5,2025,6,8752
Argentina,Ciudad Autonoma de Buenos Aires,Comuna 10,207010,5,2025,13,10398
Argentina,Ciudad Autonoma de Buenos Aires,Comuna 10,207011,5,2025,8,8554
Argentina,Ciudad Autonoma de Buenos Aires,Comuna 10,207012,5,2025,7,6677
Argentina,Ciudad Autonoma de Buenos Aires,Comuna 10,207013,5,2025,9,8285
Argentina,Ciudad Autonoma de Buenos Aires,Comuna 10,207014,5,2025,11,9092
Argentina,Ciudad Autonoma de Buenos Aires,Comuna 10,207015,5,2025,6,7248
Argentina,Ciudad Autonoma de Buenos Aires,Comuna 10,207016,5,2025,11,8724
Argentina,Ciudad Autonoma de Buenos Aires,Comuna 10,207017,5,2025,12,9635
Argentina,Ciudad Autonoma de Buenos Aires,Comuna 10,207018,5,2025,6,8682
Argentina,Ciudad Autonoma de Buenos Aires,Comuna 10,207019,5,2025,11,11217
Argentina,Ciudad Autonoma de Buenos Aires,Comuna 11,207701,5,2025,15,11069
Argentina,Ciudad Autonoma de Buenos Aires,Comuna 11,207702,5,2025,3,10205
Argentina,Ciudad Autonoma de Buenos Aires,Comuna 11,207703,5,2025,11,9103
Argentina,Ciudad Autonoma de Buenos Aires,Comuna 11,207704,5,2025,10,10387
Argentina,Ciudad Autonoma de Buenos Aires,Comuna 11,207705,5,2025,9,7955
Argentina,Ciudad Autonoma de Buenos Aires,Comuna 11,207706,5,2025,12,11455
Argentina,Ciudad Autonoma de Buenos Aires,Comuna 11,207707,5,2025,8,11428
Argentina,Ciudad Autonoma de Buenos Aires,Comuna 11,207708,5,2025,4,8072
Argentina,Ciudad Autonoma de Buenos Aires,Comuna 11,207709,5,2025,10,9257
Argentina,Ciudad Autonoma de Buenos Aires,Comuna 11,207710,5,2025,20,11259
Argentina,Ciudad Autonoma de Buenos Aires,Comuna 11,207711,5,2025,10,8065
Argentina,Ciudad Autonoma de Buenos Aires,Comuna 11,207712,5,2025,10,8059
Argentina,Ciudad Autonoma de Buenos Aires,Comuna 11,207713,5,2025,7,9254
Argentina,Ciudad Autonoma de Buenos Aires,Comuna 11,207714,5,2025,11,7270
Argentina,Ciudad Autonoma de Buenos Aires,Comuna 11,207715,5,2025,9,10022
Argentina,Ciudad Autonoma de Buenos Aires,Comuna 11,207716,5,2025,6,9462
Argentina,Ciudad Autonoma de Buenos Aires,Comuna 11,207717,5,2025,5,6323
Argentina,Ciudad Autonoma de Buenos Aires,Comuna 11,207718,5,2025,7,9010
Argentina,Ciudad Autonoma de Buenos Aires,Comuna 11,207719,5,2025,7,7194
Argentina,Ciudad Autonoma de Buenos Aires,Comuna 11,207720,5,2025,6,9079
Argentina,Ciudad Autonoma de Buenos Aires,Comuna 11,207721,5,2025,7,9075
Argentina,Ciudad Autonoma de Buenos Aires,Comuna 11,207722,5,2025,4,8902
Argentina,Ciudad Autonoma de Buenos Aires,Comuna 12,208401,5,2025,7,9341
Argentina,Ciudad Autonoma de Buenos Aires,Comuna 12,208402,5,2025,12,8793
Argentina,Ciudad Autonoma de Buenos Aires,Comuna 12,208403,5,2025,9,9271
Argentina,Ciudad Autonoma de Buenos Aires,Comuna 12,208404,5,2025,8,8702
Argentina,Ciudad Autonoma de Buenos Aires,Comuna 12,208405,5,2025,12,8415
Argentina,Ciudad Autonoma de Buenos Aires,Comuna 12,208406,5,2025,10,9143
Argentina,Ciudad Autonoma de Buenos Aires,Comuna 12,208407,5,2025,7,10293
Argentina,Ciudad Autonoma de Buenos Aires,Comuna 12,208408,5,2025,17,10510
Argentina,Ciudad Autonoma de Buenos Aires,Comuna 12,208409,5,2025,13,8365
Argentina,Ciudad Autonoma de Buenos Aires,Comuna 12,208410,5,2025,16,11926
Argentina,Ciudad Autonoma de Buenos Aires,Comuna 12,208411,5,2025,14,10276
Argentina,Ciudad Autonoma de Buenos Aires,Comuna 12,208412,5,2025,9,8291
Argentina,Ciudad Autonoma de Buenos Aires,Comuna 12,208413,5,2025,6,9891
Argentina,Ciudad Autonoma de Buenos Aires,Comuna 12,208414,5,2025,9,12202
Argentina,Ciudad Autonoma de Buenos Aires,Comuna 12,208415,5,2025,16,13785
Argentina,Ciudad Autonoma de Buenos Aires,Comuna 12,208416,5,2025,12,16395
Argentina,Ciudad Autonoma de Buenos Aires,Comuna 12,208417,5,2025,15,9935
Argentina,Ciudad Autonoma de Buenos Aires,Comuna 12,208418,5,2025,13,13227
Argentina,Ciudad Autonoma de Buenos Aires,Comuna 12,208419,5,2025,17,12268
Argentina,Ciudad Autonoma de Buenos Aires,Comuna 12,208420,5,2025,8,9926
Argentina,Ciudad Autonoma de Buenos Aires,Comuna 12,208421,5,2025,7,11426
Argentina,Ciudad Autonoma de Buenos Aires,Comuna 12,208422,5,2025,5,12983
Argentina,Ciudad Autonoma de Buenos Aires,Comuna 13,209101,5,2025,12,11656
Argentina,Ciudad Autonoma de Buenos Aires,Comuna 13,209102,5,2025,12,10984
Argentina,Ciudad Autonoma de Buenos Aires,Comuna 13,209103,5,2025,12,10868
Argentina,Ciudad Autonoma de Buenos Aires,Comuna 13,209104,5,2025,17,13113
Argentina,Ciudad Autonoma de Buenos Aires,Comuna 13,209105,5,2025,8,10421
Argentina,Ciudad Autonoma de Buenos Aires,Comuna 13,209106,5,2025,10,7917
Argentina,Ciudad Autonoma de Buenos Aires,Comuna 13,209107,5,2025,8,8294
Argentina,Ciudad Autonoma de Buenos Aires,Comuna 13,209108,5,2025,8,9153
Argentina,Ciudad Autonoma de Buenos Aires,Comuna 13,209109,5,2025,5,8207
Argentina,Ciudad Autonoma de Buenos Aires,Comuna 13,209110,5,2025,12,10807
Argentina,Ciudad Autonoma de Buenos Aires,Comuna 13,209111,5,2025,3,4808
Argentina,Ciudad Autonoma de Buenos Aires,Comuna 13,209112,5,2025,6,8591
Argentina,Ciudad Autonoma de Buenos Aires,Comuna 13,209113,5,2025,10,10772
Argentina,Ciudad Autonoma de Buenos Aires,Comuna 13,209114,5,2025,7,7311
Argentina,Ciudad Autonoma de Buenos Aires,Comuna 13,209115,5,2025,4,9651
Argentina,Ciudad Autonoma de Buenos Aires,Comuna 13,209116,5,2025,17,10427
Argentina,Ciudad Autonoma de Buenos Aires,Comuna 13,209117,5,2025,17,11221
Argentina,Ciudad Autonoma de Buenos Aires,Comuna 13,209118,5,2025,8,8113
Argentina,Ciudad Autonoma de Buenos Aires,Comuna 13,209119,5,2025,6,8504
Argentina,Ciudad Autonoma de Buenos Aires,Comuna 13,209120,5,2025,6,9333
Argentina,Ciudad Autonoma de Buenos Aires,Comuna 13,209121,5,2025,11,8521
Argentina,Ciudad Autonoma de Buenos Aires,Comuna 13,209122,5,2025,9,8416
Argentina,Ciudad Autonoma de Buenos Aires,Comuna 13,209123,5,2025,8,9675
Argentina,Ciudad Autonoma de Buenos Aires,Comuna 13,209124,5,2025,6,7611
Argentina,Ciudad Autonoma de Buenos Aires,Comuna 13,209125,5,2025,10,6503
Argentina,Ciudad Autonoma de Buenos Aires,Comuna 13,209126,5,2025,7,8070
Argentina,Ciudad Autonoma de Buenos Aires,Comuna 13,209127,5,2025,8,7860
Argentina,Ciudad Autonoma de Buenos Aires,Comuna 13,209128,5,2025,8,7714
Argentina,Ciudad Autonoma de Buenos Aires,Comuna 13,209129,5,2025,6,7809
Argentina,Ciudad Autonoma de Buenos Aires,Comuna 14,209801,5,2025,6,8008
Argentina,Ciudad Autonoma de Buenos Aires,Comuna 14,209802,5,2025,12,8651
Argentina,Ciudad Autonoma de Buenos Aires,Comuna 14,209803,5,2025,7,9921
Argentina,Ciudad Autonoma de Buenos Aires,Comuna 14,209804,5,2025,18,9128
Argentina,Ciudad Autonoma de Buenos Aires,Comuna 14,209805,5,2025,12,7958
Argentina,Ciudad Autonoma de Buenos Aires,Comuna 14,209806,5,2025,4,9397
Argentina,Ciudad Autonoma de Buenos Aires,Comuna 14,209807,5,2025,5,9307
Argentina,Ciudad Autonoma de Buenos Aires,Comuna 14,209808,5,2025,6,8700
Argentina,Ciudad Autonoma de Buenos Aires,Comuna 14,209809,5,2025,12,12492
Argentina,Ciudad Autonoma de Buenos Aires,Comuna 14,209810,5,2025,1,190
Argentina,Ciudad Autonoma de Buenos Aires,Comuna 14,209811,5,2025,21,12051
Argentina,Ciudad Autonoma de Buenos Aires,Comuna 14,209812,5,2025,10,7962
Argentina,Ciudad Autonoma de Buenos Aires,Comuna 14,209813,5,2025,8,7376
Argentina,Ciudad Autonoma de Buenos Aires,Comuna 14,209814,5,2025,6,7484
Argentina,Ciudad Autonoma de Buenos Aires,Comuna 14,209815,5,2025,12,8094
Argentina,Ciudad Autonoma de Buenos Aires,Comuna 14,209816,5,2025,8,6773
Argentina,Ciudad Autonoma de Buenos Aires,Comuna 14,209817,5,2025,11,7231
Argentina,Ciudad Autonoma de Buenos Aires,Comuna 14,209818,5,2025,11,6981
Argentina,Ciudad Autonoma de Buenos Aires,Comuna 14,209819,5,2025,3,5589
Argentina,Ciudad Autonoma de Buenos Aires,Comuna 14,209820,5,2025,5,6758
Argentina,Ciudad Autonoma de Buenos Aires,Comuna 14,209821,5,2025,10,7312
Argentina,Ciudad Autonoma de Buenos Aires,Comuna 14,209822,5,2025,10,8363
Argentina,Ciudad Autonoma de Buenos Aires,Comuna 14,209823,5,2025,19,11012
Argentina,Ciudad Autonoma de Buenos Aires,Comuna 14,209824,5,2025,5,6199
Argentina,Ciudad Autonoma de Buenos Aires,Comuna 14,209825,5,2025,8,7637
Argentina,Ciudad Autonoma de Buenos Aires,Comuna 14,209826,5,2025,6,6558
Argentina,Ciudad Autonoma de Buenos Aires,Comuna 14,209827,5,2025,8,6199
Argentina,Ciudad Autonoma de Buenos Aires,Comuna 14,209828,5,2025,12,9243
Argentina,Ciudad Autonoma de Buenos Aires,Comuna 14,209829,5,2025,7,8453
Argentina,Ciudad Autonoma de Buenos Aires,Comuna 14,209830,5,2025,5,8109
Argentina,Ciudad Autonoma de Buenos Aires,Comuna 14,209831,5,2025,5,8116
Argentina,Ciudad Autonoma de Buenos Aires,Comuna 15,210501,5,2025,11,9594
Argentina,Ciudad Autonoma de Buenos Aires,Comuna 15,210502,5,2025,4,6548
Argentina,Ciudad Autonoma de Buenos Aires,Comuna 15,210503,5,2025,9,10235
Argentina,Ciudad Autonoma de Buenos Aires,Comuna 15,210504,5,2025,8,12235
Argentina,Ciudad Autonoma de Buenos Aires,Comuna 15,210505,5,2025,10,12207
Argentina,Ciudad Autonoma de Buenos Aires,Comuna 15,210506,5,2025,3,4156
Argentina,Ciudad Autonoma de Buenos Aires,Comuna 15,210507,5,2025,21,12285
Argentina,Ciudad Autonoma de Buenos Aires,Comuna 15,210508,5,2025,11,8807
Argentina,Ciudad Autonoma de Buenos Aires,Comuna 15,210509,5,2025,11,8645
Argentina,Ciudad Autonoma de Buenos Aires,Comuna 15,210510,5,2025,14,10813
Argentina,Ciudad Autonoma de Buenos Aires,Comuna 15,210511,5,2025,15,11863
Argentina,Ciudad Autonoma de Buenos Aires,Comuna 15,210512,5,2025,5,7208
Argentina,Ciudad Autonoma de Buenos Aires,Comuna 15,210513,5,2025,9,7242
Argentina,Ciudad Autonoma de Buenos Aires,Comuna 15,210514,5,2025,9,9564
Argentina,Ciudad Autonoma de Buenos Aires,Comuna 15,210515,5,2025,6,9091
Argentina,Ciudad Autonoma de Buenos Aires,Comuna 15,210516,5,2025,8,8911
Argentina,Ciudad Autonoma de Buenos Aires,Comuna 15,210517,5,2025,7,8753
Argentina,Ciudad Autonoma de Buenos Aires,Comuna 15,210518,5,2025,6,8161
Argentina,Ciudad Autonoma de Buenos Aires,Comuna 15,210519,5,2025,9,8739
Argentina,Ciudad Autonoma de Buenos Aires,Comuna 15,210520,5,2025,9,8787
Argentina,Ciudad Autonoma de Buenos Aires,Comuna 15,210521,5,2025,12,11421
Argentina,Ciudad Autonoma de Buenos Aires,Comuna 2,201401,5,2025,0,554
Argentina,Ciudad Autonoma de Buenos Aires,Comuna 2,201402,5,2025,7,5022
Argentina,Ciudad Autonoma de Buenos Aires,Comuna 2,201403,5,2025,8,5681
Argentina,Ciudad Autonoma de Buenos Aires,Comuna 2,201404,5,2025,4,6670
Argentina,Ciudad Autonoma de Buenos Aires,Comuna 2,201405,5,2025,9,6654
Argentina,Ciudad Autonoma de Buenos Aires,Comuna 2,201406,5,2025,8,6504
Argentina,Ciudad Autonoma de Buenos Aires,Comuna 2,201407,5,2025,9,7631
Argentina,Ciudad Autonoma de Buenos Aires,Comuna 2,201408,5,2025,9,9285
Argentina,Ciudad Autonoma de Buenos Aires,Comuna 2,201409,5,2025,5,8985
Argentina,Ciudad Autonoma de Buenos Aires,Comuna 2,201410,5,2025,4,7067
Argentina,Ciudad Autonoma de Buenos Aires,Comuna 2,201411,5,2025,4,5593
Argentina,Ciudad Autonoma de Buenos Aires,Comuna 2,201412,5,2025,4,5734
Argentina,Ciudad Autonoma de Buenos Aires,Comuna 2,201413,5,2025,7,7043
Argentina,Ciudad Autonoma de Buenos Aires,Comuna 2,201414,5,2025,10,8370
Argentina,Ciudad Autonoma de Buenos Aires,Comuna 2,201415,5,2025,5,6053
Argentina,Ciudad Autonoma de Buenos Aires,Comuna 2,201416,5,2025,2,5917
Argentina,Ciudad Autonoma de Buenos Aires,Comuna 2,201417,5,2025,10,7963
Argentina,Ciudad Autonoma de Buenos Aires,Comuna 2,201418,5,2025,6,6383
Argentina,Ciudad Autonoma de Buenos Aires,Comuna 2,201419,5,2025,7,6436
Argentina,Ciudad Autonoma de Buenos Aires,Comuna 2,201420,5,2025,7,7134
Argentina,Ciudad Autonoma de Buenos Aires,Comuna 2,201421,5,2025,4,5726
Argentina,Ciudad Autonoma de Buenos Aires,Comuna 2,201422,5,2025,5,5002
Argentina,Ciudad Autonoma de Buenos Aires,Comuna 2,201423,5,2025,4,5517
Argentina,Ciudad Autonoma de Buenos Aires,Comuna 2,201424,5,2025,2,5483
Argentina,Ciudad Autonoma de Buenos Aires,Comuna 2,201425,5,2025,8,8202
Argentina,Ciudad Autonoma de Buenos Aires,Comuna 5,203501,5,2025,9,9107
Argentina,Ciudad Autonoma de Buenos Aires,Comuna 5,203502,5,2025,10,8659
Argentina,Ciudad Autonoma de Buenos Aires,Comuna 5,203503,5,2025,9,9246
Argentina,Ciudad Autonoma de Buenos Aires,Comuna 5,203504,5,2025,11,8180
Argentina,Ciudad Autonoma de Buenos Aires,Comuna 5,203505,5,2025,13,6557
Argentina,Ciudad Autonoma de Buenos Aires,Comuna 5,203506,5,2025,11,7989
Argentina,Ciudad Autonoma de Buenos Aires,Comuna 5,203507,5,2025,6,7616
Argentina,Ciudad Autonoma de Buenos Aires,Comuna 5,203508,5,2025,9,8744
Argentina,Ciudad Autonoma de Buenos Aires,Comuna 5,203509,5,2025,5,7892
Argentina,Ciudad Autonoma de Buenos Aires,Comuna 5,203510,5,2025,11,8718
Argentina,Ciudad Autonoma de Buenos Aires,Comuna 5,203511,5,2025,7,9263
Argentina,Ciudad Autonoma de Buenos Aires,Comuna 5,203512,5,2025,9,7201
Argentina,Ciudad Autonoma de Buenos Aires,Comuna 5,203513,5,2025,10,7410
Argentina,Ciudad Autonoma de Buenos Aires,Comuna 5,203514,5,2025,9,8821
Argentina,Ciudad Autonoma de Buenos Aires,Comuna 5,203515,5,2025,8,7651
Argentina,Ciudad Autonoma de Buenos Aires,Comuna 5,203516,5,2025,10,10461
Argentina,Ciudad Autonoma de Buenos Aires,Comuna 5,203517,5,2025,9,9254
Argentina,Ciudad Autonoma de Buenos Aires,Comuna 5,203518,5,2025,7,9162
Argentina,Ciudad Autonoma de Buenos Aires,Comuna 5,203519,5,2025,8,9340
Argentina,Ciudad Autonoma de Buenos Aires,Comuna 5,203520,5,2025,5,11091
Argentina,Ciudad Autonoma de Buenos Aires,Comuna 5,203521,5,2025,9,8855
Argentina,Ciudad Autonoma de Buenos Aires,Comuna 5,203522,5,2025,10,11232
Argentina,Ciudad Autonoma de Buenos Aires,Comuna 6,204201,5,2025,8,9911
Argentina,Ciudad Autonoma de Buenos Aires,Comuna 6,204202,5,2025,11,10787
Argentina,Ciudad Autonoma de Buenos Aires,Comuna 6,204203,5,2025,13,8899
Argentina,Ciudad Autonoma de Buenos Aires,Comuna 6,204204,5,2025,11,11727
Argentina,Ciudad Autonoma de Buenos Aires,Comuna 6,204205,5,2025,8,10329
Argentina,Ciudad Autonoma de Buenos Aires,Comuna 6,204206,5,2025,19,10367
Argentina,Ciudad Autonoma de Buenos Aires,Comuna 6,204207,5,2025,18,12185
Argentina,Ciudad Autonoma de Buenos Aires,Comuna 6,204208,5,2025,11,9497
Argentina,Ciudad Autonoma de Buenos Aires,Comuna 6,204209,5,2025,3,7356
Argentina,Ciudad Autonoma de Buenos Aires,Comuna 6,204210,5,2025,13,8697
Argentina,Ciudad Autonoma de Buenos Aires,Comuna 6,204211,5,2025,7,9646
Argentina,Ciudad Autonoma de Buenos Aires,Comuna 6,204212,5,2025,9,7926
Argentina,Ciudad Autonoma de Buenos Aires,Comuna 6,204213,5,2025,13,10037
Argentina,Ciudad Autonoma de Buenos Aires,Comuna 6,204214,5,2025,9,9669
Argentina,Ciudad Autonoma de Buenos Aires,Comuna 6,204215,5,2025,8,9168
Argentina,Ciudad Autonoma de Buenos Aires,Comuna 6,204216,5,2025,8,12982
Argentina,Ciudad Autonoma de Buenos Aires,Comuna 6,204217,5,2025,7,7259
Argentina,Ciudad Autonoma de Buenos Aires,Comuna 6,204218,5,2025,9,8066
Argentina,Ciudad Autonoma de Buenos Aires,Comuna 6,204219,5,2025,9,7952
Argentina,Ciudad Autonoma de Buenos Aires,Comuna 6,204220,5,2025,9,8895
Argentina,Ciudad Autonoma de Buenos Aires,Comuna 6,204221,5,2025,10,10409
Argentina,Ciudad Autonoma de Buenos Aires,Comuna 7,204901,5,2025,8,6665
Argentina,Ciudad Autonoma de Buenos Aires,Comuna 7,204902,5,2025,8,8593
Argentina,Ciudad Autonoma de Buenos Aires,Comuna 7,204903,5,2025,7,10871
Argentina,Ciudad Autonoma de Buenos Aires,Comuna 7,204904,5,2025,11,9795
Argentina,Ciudad Autonoma de Buenos Aires,Comuna 7,204905,5,2025,7,8999
Argentina,Ciudad Autonoma de Buenos Aires,Comuna 7,204906,5,2025,7,7524
Argentina,Ciudad Autonoma de Buenos Aires,Comuna 7,204907,5,2025,9,9257
Argentina,Ciudad Autonoma de Buenos Aires,Comuna 7,204908,5,2025,11,7685
Argentina,Ciudad Autonoma de Buenos Aires,Comuna 7,204909,5,2025,10,9705
Argentina,Ciudad Autonoma de Buenos Aires,Comuna 7,204910,5,2025,10,8735
Argentina,Ciudad Autonoma de Buenos Aires,Comuna 7,204911,5,2025,11,10501
Argentina,Ciudad Autonoma de Buenos Aires,Comuna 7,204912,5,2025,9,7467
Argentina,Ciudad Autonoma de Buenos Aires,Comuna 7,204913,5,2025,11,11414
Argentina,Ciudad Autonoma de Buenos Aires,Comuna 7,204914,5,2025,8,11132
Argentina,Ciudad Autonoma de Buenos Aires,Comuna 7,204915,5,2025,5,9647
Argentina,Ciudad Autonoma de Buenos Aires,Comuna 7,204916,5,2025,8,8094
Argentina,Ciudad Autonoma de Buenos Aires,Comuna 7,204917,5,2025,1,2971
Argentina,Ciudad Autonoma de Buenos Aires,Comuna 7,204918,5,2025,5,3398
Argentina,Ciudad Autonoma de Buenos Aires,Comuna 7,204919,5,2025,4,6454
Argentina,Ciudad Autonoma de Buenos Aires,Comuna 7,204920,5,2025,14,12736
Argentina,Ciudad Autonoma de Buenos Aires,Comuna 7,204921,5,2025,3,11351
Argentina,Ciudad Autonoma de Buenos Aires,Comuna 7,204922,5,2025,11,11303
Argentina,Ciudad Autonoma de Buenos Aires,Comuna 7,204923,5,2025,4,7839
Argentina,Ciudad Autonoma de Buenos Aires,Comuna 7,204924,5,2025,20,11126
Argentina,Ciudad Autonoma de Buenos Aires,Comuna 10,207001,6,2025,8,6651
Argentina,Ciudad Autonoma de Buenos Aires,Comuna 10,207002,6,2025,8,7094
Argentina,Ciudad Autonoma de Buenos Aires,Comuna 10,207003,6,2025,0,6682
Argentina,Ciudad Autonoma de Buenos Aires,Comuna 10,207004,6,2025,8,9342
Argentina,Ciudad Autonoma de Buenos Aires,Comuna 10,207005,6,2025,18,11787
Argentina,Ciudad Autonoma de Buenos Aires,Comuna 10,207006,6,2025,8,12408
Argentina,Ciudad Autonoma de Buenos Aires,Comuna 10,207007,6,2025,18,11630
Argentina,Ciudad Autonoma de Buenos Aires,Comuna 10,207008,6,2025,9,9038
Argentina,Ciudad Autonoma de Buenos Aires,Comuna 10,207009,6,2025,10,8752
Argentina,Ciudad Autonoma de Buenos Aires,Comuna 10,207010,6,2025,11,10398
Argentina,Ciudad Autonoma de Buenos Aires,Comuna 10,207011,6,2025,6,8554
Argentina,Ciudad Autonoma de Buenos Aires,Comuna 10,207012,6,2025,4,6677
Argentina,Ciudad Autonoma de Buenos Aires,Comuna 10,207013,6,2025,7,8285
Argentina,Ciudad Autonoma de Buenos Aires,Comuna 10,207014,6,2025,11,9092
Argentina,Ciudad Autonoma de Buenos Aires,Comuna 10,207015,6,2025,12,7248
Argentina,Ciudad Autonoma de Buenos Aires,Comuna 10,207016,6,2025,2,8724
Argentina,Ciudad Autonoma de Buenos Aires,Comuna 10,207017,6,2025,3,9635
Argentina,Ciudad Autonoma de Buenos Aires,Comuna 10,207018,6,2025,14,8682
Argentina,Ciudad Autonoma de Buenos Aires,Comuna 10,207019,6,2025,14,11217
Argentina,Ciudad Autonoma de Buenos Aires,Comuna 11,207701,6,2025,7,11069
Argentina,Ciudad Autonoma de Buenos Aires,Comuna 11,207702,6,2025,15,10205
Argentina,Ciudad Autonoma de Buenos Aires,Comuna 11,207703,6,2025,7,9103
Argentina,Ciudad Autonoma de Buenos Aires,Comuna 11,207704,6,2025,15,10387
Argentina,Ciudad Autonoma de Buenos Aires,Comuna 11,207705,6,2025,7,7955
Argentina,Ciudad Autonoma de Buenos Aires,Comuna 11,207706,6,2025,13,11455
Argentina,Ciudad Autonoma de Buenos Aires,Comuna 11,207707,6,2025,16,11428
Argentina,Ciudad Autonoma de Buenos Aires,Comuna 11,207708,6,2025,11,8072
Argentina,Ciudad Autonoma de Buenos Aires,Comuna 11,207709,6,2025,5,9257
Argentina,Ciudad Autonoma de Buenos Aires,Comuna 11,207710,6,2025,13,11259
Argentina,Ciudad Autonoma de Buenos Aires,Comuna 11,207711,6,2025,12,8065
Argentina,Ciudad Autonoma de Buenos Aires,Comuna 11,207712,6,2025,13,8059
Argentina,Ciudad Autonoma de Buenos Aires,Comuna 11,207713,6,2025,10,9254
Argentina,Ciudad Autonoma de Buenos Aires,Comuna 11,207714,6,2025,7,7270
Argentina,Ciudad Autonoma de Buenos Aires,Comuna 11,207715,6,2025,8,10022
Argentina,Ciudad Autonoma de Buenos Aires,Comuna 11,207716,6,2025,11,9462
Argentina,Ciudad Autonoma de Buenos Aires,Comuna 11,207717,6,2025,6,6323
Argentina,Ciudad Autonoma de Buenos Aires,Comuna 11,207718,6,2025,4,9010
Argentina,Ciudad Autonoma de Buenos Aires,Comuna 11,207719,6,2025,10,7194
Argentina,Ciudad Autonoma de Buenos Aires,Comuna 11,207720,6,2025,9,9079
Argentina,Ciudad Autonoma de Buenos Aires,Comuna 11,207721,6,2025,8,9075
Argentina,Ciudad Autonoma de Buenos Aires,Comuna 11,207722,6,2025,14,8902
Argentina,Ciudad Autonoma de Buenos Aires,Comuna 12,208401,6,2025,7,9341
Argentina,Ciudad Autonoma de Buenos Aires,Comuna 12,208402,6,2025,8,8793
Argentina,Ciudad Autonoma de Buenos Aires,Comuna 12,208403,6,2025,7,9271
Argentina,Ciudad Autonoma de Buenos Aires,Comuna 12,208404,6,2025,13,8702
Argentina,Ciudad Autonoma de Buenos Aires,Comuna 12,208405,6,2025,6,8415
Argentina,Ciudad Autonoma de Buenos Aires,Comuna 12,208406,6,2025,6,9143
Argentina,Ciudad Autonoma de Buenos Aires,Comuna 12,208407,6,2025,9,10293
Argentina,Ciudad Autonoma de Buenos Aires,Comuna 12,208408,6,2025,11,10510
Argentina,Ciudad Autonoma de Buenos Aires,Comuna 12,208409,6,2025,10,8365
Argentina,Ciudad Autonoma de Buenos Aires,Comuna 12,208410,6,2025,10,11926
Argentina,Ciudad Autonoma de Buenos Aires,Comuna 12,208411,6,2025,7,10276
Argentina,Ciudad Autonoma de Buenos Aires,Comuna 12,208412,6,2025,5,8291
Argentina,Ciudad Autonoma de Buenos Aires,Comuna 12,208413,6,2025,9,9891
Argentina,Ciudad Autonoma de Buenos Aires,Comuna 12,208414,6,2025,12,12202
Argentina,Ciudad Autonoma de Buenos Aires,Comuna 12,208415,6,2025,13,13785
Argentina,Ciudad Autonoma de Buenos Aires,Comuna 12,208416,6,2025,18,16395
Argentina,Ciudad Autonoma de Buenos Aires,Comuna 12,208417,6,2025,10,9935
Argentina,Ciudad Autonoma de Buenos Aires,Comuna 12,208418,6,2025,14,13227
Argentina,Ciudad Autonoma de Buenos Aires,Comuna 12,208419,6,2025,16,12268
Argentina,Ciudad Autonoma de Buenos Aires,Comuna 12,208420,6,2025,11,9926
Argentina,Ciudad Autonoma de Buenos Aires,Comuna 12,208421,6,2025,8,11426
Argentina,Ciudad Autonoma de Buenos Aires,Comuna 12,208422,6,2025,13,12983
Argentina,Ciudad Autonoma de Buenos Aires,Comuna 13,209101,6,2025,12,11656
Argentina,Ciudad Autonoma de Buenos Aires,Comuna 13,209102,6,2025,8,10984
Argentina,Ciudad Autonoma de Buenos Aires,Comuna 13,209103,6,2025,10,10868
Argentina,Ciudad Autonoma de Buenos Aires,Comuna 13,209104,6,2025,14,13113
Argentina,Ciudad Autonoma de Buenos Aires,Comuna 13,209105,6,2025,15,10421
Argentina,Ciudad Autonoma de Buenos Aires,Comuna 13,209106,6,2025,6,7917
Argentina,Ciudad Autonoma de Buenos Aires,Comuna 13,209107,6,2025,6,8294
Argentina,Ciudad Autonoma de Buenos Aires,Comuna 13,209108,6,2025,8,9153
Argentina,Ciudad Autonoma de Buenos Aires,Comuna 13,209109,6,2025,13,8207
Argentina,Ciudad Autonoma de Buenos Aires,Comuna 13,209110,6,2025,10,10807
Argentina,Ciudad Autonoma de Buenos Aires,Comuna 13,209111,6,2025,4,4808
Argentina,Ciudad Autonoma de Buenos Aires,Comuna 13,209112,6,2025,13,8591
Argentina,Ciudad Autonoma de Buenos Aires,Comuna 13,209113,6,2025,10,10772
Argentina,Ciudad Autonoma de Buenos Aires,Comuna 13,209114,6,2025,5,7311
Argentina,Ciudad Autonoma de Buenos Aires,Comuna 13,209115,6,2025,7,9651
Argentina,Ciudad Autonoma de Buenos Aires,Comuna 13,209116,6,2025,18,10427
Argentina,Ciudad Autonoma de Buenos Aires,Comuna 13,209117,6,2025,12,11221
Argentina,Ciudad Autonoma de Buenos Aires,Comuna 13,209118,6,2025,12,8113
Argentina,Ciudad Autonoma de Buenos Aires,Comuna 13,209119,6,2025,3,8504
Argentina,Ciudad Autonoma de Buenos Aires,Comuna 13,209120,6,2025,9,9333
Argentina,Ciudad Autonoma de Buenos Aires,Comuna 13,209121,6,2025,6,8521
Argentina,Ciudad Autonoma de Buenos Aires,Comuna 13,209122,6,2025,6,8416
Argentina,Ciudad Autonoma de Buenos Aires,Comuna 13,209123,6,2025,13,9675
Argentina,Ciudad Autonoma de Buenos Aires,Comuna 13,209124,6,2025,7,7611
Argentina,Ciudad Autonoma de Buenos Aires,Comuna 13,209125,6,2025,5,6503
Argentina,Ciudad Autonoma de Buenos Aires,Comuna 13,209126,6,2025,10,8070
Argentina,Ciudad Autonoma de Buenos Aires,Comuna 13,209127,6,2025,5,7860
Argentina,Ciudad Autonoma de Buenos Aires,Comuna 13,209128,6,2025,8,7714
Argentina,Ciudad Autonoma de Buenos Aires,Comuna 13,209129,6,2025,11,7809
Argentina,Ciudad Autonoma de Buenos Aires,Comuna 14,209801,6,2025,7,8008
Argentina,Ciudad Autonoma de Buenos Aires,Comuna 14,209802,6,2025,6,8651
Argentina,Ciudad Autonoma de Buenos Aires,Comuna 14,209803,6,2025,8,9921
Argentina,Ciudad Autonoma de Buenos Aires,Comuna 14,209804,6,2025,14,9128
Argentina,Ciudad Autonoma de Buenos Aires,Comuna 14,209805,6,2025,8,7958
Argentina,Ciudad Autonoma de Buenos Aires,Comuna 14,209806,6,2025,9,9397
Argentina,Ciudad Autonoma de Buenos Aires,Comuna 14,209807,6,2025,12,9307
Argentina,Ciudad Autonoma de Buenos Aires,Comuna 14,209808,6,2025,9,8700
Argentina,Ciudad Autonoma de Buenos Aires,Comuna 14,209809,6,2025,13,12492
Argentina,Ciudad Autonoma de Buenos Aires,Comuna 14,209810,6,2025,0,190
Argentina,Ciudad Autonoma de Buenos Aires,Comuna 14,209811,6,2025,12,12051
Argentina,Ciudad Autonoma de Buenos Aires,Comuna 14,209812,6,2025,7,7962
Argentina,Ciudad Autonoma de Buenos Aires,Comuna 14,209813,6,2025,8,7376
Argentina,Ciudad Autonoma de Buenos Aires,Comuna 14,209814,6,2025,5,7484
Argentina,Ciudad Autonoma de Buenos Aires,Comuna 14,209815,6,2025,11,8094
Argentina,Ciudad Autonoma de Buenos Aires,Comuna 14,209816,6,2025,5,6773
Argentina,Ciudad Autonoma de Buenos Aires,Comuna 14,209817,6,2025,6,7231
Argentina,Ciudad Autonoma de Buenos Aires,Comuna 14,209818,6,2025,6,6981
Argentina,Ciudad Autonoma de Buenos Aires,Comuna 14,209819,6,2025,2,5589
Argentina,Ciudad Autonoma de Buenos Aires,Comuna 14,209820,6,2025,5,6758
Argentina,Ciudad Autonoma de Buenos Aires,Comuna 14,209821,6,2025,6,7312
Argentina,Ciudad Autonoma de Buenos Aires,Comuna 14,209822,6,2025,10,8363
Argentina,Ciudad Autonoma de Buenos Aires,Comuna 14,209823,6,2025,19,11012
Argentina,Ciudad Autonoma de Buenos Aires,Comuna 14,209824,6,2025,8,6199
Argentina,Ciudad Autonoma de Buenos Aires,Comuna 14,209825,6,2025,13,7637
Argentina,Ciudad Autonoma de Buenos Aires,Comuna 14,209826,6,2025,8,6558
Argentina,Ciudad Autonoma de Buenos Aires,Comuna 14,209827,6,2025,7,6199
Argentina,Ciudad Autonoma de Buenos Aires,Comuna 14,209828,6,2025,9,9243
Argentina,Ciudad Autonoma de Buenos Aires,Comuna 14,209829,6,2025,11,8453
Argentina,Ciudad Autonoma de Buenos Aires,Comuna 14,209830,6,2025,10,8109
Argentina,Ciudad Autonoma de Buenos Aires,Comuna 14,209831,6,2025,12,8116
Argentina,Ciudad Autonoma de Buenos Aires,Comuna 15,210501,6,2025,12,9594
Argentina,Ciudad Autonoma de Buenos Aires,Comuna 15,210502,6,2025,3,6548
Argentina,Ciudad Autonoma de Buenos Aires,Comuna 15,210503,6,2025,6,10235
Argentina,Ciudad Autonoma de Buenos Aires,Comuna 15,210504,6,2025,16,12235
Argentina,Ciudad Autonoma de Buenos Aires,Comuna 15,210505,6,2025,12,12207
Argentina,Ciudad Autonoma de Buenos Aires,Comuna 15,210506,6,2025,5,4156
Argentina,Ciudad Autonoma de Buenos Aires,Comuna 15,210507,6,2025,9,12285
Argentina,Ciudad Autonoma de Buenos Aires,Comuna 15,210508,6,2025,8,8807
Argentina,Ciudad Autonoma de Buenos Aires,Comuna 15,210509,6,2025,6,8645
Argentina,Ciudad Autonoma de Buenos Aires,Comuna 15,210510,6,2025,7,10813
Argentina,Ciudad Autonoma de Buenos Aires,Comuna 15,210511,6,2025,8,11863
Argentina,Ciudad Autonoma de Buenos Aires,Comuna 15,210512,6,2025,4,7208
Argentina,Ciudad Autonoma de Buenos Aires,Comuna 15,210513,6,2025,7,7242
Argentina,Ciudad Autonoma de Buenos Aires,Comuna 15,210514,6,2025,6,9564
Argentina,Ciudad Autonoma de Buenos Aires,Comuna 15,210515,6,2025,6,9091
Argentina,Ciudad Autonoma de Buenos Aires,Comuna 15,210516,6,2025,16,8911
Argentina,Ciudad Autonoma de Buenos Aires,Comuna 15,210517,6,2025,4,8753
Argentina,Ciudad Autonoma de Buenos Aires,Comuna 15,210518,6,2025,11,8161
Argentina,Ciudad Autonoma de Buenos Aires,Comuna 15,210519,6,2025,9,8739
Argentina,Ciudad Autonoma de Buenos Aires,Comuna 15,210520,6,2025,3,8787
Argentina,Ciudad Autonoma de Buenos Aires,Comuna 15,210521,6,2025,13,11421
Argentina,Ciudad Autonoma de Buenos Aires,Comuna 2,201401,6,2025,1,554
Argentina,Ciudad Autonoma de Buenos Aires,Comuna 2,201402,6,2025,2,5022
Argentina,Ciudad Autonoma de Buenos Aires,Comuna 2,201403,6,2025,5,5681
Argentina,Ciudad Autonoma de Buenos Aires,Comuna 2,201404,6,2025,7,6670
Argentina,Ciudad Autonoma de Buenos Aires,Comuna 2,201405,6,2025,8,6654
Argentina,Ciudad Autonoma de Buenos Aires,Comuna 2,201406,6,2025,7,6504
Argentina,Ciudad Autonoma de Buenos Aires,Comuna 2,201407,6,2025,12,7631
Argentina,Ciudad Autonoma de Buenos Aires,Comuna 2,201408,6,2025,5,9285
Argentina,Ciudad Autonoma de Buenos Aires,Comuna 2,201409,6,2025,14,8985
Argentina,Ciudad Autonoma de Buenos Aires,Comuna 2,201410,6,2025,10,7067
Argentina,Ciudad Autonoma de Buenos Aires,Comuna 2,201411,6,2025,8,5593
Argentina,Ciudad Autonoma de Buenos Aires,Comuna 2,201412,6,2025,7,5734
Argentina,Ciudad Autonoma de Buenos Aires,Comuna 2,201413,6,2025,9,7043
Argentina,Ciudad Autonoma de Buenos Aires,Comuna 2,201414,6,2025,15,8370
Argentina,Ciudad Autonoma de Buenos Aires,Comuna 2,201415,6,2025,9,6053
Argentina,Ciudad Autonoma de Buenos Aires,Comuna 2,201416,6,2025,10,5917
Argentina,Ciudad Autonoma de Buenos Aires,Comuna 2,201417,6,2025,3,7963
Argentina,Ciudad Autonoma de Buenos Aires,Comuna 2,201418,6,2025,6,6383
Argentina,Ciudad Autonoma de Buenos Aires,Comuna 2,201419,6,2025,3,6436
Argentina,Ciudad Autonoma de Buenos Aires,Comuna 2,201420,6,2025,6,7134
Argentina,Ciudad Autonoma de Buenos Aires,Comuna 2,201421,6,2025,3,5726
Argentina,Ciudad Autonoma de Buenos Aires,Comuna 2,201422,6,2025,0,5002
Argentina,Ciudad Autonoma de Buenos Aires,Comuna 2,201423,6,2025,1,5517
Argentina,Ciudad Autonoma de Buenos Aires,Comuna 2,201424,6,2025,3,5483
Argentina,Ciudad Autonoma de Buenos Aires,Comuna 2,201425,6,2025,10,8202
Argentina,Ciudad Autonoma de Buenos Aires,Comuna 5,203501,6,2025,4,9107
Argentina,Ciudad Autonoma de Buenos Aires,Comuna 5,203502,6,2025,6,8659
Argentina,Ciudad Autonoma de Buenos Aires,Comuna 5,203503,6,2025,15,9246
Argentina,Ciudad Autonoma de Buenos Aires,Comuna 5,203504,6,2025,7,8180
Argentina,Ciudad Autonoma de Buenos Aires,Comuna 5,203505,6,2025,5,6557
Argentina,Ciudad Autonoma de Buenos Aires,Comuna 5,203506,6,2025,7,7989
Argentina,Ciudad Autonoma de Buenos Aires,Comuna 5,203507,6,2025,8,7616
Argentina,Ciudad Autonoma de Buenos Aires,Comuna 5,203508,6,2025,7,8744
Argentina,Ciudad Autonoma de Buenos Aires,Comuna 5,203509,6,2025,13,7892
Argentina,Ciudad Autonoma de Buenos Aires,Comuna 5,203510,6,2025,9,8718
Argentina,Ciudad Autonoma de Buenos Aires,Comuna 5,203511,6,2025,4,9263
Argentina,Ciudad Autonoma de Buenos Aires,Comuna 5,203512,6,2025,5,7201
Argentina,Ciudad Autonoma de Buenos Aires,Comuna 5,203513,6,2025,3,7410
Argentina,Ciudad Autonoma de Buenos Aires,Comuna 5,203514,6,2025,7,8821
Argentina,Ciudad Autonoma de Buenos Aires,Comuna 5,203515,6,2025,6,7651
Argentina,Ciudad Autonoma de Buenos Aires,Comuna 5,203516,6,2025,14,10461
Argentina,Ciudad Autonoma de Buenos Aires,Comuna 5,203517,6,2025,10,9254
Argentina,Ciudad Autonoma de Buenos Aires,Comuna 5,203518,6,2025,6,9162
Argentina,Ciudad Autonoma de Buenos Aires,Comuna 5,203519,6,2025,12,9340
Argentina,Ciudad Autonoma de Buenos Aires,Comuna 5,203520,6,2025,9,11091
Argentina,Ciudad Autonoma de Buenos Aires,Comuna 5,203521,6,2025,12,8855
Argentina,Ciudad Autonoma de Buenos Aires,Comuna 5,203522,6,2025,14,11232
Argentina,Ciudad Autonoma de Buenos Aires,Comuna 6,204201,6,2025,9,9911
Argentina,Ciudad Autonoma de Buenos Aires,Comuna 6,204202,6,2025,7,10787
Argentina,Ciudad Autonoma de Buenos Aires,Comuna 6,204203,6,2025,11,8899
Argentina,Ciudad Autonoma de Buenos Aires,Comuna 6,204204,6,2025,6,11727
Argentina,Ciudad Autonoma de Buenos Aires,Comuna 6,204205,6,2025,10,10329
Argentina,Ciudad Autonoma de Buenos Aires,Comuna 6,204206,6,2025,15,10367
Argentina,Ciudad Autonoma de Buenos Aires,Comuna 6,204207,6,2025,8,12185
Argentina,Ciudad Autonoma de Buenos Aires,Comuna 6,204208,6,2025,7,9497
Argentina,Ciudad Autonoma de Buenos Aires,Comuna 6,204209,6,2025,7,7356
Argentina,Ciudad Autonoma de Buenos Aires,Comuna 6,204210,6,2025,5,8697
Argentina,Ciudad Autonoma de Buenos Aires,Comuna 6,204211,6,2025,6,9646
Argentina,Ciudad Autonoma de Buenos Aires,Comuna 6,204212,6,2025,9,7926
Argentina,Ciudad Autonoma de Buenos Aires,Comuna 6,204213,6,2025,10,10037
Argentina,Ciudad Autonoma de Buenos Aires,Comuna 6,204214,6,2025,11,9669
Argentina,Ciudad Autonoma de Buenos Aires,Comuna 6,204215,6,2025,12,9168
Argentina,Ciudad Autonoma de Buenos Aires,Comuna 6,204216,6,2025,14,12982
Argentina,Ciudad Autonoma de Buenos Aires,Comuna 6,204217,6,2025,6,7259
Argentina,Ciudad Autonoma de Buenos Aires,Comuna 6,204218,6,2025,12,8066
Argentina,Ciudad Autonoma de Buenos Aires,Comuna 6,204219,6,2025,14,7952
Argentina,Ciudad Autonoma de Buenos Aires,Comuna 6,204220,6,2025,7,8895
Argentina,Ciudad Autonoma de Buenos Aires,Comuna 6,204221,6,2025,2,10409
Argentina,Ciudad Autonoma de Buenos Aires,Comuna 7,204901,6,2025,3,6665
Argentina,Ciudad Autonoma de Buenos Aires,Comuna 7,204902,6,2025,7,8593
Argentina,Ciudad Autonoma de Buenos Aires,Comuna 7,204903,6,2025,6,10871
Argentina,Ciudad Autonoma de Buenos Aires,Comuna 7,204904,6,2025,8,9795
Argentina,Ciudad Autonoma de Buenos Aires,Comuna 7,204905,6,2025,10,8999
Argentina,Ciudad Autonoma de Buenos Aires,Comuna 7,204906,6,2025,16,7524
Argentina,Ciudad Autonoma de Buenos Aires,Comuna 7,204907,6,2025,12,9257
Argentina,Ciudad Autonoma de Buenos Aires,Comuna 7,204908,6,2025,10,7685
Argentina,Ciudad Autonoma de Buenos Aires,Comuna 7,204909,6,2025,10,9705
Argentina,Ciudad Autonoma de Buenos Aires,Comuna 7,204910,6,2025,13,8735
Argentina,Ciudad Autonoma de Buenos Aires,Comuna 7,204911,6,2025,4,10501
Argentina,Ciudad Autonoma de Buenos Aires,Comuna 7,204912,6,2025,11,7467
Argentina,Ciudad Autonoma de Buenos Aires,Comuna 7,204913,6,2025,10,11414
Argentina,Ciudad Autonoma de Buenos Aires,Comuna 7,204914,6,2025,13,11132
Argentina,Ciudad Autonoma de Buenos Aires,Comuna 7,204915,6,2025,8,9647
Argentina,Ciudad Autonoma de Buenos Aires,Comuna 7,204916,6,2025,12,8094
Argentina,Ciudad Autonoma de Buenos Aires,Comuna 7,204917,6,2025,5,2971
Argentina,Ciudad Autonoma de Buenos Aires,Comuna 7,204918,6,2025,6,3398
Argentina,Ciudad Autonoma de Buenos Aires,Comuna 7,204919,6,2025,11,6454
Argentina,Ciudad Autonoma de Buenos Aires,Comuna 7,204920,6,2025,14,12736
Argentina,Ciudad Autonoma de Buenos Aires,Comuna 7,204921,6,2025,9,11351
Argentina,Ciudad Autonoma de Buenos Aires,Comuna 7,204922,6,2025,16,11303
Argentina,Ciudad Autonoma de Buenos Aires,Comuna 7,204923,6,2025,8,7839
Argentina,Ciudad Autonoma de Buenos Aires,Comuna 7,204924,6,2025,10,11126
Argentina,Ciudad Autonoma de Buenos Aires,Comuna 10,207001,7,2025,3,6651
Argentina,Ciudad Autonoma de Buenos Aires,Comuna 10,207002,7,2025,7,7094
Argentina,Ciudad Autonoma de Buenos Aires,Comuna 10,207003,7,2025,3,6682
Argentina,Ciudad Autonoma de Buenos Aires,Comuna 10,207004,7,2025,12,9342
Argentina,Ciudad Autonoma de Buenos Aires,Comuna 10,207005,7,2025,12,11787
Argentina,Ciudad Autonoma de Buenos Aires,Comuna 10,207006,7,2025,7,12408
Argentina,Ciudad Autonoma de Buenos Aires,Comuna 10,207007,7,2025,17,11630
Argentina,Ciudad Autonoma de Buenos Aires,Comuna 10,207008,7,2025,8,9038
Argentina,Ciudad Autonoma de Buenos Aires,Comuna 10,207009,7,2025,4,8752
Argentina,Ciudad Autonoma de Buenos Aires,Comuna 10,207010,7,2025,12,10398
Argentina,Ciudad Autonoma de Buenos Aires,Comuna 10,207011,7,2025,10,8554
Argentina,Ciudad Autonoma de Buenos Aires,Comuna 10,207012,7,2025,6,6677
Argentina,Ciudad Autonoma de Buenos Aires,Comuna 10,207013,7,2025,6,8285
Argentina,Ciudad Autonoma de Buenos Aires,Comuna 10,207014,7,2025,9,9092
Argentina,Ciudad Autonoma de Buenos Aires,Comuna 10,207015,7,2025,12,7248
Argentina,Ciudad Autonoma de Buenos Aires,Comuna 10,207016,7,2025,11,8724
Argentina,Ciudad Autonoma de Buenos Aires,Comuna 10,207017,7,2025,8,9635
Argentina,Ciudad Autonoma de Buenos Aires,Comuna 10,207018,7,2025,14,8682
Argentina,Ciudad Autonoma de Buenos Aires,Comuna 10,207019,7,2025,4,11217
Argentina,Ciudad Autonoma de Buenos Aires,Comuna 11,207701,7,2025,9,11069
Argentina,Ciudad Autonoma de Buenos Aires,Comuna 11,207702,7,2025,6,10205
Argentina,Ciudad Autonoma de Buenos Aires,Comuna 11,207703,7,2025,5,9103
Argentina,Ciudad Autonoma de Buenos Aires,Comuna 11,207704,7,2025,11,10387
Argentina,Ciudad Autonoma de Buenos Aires,Comuna 11,207705,7,2025,12,7955
Argentina,Ciudad Autonoma de Buenos Aires,Comuna 11,207706,7,2025,14,11455
Argentina,Ciudad Autonoma de Buenos Aires,Comuna 11,207707,7,2025,6,11428
Argentina,Ciudad Autonoma de Buenos Aires,Comuna 11,207708,7,2025,7,8072
Argentina,Ciudad Autonoma de Buenos Aires,Comuna 11,207709,7,2025,11,9257
Argentina,Ciudad Autonoma de Buenos Aires,Comuna 11,207710,7,2025,7,11259
Argentina,Ciudad Autonoma de Buenos Aires,Comuna 11,207711,7,2025,7,8065
Argentina,Ciudad Autonoma de Buenos Aires,Comuna 11,207712,7,2025,6,8059
Argentina,Ciudad Autonoma de Buenos Aires,Comuna 11,207713,7,2025,6,9254
Argentina,Ciudad Autonoma de Buenos Aires,Comuna 11,207714,7,2025,7,7270
Argentina,Ciudad Autonoma de Buenos Aires,Comuna 11,207715,7,2025,7,10022
Argentina,Ciudad Autonoma de Buenos Aires,Comuna 11,207716,7,2025,12,9462
Argentina,Ciudad Autonoma de Buenos Aires,Comuna 11,207717,7,2025,8,6323
Argentina,Ciudad Autonoma de Buenos Aires,Comuna 11,207718,7,2025,11,9010
Argentina,Ciudad Autonoma de Buenos Aires,Comuna 11,207719,7,2025,5,7194
Argentina,Ciudad Autonoma de Buenos Aires,Comuna 11,207720,7,2025,7,9079
Argentina,Ciudad Autonoma de Buenos Aires,Comuna 11,207721,7,2025,9,9075
Argentina,Ciudad Autonoma de Buenos Aires,Comuna 11,207722,7,2025,10,8902
Argentina,Ciudad Autonoma de Buenos Aires,Comuna 12,208401,7,2025,9,9341
Argentina,Ciudad Autonoma de Buenos Aires,Comuna 12,208402,7,2025,14,8793
Argentina,Ciudad Autonoma de Buenos Aires,Comuna 12,208403,7,2025,5,9271
Argentina,Ciudad Autonoma de Buenos Aires,Comuna 12,208404,7,2025,6,8702
Argentina,Ciudad Autonoma de Buenos Aires,Comuna 12,208405,7,2025,6,8415
Argentina,Ciudad Autonoma de Buenos Aires,Comuna 12,208406,7,2025,13,9143
Argentina,Ciudad Autonoma de Buenos Aires,Comuna 12,208407,7,2025,9,10293
Argentina,Ciudad Autonoma de Buenos Aires,Comuna 12,208408,7,2025,8,10510
Argentina,Ciudad Autonoma de Buenos Aires,Comuna 12,208409,7,2025,12,8365
Argentina,Ciudad Autonoma de Buenos Aires,Comuna 12,208410,7,2025,16,11926
Argentina,Ciudad Autonoma de Buenos Aires,Comuna 12,208411,7,2025,10,10276
Argentina,Ciudad Autonoma de Buenos Aires,Comuna 12,208412,7,2025,10,8291
Argentina,Ciudad Autonoma de Buenos Aires,Comuna 12,208413,7,2025,16,9891
Argentina,Ciudad Autonoma de Buenos Aires,Comuna 12,208414,7,2025,11,12202
Argentina,Ciudad Autonoma de Buenos Aires,Comuna 12,208415,7,2025,9,13785
Argentina,Ciudad Autonoma de Buenos Aires,Comuna 12,208416,7,2025,14,16395
Argentina,Ciudad Autonoma de Buenos Aires,Comuna 12,208417,7,2025,10,9935
Argentina,Ciudad Autonoma de Buenos Aires,Comuna 12,208418,7,2025,14,13227
Argentina,Ciudad Autonoma de Buenos Aires,Comuna 12,208419,7,2025,9,12268
Argentina,Ciudad Autonoma de Buenos Aires,Comuna 12,208420,7,2025,13,9926
Argentina,Ciudad Autonoma de Buenos Aires,Comuna 12,208421,7,2025,11,11426
Argentina,Ciudad Autonoma de Buenos Aires,Comuna 12,208422,7,2025,11,12983
Argentina,Ciudad Autonoma de Buenos Aires,Comuna 13,209101,7,2025,16,11656
Argentina,Ciudad Autonoma de Buenos Aires,Comuna 13,209102,7,2025,12,10984
Argentina,Ciudad Autonoma de Buenos Aires,Comuna 13,209103,7,2025,12,10868
Argentina,Ciudad Autonoma de Buenos Aires,Comuna 13,209104,7,2025,14,13113
Argentina,Ciudad Autonoma de Buenos Aires,Comuna 13,209105,7,2025,13,10421
Argentina,Ciudad Autonoma de Buenos Aires,Comuna 13,209106,7,2025,9,7917
Argentina,Ciudad Autonoma de Buenos Aires,Comuna 13,209107,7,2025,7,8294
Argentina,Ciudad Autonoma de Buenos Aires,Comuna 13,209108,7,2025,10,9153
Argentina,Ciudad Autonoma de Buenos Aires,Comuna 13,209109,7,2025,13,8207
Argentina,Ciudad Autonoma de Buenos Aires,Comuna 13,209110,7,2025,13,10807
Argentina,Ciudad Autonoma de Buenos Aires,Comuna 13,209111,7,2025,10,4808
Argentina,Ciudad Autonoma de Buenos Aires,Comuna 13,209112,7,2025,5,8591
Argentina,Ciudad Autonoma de Buenos Aires,Comuna 13,209113,7,2025,16,10772
Argentina,Ciudad Autonoma de Buenos Aires,Comuna 13,209114,7,2025,5,7311
Argentina,Ciudad Autonoma de Buenos Aires,Comuna 13,209115,7,2025,14,9651
Argentina,Ciudad Autonoma de Buenos Aires,Comuna 13,209116,7,2025,10,10427
Argentina,Ciudad Autonoma de Buenos Aires,Comuna 13,209117,7,2025,10,11221
Argentina,Ciudad Autonoma de Buenos Aires,Comuna 13,209118,7,2025,8,8113
Argentina,Ciudad Autonoma de Buenos Aires,Comuna 13,209119,7,2025,6,8504
Argentina,Ciudad Autonoma de Buenos Aires,Comuna 13,209120,7,2025,8,9333
Argentina,Ciudad Autonoma de Buenos Aires,Comuna 13,209121,7,2025,7,8521
Argentina,Ciudad Autonoma de Buenos Aires,Comuna 13,209122,7,2025,6,8416
Argentina,Ciudad Autonoma de Buenos Aires,Comuna 13,209123,7,2025,8,9675
Argentina,Ciudad Autonoma de Buenos Aires,Comuna 13,209124,7,2025,12,7611
Argentina,Ciudad Autonoma de Buenos Aires,Comuna 13,209125,7,2025,9,6503
Argentina,Ciudad Autonoma de Buenos Aires,Comuna 13,209126,7,2025,6,8070
Argentina,Ciudad Autonoma de Buenos Aires,Comuna 13,209127,7,2025,6,7860
Argentina,Ciudad Autonoma de Buenos Aires,Comuna 13,209128,7,2025,6,7714
Argentina,Ciudad Autonoma de Buenos Aires,Comuna 13,209129,7,2025,5,7809
Argentina,Ciudad Autonoma de Buenos Aires,Comuna 14,209801,7,2025,8,8008
Argentina,Ciudad Autonoma de Buenos Aires,Comuna 14,209802,7,2025,6,8651
Argentina,Ciudad Autonoma de Buenos Aires,Comuna 14,209803,7,2025,4,9921
Argentina,Ciudad Autonoma de Buenos Aires,Comuna 14,209804,7,2025,10,9128
Argentina,Ciudad Autonoma de Buenos Aires,Comuna 14,209805,7,2025,9,7958
Argentina,Ciudad Autonoma de Buenos Aires,Comuna 14,209806,7,2025,12,9397
Argentina,Ciudad Autonoma de Buenos Aires,Comuna 14,209807,7,2025,7,9307
Argentina,Ciudad Autonoma de Buenos Aires,Comuna 14,209808,7,2025,6,8700
Argentina,Ciudad Autonoma de Buenos Aires,Comuna 14,209809,7,2025,12,12492
Argentina,Ciudad Autonoma de Buenos Aires,Comuna 14,209810,7,2025,0,190
Argentina,Ciudad Autonoma de Buenos Aires,Comuna 14,209811,7,2025,13,12051
Argentina,Ciudad Autonoma de Buenos Aires,Comuna 14,209812,7,2025,11,7962
Argentina,Ciudad Autonoma de Buenos Aires,Comuna 14,209813,7,2025,10,7376
Argentina,Ciudad Autonoma de Buenos Aires,Comuna 14,209814,7,2025,13,7484
Argentina,Ciudad Autonoma de Buenos Aires,Comuna 14,209815,7,2025,1,8094
Argentina,Ciudad Autonoma de Buenos Aires,Comuna 14,209816,7,2025,9,6773
Argentina,Ciudad Autonoma de Buenos Aires,Comuna 14,209817,7,2025,9,7231
Argentina,Ciudad Autonoma de Buenos Aires,Comuna 14,209818,7,2025,7,6981
Argentina,Ciudad Autonoma de Buenos Aires,Comuna 14,209819,7,2025,9,5589
Argentina,Ciudad Autonoma de Buenos Aires,Comuna 14,209820,7,2025,6,6758
Argentina,Ciudad Autonoma de Buenos Aires,Comuna 14,209821,7,2025,8,7312
Argentina,Ciudad Autonoma de Buenos Aires,Comuna 14,209822,7,2025,10,8363
Argentina,Ciudad Autonoma de Buenos Aires,Comuna 14,209823,7,2025,7,11012
Argentina,Ciudad Autonoma de Buenos Aires,Comuna 14,209824,7,2025,7,6199
Argentina,Ciudad Autonoma de Buenos Aires,Comuna 14,209825,7,2025,7,7637
Argentina,Ciudad Autonoma de Buenos Aires,Comuna 14,209826,7,2025,7,6558
Argentina,Ciudad Autonoma de Buenos Aires,Comuna 14,209827,7,2025,6,6199
Argentina,Ciudad Autonoma de Buenos Aires,Comuna 14,209828,7,2025,14,9243
Argentina,Ciudad Autonoma de Buenos Aires,Comuna 14,209829,7,2025,10,8453
Argentina,Ciudad Autonoma de Buenos Aires,Comuna 14,209830,7,2025,11,8109
Argentina,Ciudad Autonoma de Buenos Aires,Comuna 14,209831,7,2025,15,8116
Argentina,Ciudad Autonoma de Buenos Aires,Comuna 15,210501,7,2025,6,9594
Argentina,Ciudad Autonoma de Buenos Aires,Comuna 15,210502,7,2025,5,6548
Argentina,Ciudad Autonoma de Buenos Aires,Comuna 15,210503,7,2025,16,10235
Argentina,Ciudad Autonoma de Buenos Aires,Comuna 15,210504,7,2025,15,12235
Argentina,Ciudad Autonoma de Buenos Aires,Comuna 15,210505,7,2025,9,12207
Argentina,Ciudad Autonoma de Buenos Aires,Comuna 15,210506,7,2025,4,4156
Argentina,Ciudad Autonoma de Buenos Aires,Comuna 15,210507,7,2025,9,12285
Argentina,Ciudad Autonoma de Buenos Aires,Comuna 15,210508,7,2025,10,8807
Argentina,Ciudad Autonoma de Buenos Aires,Comuna 15,210509,7,2025,6,8645
Argentina,Ciudad Autonoma de Buenos Aires,Comuna 15,210510,7,2025,7,10813
Argentina,Ciudad Autonoma de Buenos Aires,Comuna 15,210511,7,2025,9,11863
Argentina,Ciudad Autonoma de Buenos Aires,Comuna 15,210512,7,2025,8,7208
Argentina,Ciudad Autonoma de Buenos Aires,Comuna 15,210513,7,2025,9,7242
Argentina,Ciudad Autonoma de Buenos Aires,Comuna 15,210514,7,2025,5,9564
Argentina,Ciudad Autonoma de Buenos Aires,Comuna 15,210515,7,2025,5,9091
Argentina,Ciudad Autonoma de Buenos Aires,Comuna 15,210516,7,2025,6,8911
Argentina,Ciudad Autonoma de Buenos Aires,Comuna 15,210517,7,2025,6,8753
Argentina,Ciudad Autonoma de Buenos Aires,Comuna 15,210518,7,2025,11,8161
Argentina,Ciudad Autonoma de Buenos Aires,Comuna 15,210519,7,2025,8,8739
Argentina,Ciudad Autonoma de Buenos Aires,Comuna 15,210520,7,2025,11,8787
Argentina,Ciudad Autonoma de Buenos Aires,Comuna 15,210521,7,2025,7,11421
Argentina,Ciudad Autonoma de Buenos Aires,Comuna 2,201401,7,2025,1,554
Argentina,Ciudad Autonoma de Buenos Aires,Comuna 2,201402,7,2025,11,5022
Argentina,Ciudad Autonoma de Buenos Aires,Comuna 2,201403,7,2025,5,5681
Argentina,Ciudad Autonoma de Buenos Aires,Comuna 2,201404,7,2025,8,6670
Argentina,Ciudad Autonoma de Buenos Aires,Comuna 2,201405,7,2025,8,6654
Argentina,Ciudad Autonoma de Buenos Aires,Comuna 2,201406,7,2025,4,6504
Argentina,Ciudad Autonoma de Buenos Aires,Comuna 2,201407,7,2025,5,7631
Argentina,Ciudad Autonoma de Buenos Aires,Comuna 2,201408,7,2025,6,9285
Argentina,Ciudad Autonoma de Buenos Aires,Comuna 2,201409,7,2025,7,8985
Argentina,Ciudad Autonoma de Buenos Aires,Comuna 2,201410,7,2025,11,7067
Argentina,Ciudad Autonoma de Buenos Aires,Comuna 2,201411,7,2025,5,5593
Argentina,Ciudad Autonoma de Buenos Aires,Comuna 2,201412,7,2025,7,5734
Argentina,Ciudad Autonoma de Buenos Aires,Comuna 2,201413,7,2025,4,7043
Argentina,Ciudad Autonoma de Buenos Aires,Comuna 2,201414,7,2025,10,8370
Argentina,Ciudad Autonoma de Buenos Aires,Comuna 2,201415,7,2025,3,6053
Argentina,Ciudad Autonoma de Buenos Aires,Comuna 2,201416,7,2025,5,5917
Argentina,Ciudad Autonoma de Buenos Aires,Comuna 2,201417,7,2025,7,7963
Argentina,Ciudad Autonoma de Buenos Aires,Comuna 2,201418,7,2025,6,6383
Argentina,Ciudad Autonoma de Buenos Aires,Comuna 2,201419,7,2025,5,6436
Argentina,Ciudad Autonoma de Buenos Aires,Comuna 2,201420,7,2025,6,7134
Argentina,Ciudad Autonoma de Buenos Aires,Comuna 2,201421,7,2025,4,5726
Argentina,Ciudad Autonoma de Buenos Aires,Comuna 2,201422,7,2025,7,5002
Argentina,Ciudad Autonoma de Buenos Aires,Comuna 2,201423,7,2025,4,5517
Argentina,Ciudad Autonoma de Buenos Aires,Comuna 2,201424,7,2025,5,5483
Argentina,Ciudad Autonoma de Buenos Aires,Comuna 2,201425,7,2025,8,8202
Argentina,Ciudad Autonoma de Buenos Aires,Comuna 5,203501,7,2025,15,9107
Argentina,Ciudad Autonoma de Buenos Aires,Comuna 5,203502,7,2025,4,8659
Argentina,Ciudad Autonoma de Buenos Aires,Comuna 5,203503,7,2025,15,9246
Argentina,Ciudad Autonoma de Buenos Aires,Comuna 5,203504,7,2025,12,8180
Argentina,Ciudad Autonoma de Buenos Aires,Comuna 5,203505,7,2025,6,6557
Argentina,Ciudad Autonoma de Buenos Aires,Comuna 5,203506,7,2025,11,7989
Argentina,Ciudad Autonoma de Buenos Aires,Comuna 5,203507,7,2025,10,7616
Argentina,Ciudad Autonoma de Buenos Aires,Comuna 5,203508,7,2025,7,8744
Argentina,Ciudad Autonoma de Buenos Aires,Comuna 5,203509,7,2025,13,7892
Argentina,Ciudad Autonoma de Buenos Aires,Comuna 5,203510,7,2025,11,8718
Argentina,Ciudad Autonoma de Buenos Aires,Comuna 5,203511,7,2025,7,9263
Argentina,Ciudad Autonoma de Buenos Aires,Comuna 5,203512,7,2025,8,7201
Argentina,Ciudad Autonoma de Buenos Aires,Comuna 5,203513,7,2025,4,7410
Argentina,Ciudad Autonoma de Buenos Aires,Comuna 5,203514,7,2025,8,8821
Argentina,Ciudad Autonoma de Buenos Aires,Comuna 5,203515,7,2025,12,7651
Argentina,Ciudad Autonoma de Buenos Aires,Comuna 5,203516,7,2025,7,10461
Argentina,Ciudad Autonoma de Buenos Aires,Comuna 5,203517,7,2025,7,9254
Argentina,Ciudad Autonoma de Buenos Aires,Comuna 5,203518,7,2025,8,9162
Argentina,Ciudad Autonoma de Buenos Aires,Comuna 5,203519,7,2025,15,9340
Argentina,Ciudad Autonoma de Buenos Aires,Comuna 5,203520,7,2025,8,11091
Argentina,Ciudad Autonoma de Buenos Aires,Comuna 5,203521,7,2025,8,8855
Argentina,Ciudad Autonoma de Buenos Aires,Comuna 5,203522,7,2025,16,11232
Argentina,Ciudad Autonoma de Buenos Aires,Comuna 6,204201,7,2025,10,9911
Argentina,Ciudad Autonoma de Buenos Aires,Comuna 6,204202,7,2025,13,10787
Argentina,Ciudad Autonoma de Buenos Aires,Comuna 6,204203,7,2025,6,8899
Argentina,Ciudad Autonoma de Buenos Aires,Comuna 6,204204,7,2025,7,11727
Argentina,Ciudad Autonoma de Buenos Aires,Comuna 6,204205,7,2025,14,10329
Argentina,Ciudad Autonoma de Buenos Aires,Comuna 6,204206,7,2025,7,10367
Argentina,Ciudad Autonoma de Buenos Aires,Comuna 6,204207,7,2025,18,12185
Argentina,Ciudad Autonoma de Buenos Aires,Comuna 6,204208,7,2025,13,9497
Argentina,Ciudad Autonoma de Buenos Aires,Comuna 6,204209,7,2025,7,7356
Argentina,Ciudad Autonoma de Buenos Aires,Comuna 6,204210,7,2025,14,8697
Argentina,Ciudad Autonoma de Buenos Aires,Comuna 6,204211,7,2025,8,9646
Argentina,Ciudad Autonoma de Buenos Aires,Comuna 6,204212,7,2025,4,7926
Argentina,Ciudad Autonoma de Buenos Aires,Comuna 6,204213,7,2025,15,10037
Argentina,Ciudad Autonoma de Buenos Aires,Comuna 6,204214,7,2025,12,9669
Argentina,Ciudad Autonoma de Buenos Aires,Comuna 6,204215,7,2025,7,9168
Argentina,Ciudad Autonoma de Buenos Aires,Comuna 6,204216,7,2025,15,12982
Argentina,Ciudad Autonoma de Buenos Aires,Comuna 6,204217,7,2025,9,7259
Argentina,Ciudad Autonoma de Buenos Aires,Comuna 6,204218,7,2025,7,8066
Argentina,Ciudad Autonoma de Buenos Aires,Comuna 6,204219,7,2025,9,7952
Argentina,Ciudad Autonoma de Buenos Aires,Comuna 6,204220,7,2025,14,8895
Argentina,Ciudad Autonoma de Buenos Aires,Comuna 6,204221,7,2025,5,10409
Argentina,Ciudad Autonoma de Buenos Aires,Comuna 7,204901,7,2025,4,6665
Argentina,Ciudad Autonoma de Buenos Aires,Comuna 7,204902,7,2025,6,8593
Argentina,Ciudad Autonoma de Buenos Aires,Comuna 7,204903,7,2025,14,10871
Argentina,Ciudad Autonoma de Buenos Aires,Comuna 7,204904,7,2025,9,9795
Argentina,Ciudad Autonoma de Buenos Aires,Comuna 7,204905,7,2025,10,8999
Argentina,Ciudad Autonoma de Buenos Aires,Comuna 7,204906,7,2025,7,7524
Argentina,Ciudad Autonoma de Buenos Aires,Comuna 7,204907,7,2025,8,9257
Argentina,Ciudad Autonoma de Buenos Aires,Comuna 7,204908,7,2025,7,7685
Argentina,Ciudad Autonoma de Buenos Aires,Comuna 7,204909,7,2025,10,9705
Argentina,Ciudad Autonoma de Buenos Aires,Comuna 7,204910,7,2025,11,8735
Argentina,Ciudad Autonoma de Buenos Aires,Comuna 7,204911,7,2025,10,10501
Argentina,Ciudad Autonoma de Buenos Aires,Comuna 7,204912,7,2025,9,7467
Argentina,Ciudad Autonoma de Buenos Aires,Comuna 7,204913,7,2025,19,11414
Argentina,Ciudad Autonoma de Buenos Aires,Comuna 7,204914,7,2025,6,11132
Argentina,Ciudad Autonoma de Buenos Aires,Comuna 7,204915,7,2025,8,9647
Argentina,Ciudad Autonoma de Buenos Aires,Comuna 7,204916,7,2025,7,8094
Argentina,Ciudad Autonoma de Buenos Aires,Comuna 7,204917,7,2025,0,2971
Argentina,Ciudad Autonoma de Buenos Aires,Comuna 7,204918,7,2025,4,3398
Argentina,Ciudad Autonoma de Buenos Aires,Comuna 7,204919,7,2025,8,6454
Argentina,Ciudad Autonoma de Buenos Aires,Comuna 7,204920,7,2025,10,12736
Argentina,Ciudad Autonoma de Buenos Aires,Comuna 7,204921,7,2025,10,11351
Argentina,Ciudad Autonoma de Buenos Aires,Comuna 7,204922,7,2025,12,11303
Argentina,Ciudad Autonoma de Buenos Aires,Comuna 7,204923,7,2025,6,7839
Argentina,Ciudad Autonoma de Buenos Aires,Comuna 7,204924,7,2025,16,11126
Argentina,Ciudad Autonoma de Buenos Aires,Comuna 10,207001,8,2025,4,6651
Argentina,Ciudad Autonoma de Buenos Aires,Comuna 10,207002,8,2025,8,7094
Argentina,Ciudad Autonoma de Buenos Aires,Comuna 10,207003,8,2025,5,6682
Argentina,Ciudad Autonoma de Buenos Aires,Comuna 10,207004,8,2025,7,9342
Argentina,Ciudad Autonoma de Buenos Aires,Comuna 10,207005,8,2025,13,11787
Argentina,Ciudad Autonoma de Buenos Aires,Comuna 10,207006,8,2025,10,12408
Argentina,Ciudad Autonoma de Buenos Aires,Comuna 10,207007,8,2025,12,11630
Argentina,Ciudad Autonoma de Buenos Aires,Comuna 10,207008,8,2025,15,9038
Argentina,Ciudad Autonoma de Buenos Aires,Comuna 10,207009,8,2025,11,8752
Argentina,Ciudad Autonoma de Buenos Aires,Comuna 10,207010,8,2025,12,10398
Argentina,Ciudad Autonoma de Buenos Aires,Comuna 10,207011,8,2025,4,8554
Argentina,Ciudad Autonoma de Buenos Aires,Comuna 10,207012,8,2025,8,6677
Argentina,Ciudad Autonoma de Buenos Aires,Comuna 10,207013,8,2025,12,8285
Argentina,Ciudad Autonoma de Buenos Aires,Comuna 10,207014,8,2025,7,9092
Argentina,Ciudad Autonoma de Buenos Aires,Comuna 10,207015,8,2025,5,7248
Argentina,Ciudad Autonoma de Buenos Aires,Comuna 10,207016,8,2025,8,8724
Argentina,Ciudad Autonoma de Buenos Aires,Comuna 10,207017,8,2025,9,9635
Argentina,Ciudad Autonoma de Buenos Aires,Comuna 10,207018,8,2025,6,8682
Argentina,Ciudad Autonoma de Buenos Aires,Comuna 10,207019,8,2025,9,11217
Argentina,Ciudad Autonoma de Buenos Aires,Comuna 11,207701,8,2025,10,11069
Argentina,Ciudad Autonoma de Buenos Aires,Comuna 11,207702,8,2025,12,10205
Argentina,Ciudad Autonoma de Buenos Aires,Comuna 11,207703,8,2025,8,9103
Argentina,Ciudad Autonoma de Buenos Aires,Comuna 11,207704,8,2025,4,10387
Argentina,Ciudad Autonoma de Buenos Aires,Comuna 11,207705,8,2025,11,7955
Argentina,Ciudad Autonoma de Buenos Aires,Comuna 11,207706,8,2025,6,11455
Argentina,Ciudad Autonoma de Buenos Aires,Comuna 11,207707,8,2025,13,11428
Argentina,Ciudad Autonoma de Buenos Aires,Comuna 11,207708,8,2025,4,8072
Argentina,Ciudad Autonoma de Buenos Aires,Comuna 11,207709,8,2025,8,9257
Argentina,Ciudad Autonoma de Buenos Aires,Comuna 11,207710,8,2025,7,11259
Argentina,Ciudad Autonoma de Buenos Aires,Comuna 11,207711,8,2025,8,8065
Argentina,Ciudad Autonoma de Buenos Aires,Comuna 11,207712,8,2025,10,8059
Argentina,Ciudad Autonoma de Buenos Aires,Comuna 11,207713,8,2025,10,9254
Argentina,Ciudad Autonoma de Buenos Aires,Comuna 11,207714,8,2025,6,7270
Argentina,Ciudad Autonoma de Buenos Aires,Comuna 11,207715,8,2025,7,10022
Argentina,Ciudad Autonoma de Buenos Aires,Comuna 11,207716,8,2025,19,9462
Argentina,Ciudad Autonoma de Buenos Aires,Comuna 11,207717,8,2025,3,6323
Argentina,Ciudad Autonoma de Buenos Aires,Comuna 11,207718,8,2025,14,9010
Argentina,Ciudad Autonoma de Buenos Aires,Comuna 11,207719,8,2025,9,7194
Argentina,Ciudad Autonoma de Buenos Aires,Comuna 11,207720,8,2025,11,9079
Argentina,Ciudad Autonoma de Buenos Aires,Comuna 11,207721,8,2025,13,9075
Argentina,Ciudad Autonoma de Buenos Aires,Comuna 11,207722,8,2025,8,8902
Argentina,Ciudad Autonoma de Buenos Aires,Comuna 12,208401,8,2025,17,9341
Argentina,Ciudad Autonoma de Buenos Aires,Comuna 12,208402,8,2025,7,8793
Argentina,Ciudad Autonoma de Buenos Aires,Comuna 12,208403,8,2025,8,9271
Argentina,Ciudad Autonoma de Buenos Aires,Comuna 12,208404,8,2025,7,8702
Argentina,Ciudad Autonoma de Buenos Aires,Comuna 12,208405,8,2025,7,8415
Argentina,Ciudad Autonoma de Buenos Aires,Comuna 12,208406,8,2025,3,9143
Argentina,Ciudad Autonoma de Buenos Aires,Comuna 12,208407,8,2025,6,10293
Argentina,Ciudad Autonoma de Buenos Aires,Comuna 12,208408,8,2025,8,10510
Argentina,Ciudad Autonoma de Buenos Aires,Comuna 12,208409,8,2025,8,8365
Argentina,Ciudad Autonoma de Buenos Aires,Comuna 12,208410,8,2025,19,11926
Argentina,Ciudad Autonoma de Buenos Aires,Comuna 12,208411,8,2025,12,10276
Argentina,Ciudad Autonoma de Buenos Aires,Comuna 12,208412,8,2025,10,8291
Argentina,Ciudad Autonoma de Buenos Aires,Comuna 12,208413,8,2025,9,9891
Argentina,Ciudad Autonoma de Buenos Aires,Comuna 12,208414,8,2025,12,12202
Argentina,Ciudad Autonoma de Buenos Aires,Comuna 12,208415,8,2025,14,13785
Argentina,Ciudad Autonoma de Buenos Aires,Comuna 12,208416,8,2025,19,16395
Argentina,Ciudad Autonoma de Buenos Aires,Comuna 12,208417,8,2025,11,9935
Argentina,Ciudad Autonoma de Buenos Aires,Comuna 12,208418,8,2025,4,13227
Argentina,Ciudad Autonoma de Buenos Aires,Comuna 12,208419,8,2025,12,12268
Argentina,Ciudad Autonoma de Buenos Aires,Comuna 12,208420,8,2025,9,9926
Argentina,Ciudad Autonoma de Buenos Aires,Comuna 12,208421,8,2025,11,11426
Argentina,Ciudad Autonoma de Buenos Aires,Comuna 12,208422,8,2025,18,12983
Argentina,Ciudad Autonoma de Buenos Aires,Comuna 13,209101,8,2025,8,11656
Argentina,Ciudad Autonoma de Buenos Aires,Comuna 13,209102,8,2025,14,10984
Argentina,Ciudad Autonoma de Buenos Aires,Comuna 13,209103,8,2025,8,10868
Argentina,Ciudad Autonoma de Buenos Aires,Comuna 13,209104,8,2025,21,13113
Argentina,Ciudad Autonoma de Buenos Aires,Comuna 13,209105,8,2025,4,10421
Argentina,Ciudad Autonoma de Buenos Aires,Comuna 13,209106,8,2025,4,7917
Argentina,Ciudad Autonoma de Buenos Aires,Comuna 13,209107,8,2025,7,8294
Argentina,Ciudad Autonoma de Buenos Aires,Comuna 13,209108,8,2025,7,9153
Argentina,Ciudad Autonoma de Buenos Aires,Comuna 13,209109,8,2025,11,8207
Argentina,Ciudad Autonoma de Buenos Aires,Comuna 13,209110,8,2025,10,10807
Argentina,Ciudad Autonoma de Buenos Aires,Comuna 13,209111,8,2025,5,4808
Argentina,Ciudad Autonoma de Buenos Aires,Comuna 13,209112,8,2025,7,8591
Argentina,Ciudad Autonoma de Buenos Aires,Comuna 13,209113,8,2025,11,10772
Argentina,Ciudad Autonoma de Buenos Aires,Comuna 13,209114,8,2025,9,7311
Argentina,Ciudad Autonoma de Buenos Aires,Comuna 13,209115,8,2025,9,9651
Argentina,Ciudad Autonoma de Buenos Aires,Comuna 13,209116,8,2025,8,10427
Argentina,Ciudad Autonoma de Buenos Aires,Comuna 13,209117,8,2025,13,11221
Argentina,Ciudad Autonoma de Buenos Aires,Comuna 13,209118,8,2025,10,8113
Argentina,Ciudad Autonoma de Buenos Aires,Comuna 13,209119,8,2025,7,8504
Argentina,Ciudad Autonoma de Buenos Aires,Comuna 13,209120,8,2025,10,9333
Argentina,Ciudad Autonoma de Buenos Aires,Comuna 13,209121,8,2025,10,8521
Argentina,Ciudad Autonoma de Buenos Aires,Comuna 13,209122,8,2025,10,8416
Argentina,Ciudad Autonoma de Buenos Aires,Comuna 13,209123,8,2025,16,9675
Argentina,Ciudad Autonoma de Buenos Aires,Comuna 13,209124,8,2025,10,7611
Argentina,Ciudad Autonoma de Buenos Aires,Comuna 13,209125,8,2025,10,6503
Argentina,Ciudad Autonoma de Buenos Aires,Comuna 13,209126,8,2025,9,8070
Argentina,Ciudad Autonoma de Buenos Aires,Comuna 13,209127,8,2025,8,7860
Argentina,Ciudad Autonoma de Buenos Aires,Comuna 13,209128,8,2025,9,7714
Argentina,Ciudad Autonoma de Buenos Aires,Comuna 13,209129,8,2025,4,7809
Argentina,Ciudad Autonoma de Buenos Aires,Comuna 14,209801,8,2025,13,8008
Argentina,Ciudad Autonoma de Buenos Aires,Comuna 14,209802,8,2025,6,8651
Argentina,Ciudad Autonoma de Buenos Aires,Comuna 14,209803,8,2025,9,9921
Argentina,Ciudad Autonoma de Buenos Aires,Comuna 14,209804,8,2025,5,9128
Argentina,Ciudad Autonoma de Buenos Aires,Comuna 14,209805,8,2025,4,7958
Argentina,Ciudad Autonoma de Buenos Aires,Comuna 14,209806,8,2025,9,9397
Argentina,Ciudad Autonoma de Buenos Aires,Comuna 14,209807,8,2025,13,9307
Argentina,Ciudad Autonoma de Buenos Aires,Comuna 14,209808,8,2025,12,8700
Argentina,Ciudad Autonoma de Buenos Aires,Comuna 14,209809,8,2025,11,12492
Argentina,Ciudad Autonoma de Buenos Aires,Comuna 14,209810,8,2025,0,190
Argentina,Ciudad Autonoma de Buenos Aires,Comuna 14,209811,8,2025,13,12051
Argentina,Ciudad Autonoma de Buenos Aires,Comuna 14,209812,8,2025,7,7962
Argentina,Ciudad Autonoma de Buenos Aires,Comuna 14,209813,8,2025,11,7376
Argentina,Ciudad Autonoma de Buenos Aires,Comuna 14,209814,8,2025,7,7484
Argentina,Ciudad Autonoma de Buenos Aires,Comuna 14,209815,8,2025,3,8094
Argentina,Ciudad Autonoma de Buenos Aires,Comuna 14,209816,8,2025,9,6773
Argentina,Ciudad Autonoma de Buenos Aires,Comuna 14,209817,8,2025,10,7231
Argentina,Ciudad Autonoma de Buenos Aires,Comuna 14,209818,8,2025,6,6981
Argentina,Ciudad Autonoma de Buenos Aires,Comuna 14,209819,8,2025,3,5589
Argentina,Ciudad Autonoma de Buenos Aires,Comuna 14,209820,8,2025,4,6758
Argentina,Ciudad Autonoma de Buenos Aires,Comuna 14,209821,8,2025,3,7312
Argentina,Ciudad Autonoma de Buenos Aires,Comuna 14,209822,8,2025,8,8363
Argentina,Ciudad Autonoma de Buenos Aires,Comuna 14,209823,8,2025,5,11012
Argentina,Ciudad Autonoma de Buenos Aires,Comuna 14,209824,8,2025,9,6199
Argentina,Ciudad Autonoma de Buenos Aires,Comuna 14,209825,8,2025,5,7637
Argentina,Ciudad Autonoma de Buenos Aires,Comuna 14,209826,8,2025,4,6558
Argentina,Ciudad Autonoma de Buenos Aires,Comuna 14,209827,8,2025,2,6199
Argentina,Ciudad Autonoma de Buenos Aires,Comuna 14,209828,8,2025,11,9243
Argentina,Ciudad Autonoma de Buenos Aires,Comuna 14,209829,8,2025,7,8453
Argentina,Ciudad Autonoma de Buenos Aires,Comuna 14,209830,8,2025,9,8109
Argentina,Ciudad Autonoma de Buenos Aires,Comuna 14,209831,8,2025,9,8116
Argentina,Ciudad Autonoma de Buenos Aires,Comuna 15,210501,8,2025,8,9594
Argentina,Ciudad Autonoma de Buenos Aires,Comuna 15,210502,8,2025,6,6548
Argentina,Ciudad Autonoma de Buenos Aires,Comuna 15,210503,8,2025,8,10235
Argentina,Ciudad Autonoma de Buenos Aires,Comuna 15,210504,8,2025,14,12235
Argentina,Ciudad Autonoma de Buenos Aires,Comuna 15,210505,8,2025,10,12207
Argentina,Ciudad Autonoma de Buenos Aires,Comuna 15,210506,8,2025,3,4156
Argentina,Ciudad Autonoma de Buenos Aires,Comuna 15,210507,8,2025,9,12285
Argentina,Ciudad Autonoma de Buenos Aires,Comuna 15,210508,8,2025,9,8807
Argentina,Ciudad Autonoma de Buenos Aires,Comuna 15,210509,8,2025,11,8645
Argentina,Ciudad Autonoma de Buenos Aires,Comuna 15,210510,8,2025,11,10813
Argentina,Ciudad Autonoma de Buenos Aires,Comuna 15,210511,8,2025,14,11863
Argentina,Ciudad Autonoma de Buenos Aires,Comuna 15,210512,8,2025,6,7208
Argentina,Ciudad Autonoma de Buenos Aires,Comuna 15,210513,8,2025,5,7242
Argentina,Ciudad Autonoma de Buenos Aires,Comuna 15,210514,8,2025,7,9564
Argentina,Ciudad Autonoma de Buenos Aires,Comuna 15,210515,8,2025,9,9091
Argentina,Ciudad Autonoma de Buenos Aires,Comuna 15,210516,8,2025,8,8911
Argentina,Ciudad Autonoma de Buenos Aires,Comuna 15,210517,8,2025,9,8753
Argentina,Ciudad Autonoma de Buenos Aires,Comuna 15,210518,8,2025,11,8161
Argentina,Ciudad Autonoma de Buenos Aires,Comuna 15,210519,8,2025,6,8739
Argentina,Ciudad Autonoma de Buenos Aires,Comuna 15,210520,8,2025,3,8787
Argentina,Ciudad Autonoma de Buenos Aires,Comuna 15,210521,8,2025,7,11421
Argentina,Ciudad Autonoma de Buenos Aires,Comuna 2,201401,8,2025,2,554
Argentina,Ciudad Autonoma de Buenos Aires,Comuna 2,201402,8,2025,4,5022
Argentina,Ciudad Autonoma de Buenos Aires,Comuna 2,201403,8,2025,4,5681
Argentina,Ciudad Autonoma de Buenos Aires,Comuna 2,201404,8,2025,7,6670
Argentina,Ciudad Autonoma de Buenos Aires,Comuna 2,201405,8,2025,9,6654
Argentina,Ciudad Autonoma de Buenos Aires,Comuna 2,201406,8,2025,8,6504
Argentina,Ciudad Autonoma de Buenos Aires,Comuna 2,201407,8,2025,6,7631
Argentina,Ciudad Autonoma de Buenos Aires,Comuna 2,201408,8,2025,13,9285
Argentina,Ciudad Autonoma de Buenos Aires,Comuna 2,201409,8,2025,12,8985
Argentina,Ciudad Autonoma de Buenos Aires,Comuna 2,201410,8,2025,11,7067
Argentina,Ciudad Autonoma de Buenos Aires,Comuna 2,201411,8,2025,7,5593
Argentina,Ciudad Autonoma de Buenos Aires,Comuna 2,201412,8,2025,10,5734
Argentina,Ciudad Autonoma de Buenos Aires,Comuna 2,201413,8,2025,5,7043
Argentina,Ciudad Autonoma de Buenos Aires,Comuna 2,201414,8,2025,13,8370
Argentina,Ciudad Autonoma de Buenos Aires,Comuna 2,201415,8,2025,5,6053
Argentina,Ciudad Autonoma de Buenos Aires,Comuna 2,201416,8,2025,4,5917
Argentina,Ciudad Autonoma de Buenos Aires,Comuna 2,201417,8,2025,6,7963
Argentina,Ciudad Autonoma de Buenos Aires,Comuna 2,201418,8,2025,9,6383
Argentina,Ciudad Autonoma de Buenos Aires,Comuna 2,201419,8,2025,5,6436
Argentina,Ciudad Autonoma de Buenos Aires,Comuna 2,201420,8,2025,9,7134
Argentina,Ciudad Autonoma de Buenos Aires,Comuna 2,201421,8,2025,4,5726
Argentina,Ciudad Autonoma de Buenos Aires,Comuna 2,201422,8,2025,5,5002
Argentina,Ciudad Autonoma de Buenos Aires,Comuna 2,201423,8,2025,5,5517
Argentina,Ciudad Autonoma de Buenos Aires,Comuna 2,201424,8,2025,3,5483
Argentina,Ciudad Autonoma de Buenos Aires,Comuna 2,201425,8,2025,18,8202
Argentina,Ciudad Autonoma de Buenos Aires,Comuna 5,203501,8,2025,8,9107
Argentina,Ciudad Autonoma de Buenos Aires,Comuna 5,203502,8,2025,6,8659
Argentina,Ciudad Autonoma de Buenos Aires,Comuna 5,203503,8,2025,10,9246
Argentina,Ciudad Autonoma de Buenos Aires,Comuna 5,203504,8,2025,7,8180
Argentina,Ciudad Autonoma de Buenos Aires,Comuna 5,203505,8,2025,13,6557
Argentina,Ciudad Autonoma de Buenos Aires,Comuna 5,203506,8,2025,10,7989
Argentina,Ciudad Autonoma de Buenos Aires,Comuna 5,203507,8,2025,10,7616
Argentina,Ciudad Autonoma de Buenos Aires,Comuna 5,203508,8,2025,8,8744
Argentina,Ciudad Autonoma de Buenos Aires,Comuna 5,203509,8,2025,11,7892
Argentina,Ciudad Autonoma de Buenos Aires,Comuna 5,203510,8,2025,4,8718
Argentina,Ciudad Autonoma de Buenos Aires,Comuna 5,203511,8,2025,13,9263
Argentina,Ciudad Autonoma de Buenos Aires,Comuna 5,203512,8,2025,11,7201
Argentina,Ciudad Autonoma de Buenos Aires,Comuna 5,203513,8,2025,8,7410
Argentina,Ciudad Autonoma de Buenos Aires,Comuna 5,203514,8,2025,8,8821
Argentina,Ciudad Autonoma de Buenos Aires,Comuna 5,203515,8,2025,12,7651
Argentina,Ciudad Autonoma de Buenos Aires,Comuna 5,203516,8,2025,14,10461
Argentina,Ciudad Autonoma de Buenos Aires,Comuna 5,203517,8,2025,6,9254
Argentina,Ciudad Autonoma de Buenos Aires,Comuna 5,203518,8,2025,14,9162
Argentina,Ciudad Autonoma de Buenos Aires,Comuna 5,203519,8,2025,14,9340
Argentina,Ciudad Autonoma de Buenos Aires,Comuna 5,203520,8,2025,11,11091
Argentina,Ciudad Autonoma de Buenos Aires,Comuna 5,203521,8,2025,12,8855
Argentina,Ciudad Autonoma de Buenos Aires,Comuna 5,203522,8,2025,11,11232
Argentina,Ciudad Autonoma de Buenos Aires,Comuna 6,204201,8,2025,17,9911
Argentina,Ciudad Autonoma de Buenos Aires,Comuna 6,204202,8,2025,6,10787
Argentina,Ciudad Autonoma de Buenos Aires,Comuna 6,204203,8,2025,11,8899
Argentina,Ciudad Autonoma de Buenos Aires,Comuna 6,204204,8,2025,12,11727
Argentina,Ciudad Autonoma de Buenos Aires,Comuna 6,204205,8,2025,9,10329
Argentina,Ciudad Autonoma de Buenos Aires,Comuna 6,204206,8,2025,9,10367
Argentina,Ciudad Autonoma de Buenos Aires,Comuna 6,204207,8,2025,16,12185
Argentina,Ciudad Autonoma de Buenos Aires,Comuna 6,204208,8,2025,7,9497
Argentina,Ciudad Autonoma de Buenos Aires,Comuna 6,204209,8,2025,4,7356
Argentina,Ciudad Autonoma de Buenos Aires,Comuna 6,204210,8,2025,9,8697
Argentina,Ciudad Autonoma de Buenos Aires,Comuna 6,204211,8,2025,15,9646
Argentina,Ciudad Autonoma de Buenos Aires,Comuna 6,204212,8,2025,5,7926
Argentina,Ciudad Autonoma de Buenos Aires,Comuna 6,204213,8,2025,10,10037
Argentina,Ciudad Autonoma de Buenos Aires,Comuna 6,204214,8,2025,6,9669
Argentina,Ciudad Autonoma de Buenos Aires,Comuna 6,204215,8,2025,17,9168
Argentina,Ciudad Autonoma de Buenos Aires,Comuna 6,204216,8,2025,14,12982
Argentina,Ciudad Autonoma de Buenos Aires,Comuna 6,204217,8,2025,11,7259
Argentina,Ciudad Autonoma de Buenos Aires,Comuna 6,204218,8,2025,9,8066
Argentina,Ciudad Autonoma de Buenos Aires,Comuna 6,204219,8,2025,8,7952
Argentina,Ciudad Autonoma de Buenos Aires,Comuna 6,204220,8,2025,8,8895
Argentina,Ciudad Autonoma de Buenos Aires,Comuna 6,204221,8,2025,9,10409
Argentina,Ciudad Autonoma de Buenos Aires,Comuna 7,204901,8,2025,9,6665
Argentina,Ciudad Autonoma de Buenos Aires,Comuna 7,204902,8,2025,12,8593
Argentina,Ciudad Autonoma de Buenos Aires,Comuna 7,204903,8,2025,12,10871
Argentina,Ciudad Autonoma de Buenos Aires,Comuna 7,204904,8,2025,9,9795
Argentina,Ciudad Autonoma de Buenos Aires,Comuna 7,204905,8,2025,9,8999
Argentina,Ciudad Autonoma de Buenos Aires,Comuna 7,204906,8,2025,9,7524
Argentina,Ciudad Autonoma de Buenos Aires,Comuna 7,204907,8,2025,12,9257
Argentina,Ciudad Autonoma de Buenos Aires,Comuna 7,204908,8,2025,3,7685
Argentina,Ciudad Autonoma de Buenos Aires,Comuna 7,204909,8,2025,10,9705
Argentina,Ciudad Autonoma de Buenos Aires,Comuna 7,204910,8,2025,12,8735
Argentina,Ciudad Autonoma de Buenos Aires,Comuna 7,204911,8,2025,3,10501
Argentina,Ciudad Autonoma de Buenos Aires,Comuna 7,204912,8,2025,10,7467
Argentina,Ciudad Autonoma de Buenos Aires,Comuna 7,204913,8,2025,9,11414
Argentina,Ciudad Autonoma de Buenos Aires,Comuna 7,204914,8,2025,7,11132
Argentina,Ciudad Autonoma de Buenos Aires,Comuna 7,204915,8,2025,9,9647
Argentina,Ciudad Autonoma de Buenos Aires,Comuna 7,204916,8,2025,10,8094
Argentina,Ciudad Autonoma de Buenos Aires,Comuna 7,204917,8,2025,3,2971
Argentina,Ciudad Autonoma de Buenos Aires,Comuna 7,204918,8,2025,3,3398
Argentina,Ciudad Autonoma de Buenos Aires,Comuna 7,204919,8,2025,5,6454
Argentina,Ciudad Autonoma de Buenos Aires,Comuna 7,204920,8,2025,8,12736
Argentina,Ciudad Autonoma de Buenos Aires,Comuna 7,204921,8,2025,14,11351
Argentina,Ciudad Autonoma de Buenos Aires,Comuna 7,204922,8,2025,15,11303
Argentina,Ciudad Autonoma de Buenos Aires,Comuna 7,204923,8,2025,6,7839
Argentina,Ciudad Autonoma de Buenos Aires,Comuna 7,204924,8,2025,9,11126
Argentina,Ciudad Autonoma de Buenos Aires,Comuna 10,207001,9,2025,1,6651
Argentina,Ciudad Autonoma de Buenos Aires,Comuna 10,207002,9,2025,6,7094
Argentina,Ciudad Autonoma de Buenos Aires,Comuna 10,207003,9,2025,10,6682
Argentina,Ciudad Autonoma de Buenos Aires,Comuna 10,207004,9,2025,6,9342
Argentina,Ciudad Autonoma de Buenos Aires,Comuna 10,207005,9,2025,10,11787
Argentina,Ciudad Autonoma de Buenos Aires,Comuna 10,207006,9,2025,13,12408
Argentina,Ciudad Autonoma de Buenos Aires,Comuna 10,207007,9,2025,11,11630
Argentina,Ciudad Autonoma de Buenos Aires,Comuna 10,207008,9,2025,11,9038
Argentina,Ciudad Autonoma de Buenos Aires,Comuna 10,207009,9,2025,14,8752
Argentina,Ciudad Autonoma de Buenos Aires,Comuna 10,207010,9,2025,12,10398
Argentina,Ciudad Autonoma de Buenos Aires,Comuna 10,207011,9,2025,7,8554
Argentina,Ciudad Autonoma de Buenos Aires,Comuna 10,207012,9,2025,7,6677
Argentina,Ciudad Autonoma de Buenos Aires,Comuna 10,207013,9,2025,3,8285
Argentina,Ciudad Autonoma de Buenos Aires,Comuna 10,207014,9,2025,7,9092
Argentina,Ciudad Autonoma de Buenos Aires,Comuna 10,207015,9,2025,5,7248
Argentina,Ciudad Autonoma de Buenos Aires,Comuna 10,207016,9,2025,12,8724
Argentina,Ciudad Autonoma de Buenos Aires,Comuna 10,207017,9,2025,6,9635
Argentina,Ciudad Autonoma de Buenos Aires,Comuna 10,207018,9,2025,10,8682
Argentina,Ciudad Autonoma de Buenos Aires,Comuna 10,207019,9,2025,9,11217
Argentina,Ciudad Autonoma de Buenos Aires,Comuna 11,207701,9,2025,12,11069
Argentina,Ciudad Autonoma de Buenos Aires,Comuna 11,207702,9,2025,7,10205
Argentina,Ciudad Autonoma de Buenos Aires,Comuna 11,207703,9,2025,8,9103
Argentina,Ciudad Autonoma de Buenos Aires,Comuna 11,207704,9,2025,14,10387
Argentina,Ciudad Autonoma de Buenos Aires,Comuna 11,207705,9,2025,7,7955
Argentina,Ciudad Autonoma de Buenos Aires,Comuna 11,207706,9,2025,11,11455
Argentina,Ciudad Autonoma de Buenos Aires,Comuna 11,207707,9,2025,12,11428
Argentina,Ciudad Autonoma de Buenos Aires,Comuna 11,207708,9,2025,6,8072
Argentina,Ciudad Autonoma de Buenos Aires,Comuna 11,207709,9,2025,12,9257
Argentina,Ciudad Autonoma de Buenos Aires,Comuna 11,207710,9,2025,14,11259
Argentina,Ciudad Autonoma de Buenos Aires,Comuna 11,207711,9,2025,2,8065
Argentina,Ciudad Autonoma de Buenos Aires,Comuna 11,207712,9,2025,8,8059
Argentina,Ciudad Autonoma de Buenos Aires,Comuna 11,207713,9,2025,11,9254
Argentina,Ciudad Autonoma de Buenos Aires,Comuna 11,207714,9,2025,7,7270
Argentina,Ciudad Autonoma de Buenos Aires,Comuna 11,207715,9,2025,12,10022
Argentina,Ciudad Autonoma de Buenos Aires,Comuna 11,207716,9,2025,10,9462
Argentina,Ciudad Autonoma de Buenos Aires,Comuna 11,207717,9,2025,10,6323
Argentina,Ciudad Autonoma de Buenos Aires,Comuna 11,207718,9,2025,12,9010
Argentina,Ciudad Autonoma de Buenos Aires,Comuna 11,207719,9,2025,8,7194
Argentina,Ciudad Autonoma de Buenos Aires,Comuna 11,207720,9,2025,10,9079
Argentina,Ciudad Autonoma de Buenos Aires,Comuna 11,207721,9,2025,10,9075
Argentina,Ciudad Autonoma de Buenos Aires,Comuna 11,207722,9,2025,8,8902
Argentina,Ciudad Autonoma de Buenos Aires,Comuna 12,208401,9,2025,10,9341
Argentina,Ciudad Autonoma de Buenos Aires,Comuna 12,208402,9,2025,13,8793
Argentina,Ciudad Autonoma de Buenos Aires,Comuna 12,208403,9,2025,9,9271
Argentina,Ciudad Autonoma de Buenos Aires,Comuna 12,208404,9,2025,7,8702
Argentina,Ciudad Autonoma de Buenos Aires,Comuna 12,208405,9,2025,11,8415
Argentina,Ciudad Autonoma de Buenos Aires,Comuna 12,208406,9,2025,8,9143
Argentina,Ciudad Autonoma de Buenos Aires,Comuna 12,208407,9,2025,13,10293
Argentina,Ciudad Autonoma de Buenos Aires,Comuna 12,208408,9,2025,3,10510
Argentina,Ciudad Autonoma de Buenos Aires,Comuna 12,208409,9,2025,7,8365
Argentina,Ciudad Autonoma de Buenos Aires,Comuna 12,208410,9,2025,9,11926
Argentina,Ciudad Autonoma de Buenos Aires,Comuna 12,208411,9,2025,11,10276
Argentina,Ciudad Autonoma de Buenos Aires,Comuna 12,208412,9,2025,9,8291
Argentina,Ciudad Autonoma de Buenos Aires,Comuna 12,208413,9,2025,13,9891
Argentina,Ciudad Autonoma de Buenos Aires,Comuna 12,208414,9,2025,13,12202
Argentina,Ciudad Autonoma de Buenos Aires,Comuna 12,208415,9,2025,20,13785
Argentina,Ciudad Autonoma de Buenos Aires,Comuna 12,208416,9,2025,24,16395
Argentina,Ciudad Autonoma de Buenos Aires,Comuna 12,208417,9,2025,10,9935
Argentina,Ciudad Autonoma de Buenos Aires,Comuna 12,208418,9,2025,13,13227
Argentina,Ciudad Autonoma de Buenos Aires,Comuna 12,208419,9,2025,7,12268
Argentina,Ciudad Autonoma de Buenos Aires,Comuna 12,208420,9,2025,5,9926
Argentina,Ciudad Autonoma de Buenos Aires,Comuna 12,208421,9,2025,6,11426
Argentina,Ciudad Autonoma de Buenos Aires,Comuna 12,208422,9,2025,8,12983
Argentina,Ciudad Autonoma de Buenos Aires,Comuna 13,209101,9,2025,10,11656
Argentina,Ciudad Autonoma de Buenos Aires,Comuna 13,209102,9,2025,10,10984
Argentina,Ciudad Autonoma de Buenos Aires,Comuna 13,209103,9,2025,19,10868
Argentina,Ciudad Autonoma de Buenos Aires,Comuna 13,209104,9,2025,11,13113
Argentina,Ciudad Autonoma de Buenos Aires,Comuna 13,209105,9,2025,14,10421
Argentina,Ciudad Autonoma de Buenos Aires,Comuna 13,209106,9,2025,6,7917
Argentina,Ciudad Autonoma de Buenos Aires,Comuna 13,209107,9,2025,9,8294
Argentina,Ciudad Autonoma de Buenos Aires,Comuna 13,209108,9,2025,13,9153
Argentina,Ciudad Autonoma de Buenos Aires,Comuna 13,209109,9,2025,10,8207
Argentina,Ciudad Autonoma de Buenos Aires,Comuna 13,209110,9,2025,11,10807
Argentina,Ciudad Autonoma de Buenos Aires,Comuna 13,209111,9,2025,3,4808
Argentina,Ciudad Autonoma de Buenos Aires,Comuna 13,209112,9,2025,5,8591
Argentina,Ciudad Autonoma de Buenos Aires,Comuna 13,209113,9,2025,10,10772
Argentina,Ciudad Autonoma de Buenos Aires,Comuna 13,209114,9,2025,6,7311
Argentina,Ciudad Autonoma de Buenos Aires,Comuna 13,209115,9,2025,11,9651
Argentina,Ciudad Autonoma de Buenos Aires,Comuna 13,209116,9,2025,8,10427
Argentina,Ciudad Autonoma de Buenos Aires,Comuna 13,209117,9,2025,9,11221
Argentina,Ciudad Autonoma de Buenos Aires,Comuna 13,209118,9,2025,4,8113
Argentina,Ciudad Autonoma de Buenos Aires,Comuna 13,209119,9,2025,13,8504
Argentina,Ciudad Autonoma de Buenos Aires,Comuna 13,209120,9,2025,15,9333
Argentina,Ciudad Autonoma de Buenos Aires,Comuna 13,209121,9,2025,4,8521
Argentina,Ciudad Autonoma de Buenos Aires,Comuna 13,209122,9,2025,4,8416
Argentina,Ciudad Autonoma de Buenos Aires,Comuna 13,209123,9,2025,11,9675
Argentina,Ciudad Autonoma de Buenos Aires,Comuna 13,209124,9,2025,5,7611
Argentina,Ciudad Autonoma de Buenos Aires,Comuna 13,209125,9,2025,7,6503
Argentina,Ciudad Autonoma de Buenos Aires,Comuna 13,209126,9,2025,8,8070
Argentina,Ciudad Autonoma de Buenos Aires,Comuna 13,209127,9,2025,6,7860
Argentina,Ciudad Autonoma de Buenos Aires,Comuna 13,209128,9,2025,4,7714
Argentina,Ciudad Autonoma de Buenos Aires,Comuna 13,209129,9,2025,5,7809
Argentina,Ciudad Autonoma de Buenos Aires,Comuna 14,209801,9,2025,10,8008
Argentina,Ciudad Autonoma de Buenos Aires,Comuna 14,209802,9,2025,14,8651
Argentina,Ciudad Autonoma de Buenos Aires,Comuna 14,209803,9,2025,11,9921
Argentina,Ciudad Autonoma de Buenos Aires,Comuna 14,209804,9,2025,15,9128
Argentina,Ciudad Autonoma de Buenos Aires,Comuna 14,209805,9,2025,10,7958
Argentina,Ciudad Autonoma de Buenos Aires,Comuna 14,209806,9,2025,7,9397
Argentina,Ciudad Autonoma de Buenos Aires,Comuna 14,209807,9,2025,5,9307
Argentina,Ciudad Autonoma de Buenos Aires,Comuna 14,209808,9,2025,6,8700
Argentina,Ciudad Autonoma de Buenos Aires,Comuna 14,209809,9,2025,11,12492
Argentina,Ciudad Autonoma de Buenos Aires,Comuna 14,209810,9,2025,0,190
Argentina,Ciudad Autonoma de Buenos Aires,Comuna 14,209811,9,2025,9,12051
Argentina,Ciudad Autonoma de Buenos Aires,Comuna 14,209812,9,2025,2,7962
Argentina,Ciudad Autonoma de Buenos Aires,Comuna 14,209813,9,2025,7,7376
Argentina,Ciudad Autonoma de Buenos Aires,Comuna 14,209814,9,2025,5,7484
Argentina,Ciudad Autonoma de Buenos Aires,Comuna 14,209815,9,2025,5,8094
Argentina,Ciudad Autonoma de Buenos Aires,Comuna 14,209816,9,2025,2,6773
Argentina,Ciudad Autonoma de Buenos Aires,Comuna 14,209817,9,2025,9,7231
Argentina,Ciudad Autonoma de Buenos Aires,Comuna 14,209818,9,2025,7,6981
Argentina,Ciudad Autonoma de Buenos Aires,Comuna 14,209819,9,2025,5,5589
Argentina,Ciudad Autonoma de Buenos Aires,Comuna 14,209820,9,2025,7,6758
Argentina,Ciudad Autonoma de Buenos Aires,Comuna 14,209821,9,2025,7,7312
Argentina,Ciudad Autonoma de Buenos Aires,Comuna 14,209822,9,2025,11,8363
Argentina,Ciudad Autonoma de Buenos Aires,Comuna 14,209823,9,2025,10,11012
Argentina,Ciudad Autonoma de Buenos Aires,Comuna 14,209824,9,2025,4,6199
Argentina,Ciudad Autonoma de Buenos Aires,Comuna 14,209825,9,2025,8,7637
Argentina,Ciudad Autonoma de Buenos Aires,Comuna 14,209826,9,2025,6,6558
Argentina,Ciudad Autonoma de Buenos Aires,Comuna 14,209827,9,2025,8,6199
Argentina,Ciudad Autonoma de Buenos Aires,Comuna 14,209828,9,2025,6,9243
Argentina,Ciudad Autonoma de Buenos Aires,Comuna 14,209829,9,2025,5,8453
Argentina,Ciudad Autonoma de Buenos Aires,Comuna 14,209830,9,2025,10,8109
Argentina,Ciudad Autonoma de Buenos Aires,Comuna 14,209831,9,2025,7,8116
Argentina,Ciudad Autonoma de Buenos Aires,Comuna 15,210501,9,2025,9,9594
Argentina,Ciudad Autonoma de Buenos Aires,Comuna 15,210502,9,2025,4,6548
Argentina,Ciudad Autonoma de Buenos Aires,Comuna 15,210503,9,2025,8,10235
Argentina,Ciudad Autonoma de Buenos Aires,Comuna 15,210504,9,2025,13,12235
Argentina,Ciudad Autonoma de Buenos Aires,Comuna 15,210505,9,2025,10,12207
Argentina,Ciudad Autonoma de Buenos Aires,Comuna 15,210506,9,2025,3,4156
Argentina,Ciudad Autonoma de Buenos Aires,Comuna 15,210507,9,2025,10,12285
Argentina,Ciudad Autonoma de Buenos Aires,Comuna 15,210508,9,2025,10,8807
Argentina,Ciudad Autonoma de Buenos Aires,Comuna 15,210509,9,2025,8,8645
Argentina,Ciudad Autonoma de Buenos Aires,Comuna 15,210510,9,2025,17,10813
Argentina,Ciudad Autonoma de Buenos Aires,Comuna 15,210511,9,2025,15,11863
Argentina,Ciudad Autonoma de Buenos Aires,Comuna 15,210512,9,2025,3,7208
Argentina,Ciudad Autonoma de Buenos Aires,Comuna 15,210513,9,2025,11,7242
Argentina,Ciudad Autonoma de Buenos Aires,Comuna 15,210514,9,2025,11,9564
Argentina,Ciudad Autonoma de Buenos Aires,Comuna 15,210515,9,2025,14,9091
Argentina,Ciudad Autonoma de Buenos Aires,Comuna 15,210516,9,2025,11,8911
Argentina,Ciudad Autonoma de Buenos Aires,Comuna 15,210517,9,2025,7,8753
Argentina,Ciudad Autonoma de Buenos Aires,Comuna 15,210518,9,2025,3,8161
Argentina,Ciudad Autonoma de Buenos Aires,Comuna 15,210519,9,2025,14,8739
Argentina,Ciudad Autonoma de Buenos Aires,Comuna 15,210520,9,2025,8,8787
Argentina,Ciudad Autonoma de Buenos Aires,Comuna 15,210521,9,2025,8,11421
Argentina,Ciudad Autonoma de Buenos Aires,Comuna 2,201401,9,2025,0,554
Argentina,Ciudad Autonoma de Buenos Aires,Comuna 2,201402,9,2025,3,5022
Argentina,Ciudad Autonoma de Buenos Aires,Comuna 2,201403,9,2025,4,5681
Argentina,Ciudad Autonoma de Buenos Aires,Comuna 2,201404,9,2025,7,6670
Argentina,Ciudad Autonoma de Buenos Aires,Comuna 2,201405,9,2025,6,6654
Argentina,Ciudad Autonoma de Buenos Aires,Comuna 2,201406,9,2025,7,6504
Argentina,Ciudad Autonoma de Buenos Aires,Comuna 2,201407,9,2025,8,7631
Argentina,Ciudad Autonoma de Buenos Aires,Comuna 2,201408,9,2025,8,9285
Argentina,Ciudad Autonoma de Buenos Aires,Comuna 2,201409,9,2025,16,8985
Argentina,Ciudad Autonoma de Buenos Aires,Comuna 2,201410,9,2025,7,7067
Argentina,Ciudad Autonoma de Buenos Aires,Comuna 2,201411,9,2025,5,5593
Argentina,Ciudad Autonoma de Buenos Aires,Comuna 2,201412,9,2025,3,5734
Argentina,Ciudad Autonoma de Buenos Aires,Comuna 2,201413,9,2025,6,7043
Argentina,Ciudad Autonoma de Buenos Aires,Comuna 2,201414,9,2025,1,8370
Argentina,Ciudad Autonoma de Buenos Aires,Comuna 2,201415,9,2025,3,6053
Argentina,Ciudad Autonoma de Buenos Aires,Comuna 2,201416,9,2025,7,5917
Argentina,Ciudad Autonoma de Buenos Aires,Comuna 2,201417,9,2025,7,7963
Argentina,Ciudad Autonoma de Buenos Aires,Comuna 2,201418,9,2025,7,6383
Argentina,Ciudad Autonoma de Buenos Aires,Comuna 2,201419,9,2025,6,6436
Argentina,Ciudad Autonoma de Buenos Aires,Comuna 2,201420,9,2025,4,7134
Argentina,Ciudad Autonoma de Buenos Aires,Comuna 2,201421,9,2025,4,5726
Argentina,Ciudad Autonoma de Buenos Aires,Comuna 2,201422,9,2025,5,5002
Argentina,Ciudad Autonoma de Buenos Aires,Comuna 2,201423,9,2025,3,5517
Argentina,Ciudad Autonoma de Buenos Aires,Comuna 2,201424,9,2025,6,5483
Argentina,Ciudad Autonoma de Buenos Aires,Comuna 2,201425,9,2025,10,8202
Argentina,Ciudad Autonoma de Buenos Aires,Comuna 5,203501,9,2025,8,9107
Argentina,Ciudad Autonoma de Buenos Aires,Comuna 5,203502,9,2025,9,8659
Argentina,Ciudad Autonoma de Buenos Aires,Comuna 5,203503,9,2025,3,9246
Argentina,Ciudad Autonoma de Buenos Aires,Comuna 5,203504,9,2025,12,8180
Argentina,Ciudad Autonoma de Buenos Aires,Comuna 5,203505,9,2025,4,6557
Argentina,Ciudad Autonoma de Buenos Aires,Comuna 5,203506,9,2025,11,7989
Argentina,Ciudad Autonoma de Buenos Aires,Comuna 5,203507,9,2025,2,7616
Argentina,Ciudad Autonoma de Buenos Aires,Comuna 5,203508,9,2025,8,8744
Argentina,Ciudad Autonoma de Buenos Aires,Comuna 5,203509,9,2025,9,7892
Argentina,Ciudad Autonoma de Buenos Aires,Comuna 5,203510,9,2025,8,8718
Argentina,Ciudad Autonoma de Buenos Aires,Comuna 5,203511,9,2025,7,9263
Argentina,Ciudad Autonoma de Buenos Aires,Comuna 5,203512,9,2025,6,7201
Argentina,Ciudad Autonoma de Buenos Aires,Comuna 5,203513,9,2025,6,7410
Argentina,Ciudad Autonoma de Buenos Aires,Comuna 5,203514,9,2025,7,8821
Argentina,Ciudad Autonoma de Buenos Aires,Comuna 5,203515,9,2025,6,7651
Argentina,Ciudad Autonoma de Buenos Aires,Comuna 5,203516,9,2025,14,10461
Argentina,Ciudad Autonoma de Buenos Aires,Comuna 5,203517,9,2025,6,9254
Argentina,Ciudad Autonoma de Buenos Aires,Comuna 5,203518,9,2025,9,9162
Argentina,Ciudad Autonoma de Buenos Aires,Comuna 5,203519,9,2025,14,9340
Argentina,Ciudad Autonoma de Buenos Aires,Comuna 5,203520,9,2025,3,11091
Argentina,Ciudad Autonoma de Buenos Aires,Comuna 5,203521,9,2025,6,8855
Argentina,Ciudad Autonoma de Buenos Aires,Comuna 5,203522,9,2025,10,11232
Argentina,Ciudad Autonoma de Buenos Aires,Comuna 6,204201,9,2025,11,9911
Argentina,Ciudad Autonoma de Buenos Aires,Comuna 6,204202,9,2025,8,10787
Argentina,Ciudad Autonoma de Buenos Aires,Comuna 6,204203,9,2025,14,8899
Argentina,Ciudad Autonoma de Buenos Aires,Comuna 6,204204,9,2025,13,11727
Argentina,Ciudad Autonoma de Buenos Aires,Comuna 6,204205,9,2025,12,10329
Argentina,Ciudad Autonoma de Buenos Aires,Comuna 6,204206,9,2025,13,10367
Argentina,Ciudad Autonoma de Buenos Aires,Comuna 6,204207,9,2025,14,12185
Argentina,Ciudad Autonoma de Buenos Aires,Comuna 6,204208,9,2025,10,9497
Argentina,Ciudad Autonoma de Buenos Aires,Comuna 6,204209,9,2025,7,7356
Argentina,Ciudad Autonoma de Buenos Aires,Comuna 6,204210,9,2025,9,8697
Argentina,Ciudad Autonoma de Buenos Aires,Comuna 6,204211,9,2025,11,9646
Argentina,Ciudad Autonoma de Buenos Aires,Comuna 6,204212,9,2025,5,7926
Argentina,Ciudad Autonoma de Buenos Aires,Comuna 6,204213,9,2025,10,10037
Argentina,Ciudad Autonoma de Buenos Aires,Comuna 6,204214,9,2025,12,9669
Argentina,Ciudad Autonoma de Buenos Aires,Comuna 6,204215,9,2025,10,9168
Argentina,Ciudad Autonoma de Buenos Aires,Comuna 6,204216,9,2025,12,12982
Argentina,Ciudad Autonoma de Buenos Aires,Comuna 6,204217,9,2025,12,7259
Argentina,Ciudad Autonoma de Buenos Aires,Comuna 6,204218,9,2025,7,8066
Argentina,Ciudad Autonoma de Buenos Aires,Comuna 6,204219,9,2025,5,7952
Argentina,Ciudad Autonoma de Buenos Aires,Comuna 6,204220,9,2025,5,8895
Argentina,Ciudad Autonoma de Buenos Aires,Comuna 6,204221,9,2025,13,10409
Argentina,Ciudad Autonoma de Buenos Aires,Comuna 7,204901,9,2025,7,6665
Argentina,Ciudad Autonoma de Buenos Aires,Comuna 7,204902,9,2025,9,8593
Argentina,Ciudad Autonoma de Buenos Aires,Comuna 7,204903,9,2025,14,10871
Argentina,Ciudad Autonoma de Buenos Aires,Comuna 7,204904,9,2025,9,9795
Argentina,Ciudad Autonoma de Buenos Aires,Comuna 7,204905,9,2025,13,8999
Argentina,Ciudad Autonoma de Buenos Aires,Comuna 7,204906,9,2025,7,7524
Argentina,Ciudad Autonoma de Buenos Aires,Comuna 7,204907,9,2025,9,9257
Argentina,Ciudad Autonoma de Buenos Aires,Comuna 7,204908,9,2025,4,7685
Argentina,Ciudad Autonoma de Buenos Aires,Comuna 7,204909,9,2025,13,9705
Argentina,Ciudad Autonoma de Buenos Aires,Comuna 7,204910,9,2025,12,8735
Argentina,Ciudad Autonoma de Buenos Aires,Comuna 7,204911,9,2025,6,10501
Argentina,Ciudad Autonoma de Buenos Aires,Comuna 7,204912,9,2025,7,7467
Argentina,Ciudad Autonoma de Buenos Aires,Comuna 7,204913,9,2025,10,11414
Argentina,Ciudad Autonoma de Buenos Aires,Comuna 7,204914,9,2025,14,11132
Argentina,Ciudad Autonoma de Buenos Aires,Comuna 7,204915,9,2025,7,9647
Argentina,Ciudad Autonoma de Buenos Aires,Comuna 7,204916,9,2025,9,8094
Argentina,Ciudad Autonoma de Buenos Aires,Comuna 7,204917,9,2025,2,2971
Argentina,Ciudad Autonoma de Buenos Aires,Comuna 7,204918,9,2025,3,3398
Argentina,Ciudad Autonoma de Buenos Aires,Comuna 7,204919,9,2025,8,6454
Argentina,Ciudad Autonoma de Buenos Aires,Comuna 7,204920,9,2025,14,12736
Argentina,Ciudad Autonoma de Buenos Aires,Comuna 7,204921,9,2025,7,11351
Argentina,Ciudad Autonoma de Buenos Aires,Comuna 7,204922,9,2025,5,11303
Argentina,Ciudad Autonoma de Buenos Aires,Comuna 7,204923,9,2025,9,7839
Argentina,Ciudad Autonoma de Buenos Aires,Comuna 7,204924,9,2025,13,11126
Argentina,Ciudad Autonoma de Buenos Aires,Comuna 10,207001,10,2025,5,6651
Argentina,Ciudad Autonoma de Buenos Aires,Comuna 10,207002,10,2025,8,7094
Argentina,Ciudad Autonoma de Buenos Aires,Comuna 10,207003,10,2025,8,6682
Argentina,Ciudad Autonoma de Buenos Aires,Comuna 10,207004,10,2025,9,9342
Argentina,Ciudad Autonoma de Buenos Aires,Comuna 10,207005,10,2025,10,11787
Argentina,Ciudad Autonoma de Buenos Aires,Comuna 10,207006,10,2025,11,12408
Argentina,Ciudad Autonoma de Buenos Aires,Comuna 10,207007,10,2025,16,11630
Argentina,Ciudad Autonoma de Buenos Aires,Comuna 10,207008,10,2025,12,9038
Argentina,Ciudad Autonoma de Buenos Aires,Comuna 10,207009,10,2025,4,8752
Argentina,Ciudad Autonoma de Buenos Aires,Comuna 10,207010,10,2025,6,10398
Argentina,Ciudad Autonoma de Buenos Aires,Comuna 10,207011,10,2025,10,8554
Argentina,Ciudad Autonoma de Buenos Aires,Comuna 10,207012,10,2025,7,6677
Argentina,Ciudad Autonoma de Buenos Aires,Comuna 10,207013,10,2025,9,8285
Argentina,Ciudad Autonoma de Buenos Aires,Comuna 10,207014,10,2025,6,9092
Argentina,Ciudad Autonoma de Buenos Aires,Comuna 10,207015,10,2025,2,7248
Argentina,Ciudad Autonoma de Buenos Aires,Comuna 10,207016,10,2025,7,8724
Argentina,Ciudad Autonoma de Buenos Aires,Comuna 10,207017,10,2025,19,9635
Argentina,Ciudad Autonoma de Buenos Aires,Comuna 10,207018,10,2025,15,8682
Argentina,Ciudad Autonoma de Buenos Aires,Comuna 10,207019,10,2025,4,11217
Argentina,Ciudad Autonoma de Buenos Aires,Comuna 11,207701,10,2025,9,11069
Argentina,Ciudad Autonoma de Buenos Aires,Comuna 11,207702,10,2025,9,10205
Argentina,Ciudad Autonoma de Buenos Aires,Comuna 11,207703,10,2025,12,9103
Argentina,Ciudad Autonoma de Buenos Aires,Comuna 11,207704,10,2025,9,10387
Argentina,Ciudad Autonoma de Buenos Aires,Comuna 11,207705,10,2025,5,7955
Argentina,Ciudad Autonoma de Buenos Aires,Comuna 11,207706,10,2025,8,11455
Argentina,Ciudad Autonoma de Buenos Aires,Comuna 11,207707,10,2025,10,11428
Argentina,Ciudad Autonoma de Buenos Aires,Comuna 11,207708,10,2025,6,8072
Argentina,Ciudad Autonoma de Buenos Aires,Comuna 11,207709,10,2025,12,9257
Argentina,Ciudad Autonoma de Buenos Aires,Comuna 11,207710,10,2025,10,11259
Argentina,Ciudad Autonoma de Buenos Aires,Comuna 11,207711,10,2025,6,8065
Argentina,Ciudad Autonoma de Buenos Aires,Comuna 11,207712,10,2025,9,8059
Argentina,Ciudad Autonoma de Buenos Aires,Comuna 11,207713,10,2025,10,9254
Argentina,Ciudad Autonoma de Buenos Aires,Comuna 11,207714,10,2025,12,7270
Argentina,Ciudad Autonoma de Buenos Aires,Comuna 11,207715,10,2025,6,10022
Argentina,Ciudad Autonoma de Buenos Aires,Comuna 11,207716,10,2025,14,9462
Argentina,Ciudad Autonoma de Buenos Aires,Comuna 11,207717,10,2025,7,6323
Argentina,Ciudad Autonoma de Buenos Aires,Comuna 11,207718,10,2025,7,9010
Argentina,Ciudad Autonoma de Buenos Aires,Comuna 11,207719,10,2025,6,7194
Argentina,Ciudad Autonoma de Buenos Aires,Comuna 11,207720,10,2025,7,9079
Argentina,Ciudad Autonoma de Buenos Aires,Comuna 11,207721,10,2025,11,9075
Argentina,Ciudad Autonoma de Buenos Aires,Comuna 11,207722,10,2025,3,8902
Argentina,Ciudad Autonoma de Buenos Aires,Comuna 12,208401,10,2025,5,9341
Argentina,Ciudad Autonoma de Buenos Aires,Comuna 12,208402,10,2025,7,8793
Argentina,Ciudad Autonoma de Buenos Aires,Comuna 12,208403,10,2025,9,9271
Argentina,Ciudad Autonoma de Buenos Aires,Comuna 12,208404,10,2025,10,8702
Argentina,Ciudad Autonoma de Buenos Aires,Comuna 12,208405,10,2025,12,8415
Argentina,Ciudad Autonoma de Buenos Aires,Comuna 12,208406,10,2025,7,9143
Argentina,Ciudad Autonoma de Buenos Aires,Comuna 12,208407,10,2025,5,10293
Argentina,Ciudad Autonoma de Buenos Aires,Comuna 12,208408,10,2025,10,10510
Argentina,Ciudad Autonoma de Buenos Aires,Comuna 12,208409,10,2025,7,8365
Argentina,Ciudad Autonoma de Buenos Aires,Comuna 12,208410,10,2025,10,11926
Argentina,Ciudad Autonoma de Buenos Aires,Comuna 12,208411,10,2025,9,10276
Argentina,Ciudad Autonoma de Buenos Aires,Comuna 12,208412,10,2025,8,8291
Argentina,Ciudad Autonoma de Buenos Aires,Comuna 12,208413,10,2025,10,9891
Argentina,Ciudad Autonoma de Buenos Aires,Comuna 12,208414,10,2025,13,12202
Argentina,Ciudad Autonoma de Buenos Aires,Comuna 12,208415,10,2025,14,13785
Argentina,Ciudad Autonoma de Buenos Aires,Comuna 12,208416,10,2025,20,16395
Argentina,Ciudad Autonoma de Buenos Aires,Comuna 12,208417,10,2025,10,9935
Argentina,Ciudad Autonoma de Buenos Aires,Comuna 12,208418,10,2025,15,13227
Argentina,Ciudad Autonoma de Buenos Aires,Comuna 12,208419,10,2025,6,12268
Argentina,Ciudad Autonoma de Buenos Aires,Comuna 12,208420,10,2025,6,9926
Argentina,Ciudad Autonoma de Buenos Aires,Comuna 12,208421,10,2025,9,11426
Argentina,Ciudad Autonoma de Buenos Aires,Comuna 12,208422,10,2025,12,12983
Argentina,Ciudad Autonoma de Buenos Aires,Comuna 13,209101,10,2025,11,11656
Argentina,Ciudad Autonoma de Buenos Aires,Comuna 13,209102,10,2025,16,10984
Argentina,Ciudad Autonoma de Buenos Aires,Comuna 13,209103,10,2025,13,10868
Argentina,Ciudad Autonoma de Buenos Aires,Comuna 13,209104,10,2025,10,13113
Argentina,Ciudad Autonoma de Buenos Aires,Comuna 13,209105,10,2025,6,10421
Argentina,Ciudad Autonoma de Buenos Aires,Comuna 13,209106,10,2025,10,7917
Argentina,Ciudad Autonoma de Buenos Aires,Comuna 13,209107,10,2025,5,8294
Argentina,Ciudad Autonoma de Buenos Aires,Comuna 13,209108,10,2025,13,9153
Argentina,Ciudad Autonoma de Buenos Aires,Comuna 13,209109,10,2025,7,8207
Argentina,Ciudad Autonoma de Buenos Aires,Comuna 13,209110,10,2025,12,10807
Argentina,Ciudad Autonoma de Buenos Aires,Comuna 13,209111,10,2025,3,4808
Argentina,Ciudad Autonoma de Buenos Aires,Comuna 13,209112,10,2025,7,8591
Argentina,Ciudad Autonoma de Buenos Aires,Comuna 13,209113,10,2025,13,10772
Argentina,Ciudad Autonoma de Buenos Aires,Comuna 13,209114,10,2025,7,7311
Argentina,Ciudad Autonoma de Buenos Aires,Comuna 13,209115,10,2025,13,9651
Argentina,Ciudad Autonoma de Buenos Aires,Comuna 13,209116,10,2025,10,10427
Argentina,Ciudad Autonoma de Buenos Aires,Comuna 13,209117,10,2025,16,11221
Argentina,Ciudad Autonoma de Buenos Aires,Comuna 13,209118,10,2025,15,8113
Argentina,Ciudad Autonoma de Buenos Aires,Comuna 13,209119,10,2025,5,8504
Argentina,Ciudad Autonoma de Buenos Aires,Comuna 13,209120,10,2025,12,9333
Argentina,Ciudad Autonoma de Buenos Aires,Comuna 13,209121,10,2025,8,8521
Argentina,Ciudad Autonoma de Buenos Aires,Comuna 13,209122,10,2025,9,8416
Argentina,Ciudad Autonoma de Buenos Aires,Comuna 13,209123,10,2025,10,9675
Argentina,Ciudad Autonoma de Buenos Aires,Comuna 13,209124,10,2025,12,7611
Argentina,Ciudad Autonoma de Buenos Aires,Comuna 13,209125,10,2025,5,6503
Argentina,Ciudad Autonoma de Buenos Aires,Comuna 13,209126,10,2025,16,8070
Argentina,Ciudad Autonoma de Buenos Aires,Comuna 13,209127,10,2025,7,7860
Argentina,Ciudad Autonoma de Buenos Aires,Comuna 13,209128,10,2025,15,7714
Argentina,Ciudad Autonoma de Buenos Aires,Comuna 13,209129,10,2025,5,7809
Argentina,Ciudad Autonoma de Buenos Aires,Comuna 14,209801,10,2025,9,8008
Argentina,Ciudad Autonoma de Buenos Aires,Comuna 14,209802,10,2025,10,8651
Argentina,Ciudad Autonoma de Buenos Aires,Comuna 14,209803,10,2025,8,9921
Argentina,Ciudad Autonoma de Buenos Aires,Comuna 14,209804,10,2025,6,9128
Argentina,Ciudad Autonoma de Buenos Aires,Comuna 14,209805,10,2025,9,7958
Argentina,Ciudad Autonoma de Buenos Aires,Comuna 14,209806,10,2025,8,9397
Argentina,Ciudad Autonoma de Buenos Aires,Comuna 14,209807,10,2025,10,9307
Argentina,Ciudad Autonoma de Buenos Aires,Comuna 14,209808,10,2025,6,8700
Argentina,Ciudad Autonoma de Buenos Aires,Comuna 14,209809,10,2025,10,12492
Argentina,Ciudad Autonoma de Buenos Aires,Comuna 14,209810,10,2025,0,190
Argentina,Ciudad Autonoma de Buenos Aires,Comuna 14,209811,10,2025,13,12051
Argentina,Ciudad Autonoma de Buenos Aires,Comuna 14,209812,10,2025,8,7962
Argentina,Ciudad Autonoma de Buenos Aires,Comuna 14,209813,10,2025,12,7376
Argentina,Ciudad Autonoma de Buenos Aires,Comuna 14,209814,10,2025,5,7484
Argentina,Ciudad Autonoma de Buenos Aires,Comuna 14,209815,10,2025,6,8094
Argentina,Ciudad Autonoma de Buenos Aires,Comuna 14,209816,10,2025,9,6773
Argentina,Ciudad Autonoma de Buenos Aires,Comuna 14,209817,10,2025,12,7231
Argentina,Ciudad Autonoma de Buenos Aires,Comuna 14,209818,10,2025,10,6981
Argentina,Ciudad Autonoma de Buenos Aires,Comuna 14,209819,10,2025,9,5589
Argentina,Ciudad Autonoma de Buenos Aires,Comuna 14,209820,10,2025,11,6758
Argentina,Ciudad Autonoma de Buenos Aires,Comuna 14,209821,10,2025,14,7312
Argentina,Ciudad Autonoma de Buenos Aires,Comuna 14,209822,10,2025,8,8363
Argentina,Ciudad Autonoma de Buenos Aires,Comuna 14,209823,10,2025,10,11012
Argentina,Ciudad Autonoma de Buenos Aires,Comuna 14,209824,10,2025,6,6199
Argentina,Ciudad Autonoma de Buenos Aires,Comuna 14,209825,10,2025,4,7637
Argentina,Ciudad Autonoma de Buenos Aires,Comuna 14,209826,10,2025,10,6558
Argentina,Ciudad Autonoma de Buenos Aires,Comuna 14,209827,10,2025,7,6199
Argentina,Ciudad Autonoma de Buenos Aires,Comuna 14,209828,10,2025,1,9243
Argentina,Ciudad Autonoma de Buenos Aires,Comuna 14,209829,10,2025,13,8453
Argentina,Ciudad Autonoma de Buenos Aires,Comuna 14,209830,10,2025,5,8109
Argentina,Ciudad Autonoma de Buenos Aires,Comuna 14,209831,10,2025,9,8116
Argentina,Ciudad Autonoma de Buenos Aires,Comuna 15,210501,10,2025,13,9594
Argentina,Ciudad Autonoma de Buenos Aires,Comuna 15,210502,10,2025,4,6548
Argentina,Ciudad Autonoma de Buenos Aires,Comuna 15,210503,10,2025,14,10235
Argentina,Ciudad Autonoma de Buenos Aires,Comuna 15,210504,10,2025,10,12235
Argentina,Ciudad Autonoma de Buenos Aires,Comuna 15,210505,10,2025,9,12207
Argentina,Ciudad Autonoma de Buenos Aires,Comuna 15,210506,10,2025,4,4156
Argentina,Ciudad Autonoma de Buenos Aires,Comuna 15,210507,10,2025,6,12285
Argentina,Ciudad Autonoma de Buenos Aires,Comuna 15,210508,10,2025,14,8807
Argentina,Ciudad Autonoma de Buenos Aires,Comuna 15,210509,10,2025,16,8645
Argentina,Ciudad Autonoma de Buenos Aires,Comuna 15,210510,10,2025,12,10813
Argentina,Ciudad Autonoma de Buenos Aires,Comuna 15,210511,10,2025,10,11863
Argentina,Ciudad Autonoma de Buenos Aires,Comuna 15,210512,10,2025,6,7208
Argentina,Ciudad Autonoma de Buenos Aires,Comuna 15,210513,10,2025,7,7242
Argentina,Ciudad Autonoma de Buenos Aires,Comuna 15,210514,10,2025,7,9564
Argentina,Ciudad Autonoma de Buenos Aires,Comuna 15,210515,10,2025,9,9091
Argentina,Ciudad Autonoma de Buenos Aires,Comuna 15,210516,10,2025,7,8911
Argentina,Ciudad Autonoma de Buenos Aires,Comuna 15,210517,10,2025,10,8753
Argentina,Ciudad Autonoma de Buenos Aires,Comuna 15,210518,10,2025,8,8161
Argentina,Ciudad Autonoma de Buenos Aires,Comuna 15,210519,10,2025,6,8739
Argentina,Ciudad Autonoma de Buenos Aires,Comuna 15,210520,10,2025,10,8787
Argentina,Ciudad Autonoma de Buenos Aires,Comuna 15,210521,10,2025,16,11421
Argentina,Ciudad Autonoma de Buenos Aires,Comuna 2,201401,10,2025,0,554
Argentina,Ciudad Autonoma de Buenos Aires,Comuna 2,201402,10,2025,8,5022
Argentina,Ciudad Autonoma de Buenos Aires,Comuna 2,201403,10,2025,8,5681
Argentina,Ciudad Autonoma de Buenos Aires,Comuna 2,201404,10,2025,10,6670
Argentina,Ciudad Autonoma de Buenos Aires,Comuna 2,201405,10,2025,7,6654
Argentina,Ciudad Autonoma de Buenos Aires,Comuna 2,201406,10,2025,4,6504
Argentina,Ciudad Autonoma de Buenos Aires,Comuna 2,201407,10,2025,11,7631
Argentina,Ciudad Autonoma de Buenos Aires,Comuna 2,201408,10,2025,13,9285
Argentina,Ciudad Autonoma de Buenos Aires,Comuna 2,201409,10,2025,7,8985
Argentina,Ciudad Autonoma de Buenos Aires,Comuna 2,201410,10,2025,7,7067
Argentina,Ciudad Autonoma de Buenos Aires,Comuna 2,201411,10,2025,7,5593
Argentina,Ciudad Autonoma de Buenos Aires,Comuna 2,201412,10,2025,4,5734
Argentina,Ciudad Autonoma de Buenos Aires,Comuna 2,201413,10,2025,7,7043
Argentina,Ciudad Autonoma de Buenos Aires,Comuna 2,201414,10,2025,8,8370
Argentina,Ciudad Autonoma de Buenos Aires,Comuna 2,201415,10,2025,5,6053
Argentina,Ciudad Autonoma de Buenos Aires,Comuna 2,201416,10,2025,4,5917
Argentina,Ciudad Autonoma de Buenos Aires,Comuna 2,201417,10,2025,5,7963
Argentina,Ciudad Autonoma de Buenos Aires,Comuna 2,201418,10,2025,11,6383
Argentina,Ciudad Autonoma de Buenos Aires,Comuna 2,201419,10,2025,8,6436
Argentina,Ciudad Autonoma de Buenos Aires,Comuna 2,201420,10,2025,6,7134
Argentina,Ciudad Autonoma de Buenos Aires,Comuna 2,201421,10,2025,2,5726
Argentina,Ciudad Autonoma de Buenos Aires,Comuna 2,201422,10,2025,6,5002
Argentina,Ciudad Autonoma de Buenos Aires,Comuna 2,201423,10,2025,4,5517
Argentina,Ciudad Autonoma de Buenos Aires,Comuna 2,201424,10,2025,5,5483
Argentina,Ciudad Autonoma de Buenos Aires,Comuna 2,201425,10,2025,10,8202
Argentina,Ciudad Autonoma de Buenos Aires,Comuna 5,203501,10,2025,5,9107
Argentina,Ciudad Autonoma de Buenos Aires,Comuna 5,203502,10,2025,7,8659
Argentina,Ciudad Autonoma de Buenos Aires,Comuna 5,203503,10,2025,5,9246
Argentina,Ciudad Autonoma de Buenos Aires,Comuna 5,203504,10,2025,5,8180
Argentina,Ciudad Autonoma de Buenos Aires,Comuna 5,203505,10,2025,5,6557
Argentina,Ciudad Autonoma de Buenos Aires,Comuna 5,203506,10,2025,12,7989
Argentina,Ciudad Autonoma de Buenos Aires,Comuna 5,203507,10,2025,2,7616
Argentina,Ciudad Autonoma de Buenos Aires,Comuna 5,203508,10,2025,5,8744
Argentina,Ciudad Autonoma de Buenos Aires,Comuna 5,203509,10,2025,7,7892
Argentina,Ciudad Autonoma de Buenos Aires,Comuna 5,203510,10,2025,7,8718
Argentina,Ciudad Autonoma de Buenos Aires,Comuna 5,203511,10,2025,12,9263
Argentina,Ciudad Autonoma de Buenos Aires,Comuna 5,203512,10,2025,10,7201
Argentina,Ciudad Autonoma de Buenos Aires,Comuna 5,203513,10,2025,9,7410
Argentina,Ciudad Autonoma de Buenos Aires,Comuna 5,203514,10,2025,11,8821
Argentina,Ciudad Autonoma de Buenos Aires,Comuna 5,203515,10,2025,4,7651
Argentina,Ciudad Autonoma de Buenos Aires,Comuna 5,203516,10,2025,14,10461
Argentina,Ciudad Autonoma de Buenos Aires,Comuna 5,203517,10,2025,10,9254
Argentina,Ciudad Autonoma de Buenos Aires,Comuna 5,203518,10,2025,9,9162
Argentina,Ciudad Autonoma de Buenos Aires,Comuna 5,203519,10,2025,11,9340
Argentina,Ciudad Autonoma de Buenos Aires,Comuna 5,203520,10,2025,11,11091
Argentina,Ciudad Autonoma de Buenos Aires,Comuna 5,203521,10,2025,6,8855
Argentina,Ciudad Autonoma de Buenos Aires,Comuna 5,203522,10,2025,12,11232
Argentina,Ciudad Autonoma de Buenos Aires,Comuna 6,204201,10,2025,12,9911
Argentina,Ciudad Autonoma de Buenos Aires,Comuna 6,204202,10,2025,16,10787
Argentina,Ciudad Autonoma de Buenos Aires,Comuna 6,204203,10,2025,10,8899
Argentina,Ciudad Autonoma de Buenos Aires,Comuna 6,204204,10,2025,14,11727
Argentina,Ciudad Autonoma de Buenos Aires,Comuna 6,204205,10,2025,8,10329
Argentina,Ciudad Autonoma de Buenos Aires,Comuna 6,204206,10,2025,14,10367
Argentina,Ciudad Autonoma de Buenos Aires,Comuna 6,204207,10,2025,14,12185
Argentina,Ciudad Autonoma de Buenos Aires,Comuna 6,204208,10,2025,8,9497
Argentina,Ciudad Autonoma de Buenos Aires,Comuna 6,204209,10,2025,8,7356
Argentina,Ciudad Autonoma de Buenos Aires,Comuna 6,204210,10,2025,13,8697
Argentina,Ciudad Autonoma de Buenos Aires,Comuna 6,204211,10,2025,12,9646
Argentina,Ciudad Autonoma de Buenos Aires,Comuna 6,204212,10,2025,13,7926
Argentina,Ciudad Autonoma de Buenos Aires,Comuna 6,204213,10,2025,7,10037
Argentina,Ciudad Autonoma de Buenos Aires,Comuna 6,204214,10,2025,12,9669
Argentina,Ciudad Autonoma de Buenos Aires,Comuna 6,204215,10,2025,6,9168
Argentina,Ciudad Autonoma de Buenos Aires,Comuna 6,204216,10,2025,14,12982
Argentina,Ciudad Autonoma de Buenos Aires,Comuna 6,204217,10,2025,7,7259
Argentina,Ciudad Autonoma de Buenos Aires,Comuna 6,204218,10,2025,11,8066
Argentina,Ciudad Autonoma de Buenos Aires,Comuna 6,204219,10,2025,1,7952
Argentina,Ciudad Autonoma de Buenos Aires,Comuna 6,204220,10,2025,11,8895
Argentina,Ciudad Autonoma de Buenos Aires,Comuna 6,204221,10,2025,8,10409
Argentina,Ciudad Autonoma de Buenos Aires,Comuna 7,204901,10,2025,7,6665
Argentina,Ciudad Autonoma de Buenos Aires,Comuna 7,204902,10,2025,9,8593
Argentina,Ciudad Autonoma de Buenos Aires,Comuna 7,204903,10,2025,11,10871
Argentina,Ciudad Autonoma de Buenos Aires,Comuna 7,204904,10,2025,9,9795
Argentina,Ciudad Autonoma de Buenos Aires,Comuna 7,204905,10,2025,11,8999
Argentina,Ciudad Autonoma de Buenos Aires,Comuna 7,204906,10,2025,5,7524
Argentina,Ciudad Autonoma de Buenos Aires,Comuna 7,204907,10,2025,7,9257
Argentina,Ciudad Autonoma de Buenos Aires,Comuna 7,204908,10,2025,5,7685
Argentina,Ciudad Autonoma de Buenos Aires,Comuna 7,204909,10,2025,11,9705
Argentina,Ciudad Autonoma de Buenos Aires,Comuna 7,204910,10,2025,7,8735
Argentina,Ciudad Autonoma de Buenos Aires,Comuna 7,204911,10,2025,10,10501
Argentina,Ciudad Autonoma de Buenos Aires,Comuna 7,204912,10,2025,8,7467
Argentina,Ciudad Autonoma de Buenos Aires,Comuna 7,204913,10,2025,4,11414
Argentina,Ciudad Autonoma de Buenos Aires,Comuna 7,204914,10,2025,14,11132
Argentina,Ciudad Autonoma de Buenos Aires,Comuna 7,204915,10,2025,7,9647
Argentina,Ciudad Autonoma de Buenos Aires,Comuna 7,204916,10,2025,7,8094
Argentina,Ciudad Autonoma de Buenos Aires,Comuna 7,204917,10,2025,0,2971
Argentina,Ciudad Autonoma de Buenos Aires,Comuna 7,204918,10,2025,2,3398
Argentina,Ciudad Autonoma de Buenos Aires,Comuna 7,204919,10,2025,9,6454
Argentina,Ciudad Autonoma de Buenos Aires,Comuna 7,204920,10,2025,11,12736
Argentina,Ciudad Autonoma de Buenos Aires,Comuna 7,204921,10,2025,12,11351
Argentina,Ciudad Autonoma de Buenos Aires,Comuna 7,204922,10,2025,14,11303
Argentina,Ciudad Autonoma de Buenos Aires,Comuna 7,204923,10,2025,7,7839
Argentina,Ciudad Autonoma de Buenos Aires,Comuna 7,204924,10,2025,14,11126
Argentina,Ciudad Autonoma de Buenos Aires,Comuna 10,207001,11,2025,6,6651
Argentina,Ciudad Autonoma de Buenos Aires,Comuna 10,207002,11,2025,7,7094
Argentina,Ciudad Autonoma de Buenos Aires,Comuna 10,207003,11,2025,9,6682
Argentina,Ciudad Autonoma de Buenos Aires,Comuna 10,207004,11,2025,9,9342
Argentina,Ciudad Autonoma de Buenos Aires,Comuna 10,207005,11,2025,8,11787
Argentina,Ciudad Autonoma de Buenos Aires,Comuna 10,207006,11,2025,22,12408
Argentina,Ciudad Autonoma de Buenos Aires,Comuna 10,207007,11,2025,11,11630
Argentina,Ciudad Autonoma de Buenos Aires,Comuna 10,207008,11,2025,12,9038
Argentina,Ciudad Autonoma de Buenos Aires,Comuna 10,207009,11,2025,6,8752
Argentina,Ciudad Autonoma de Buenos Aires,Comuna 10,207010,11,2025,9,10398
Argentina,Ciudad Autonoma de Buenos Aires,Comuna 10,207011,11,2025,6,8554
Argentina,Ciudad Autonoma de Buenos Aires,Comuna 10,207012,11,2025,8,6677
Argentina,Ciudad Autonoma de Buenos Aires,Comuna 10,207013,11,2025,14,8285
Argentina,Ciudad Autonoma de Buenos Aires,Comuna 10,207014,11,2025,11,9092
Argentina,Ciudad Autonoma de Buenos Aires,Comuna 10,207015,11,2025,7,7248
Argentina,Ciudad Autonoma de Buenos Aires,Comuna 10,207016,11,2025,10,8724
Argentina,Ciudad Autonoma de Buenos Aires,Comuna 10,207017,11,2025,12,9635
Argentina,Ciudad Autonoma de Buenos Aires,Comuna 10,207018,11,2025,9,8682
Argentina,Ciudad Autonoma de Buenos Aires,Comuna 10,207019,11,2025,6,11217
Argentina,Ciudad Autonoma de Buenos Aires,Comuna 11,207701,11,2025,11,11069
Argentina,Ciudad Autonoma de Buenos Aires,Comuna 11,207702,11,2025,11,10205
Argentina,Ciudad Autonoma de Buenos Aires,Comuna 11,207703,11,2025,4,9103
Argentina,Ciudad Autonoma de Buenos Aires,Comuna 11,207704,11,2025,9,10387
Argentina,Ciudad Autonoma de Buenos Aires,Comuna 11,207705,11,2025,7,7955
Argentina,Ciudad Autonoma de Buenos Aires,Comuna 11,207706,11,2025,13,11455
Argentina,Ciudad Autonoma de Buenos Aires,Comuna 11,207707,11,2025,7,11428
Argentina,Ciudad Autonoma de Buenos Aires,Comuna 11,207708,11,2025,13,8072
Argentina,Ciudad Autonoma de Buenos Aires,Comuna 11,207709,11,2025,10,9257
Argentina,Ciudad Autonoma de Buenos Aires,Comuna 11,207710,11,2025,15,11259
Argentina,Ciudad Autonoma de Buenos Aires,Comuna 11,207711,11,2025,2,8065
Argentina,Ciudad Autonoma de Buenos Aires,Comuna 11,207712,11,2025,3,8059
Argentina,Ciudad Autonoma de Buenos Aires,Comuna 11,207713,11,2025,7,9254
Argentina,Ciudad Autonoma de Buenos Aires,Comuna 11,207714,11,2025,7,7270
Argentina,Ciudad Autonoma de Buenos Aires,Comuna 11,207715,11,2025,9,10022
Argentina,Ciudad Autonoma de Buenos Aires,Comuna 11,207716,11,2025,2,9462
Argentina,Ciudad Autonoma de Buenos Aires,Comuna 11,207717,11,2025,6,6323
Argentina,Ciudad Autonoma de Buenos Aires,Comuna 11,207718,11,2025,11,9010
Argentina,Ciudad Autonoma de Buenos Aires,Comuna 11,207719,11,2025,10,7194
Argentina,Ciudad Autonoma de Buenos Aires,Comuna 11,207720,11,2025,9,9079
Argentina,Ciudad Autonoma de Buenos Aires,Comuna 11,207721,11,2025,5,9075
Argentina,Ciudad Autonoma de Buenos Aires,Comuna 11,207722,11,2025,6,8902
Argentina,Ciudad Autonoma de Buenos Aires,Comuna 12,208401,11,2025,10,9341
Argentina,Ciudad Autonoma de Buenos Aires,Comuna 12,208402,11,2025,6,8793
Argentina,Ciudad Autonoma de Buenos Aires,Comuna 12,208403,11,2025,10,9271
Argentina,Ciudad Autonoma de Buenos Aires,Comuna 12,208404,11,2025,10,8702
Argentina,Ciudad Autonoma de Buenos Aires,Comuna 12,208405,11,2025,6,8415
Argentina,Ciudad Autonoma de Buenos Aires,Comuna 12,208406,11,2025,14,9143
Argentina,Ciudad Autonoma de Buenos Aires,Comuna 12,208407,11,2025,12,10293
Argentina,Ciudad Autonoma de Buenos Aires,Comuna 12,208408,11,2025,9,10510
Argentina,Ciudad Autonoma de Buenos Aires,Comuna 12,208409,11,2025,6,8365
Argentina,Ciudad Autonoma de Buenos Aires,Comuna 12,208410,11,2025,13,11926
Argentina,Ciudad Autonoma de Buenos Aires,Comuna 12,208411,11,2025,10,10276
Argentina,Ciudad Autonoma de Buenos Aires,Comuna 12,208412,11,2025,8,8291
Argentina,Ciudad Autonoma de Buenos Aires,Comuna 12,208413,11,2025,15,9891
Argentina,Ciudad Autonoma de Buenos Aires,Comuna 12,208414,11,2025,7,12202
Argentina,Ciudad Autonoma de Buenos Aires,Comuna 12,208415,11,2025,9,13785
Argentina,Ciudad Autonoma de Buenos Aires,Comuna 12,208416,11,2025,21,16395
Argentina,Ciudad Autonoma de Buenos Aires,Comuna 12,208417,11,2025,12,9935
Argentina,Ciudad Autonoma de Buenos Aires,Comuna 12,208418,11,2025,12,13227
Argentina,Ciudad Autonoma de Buenos Aires,Comuna 12,208419,11,2025,11,12268
Argentina,Ciudad Autonoma de Buenos Aires,Comuna 12,208420,11,2025,13,9926
Argentina,Ciudad Autonoma de Buenos Aires,Comuna 12,208421,11,2025,13,11426
Argentina,Ciudad Autonoma de Buenos Aires,Comuna 12,208422,11,2025,13,12983
Argentina,Ciudad Autonoma de Buenos Aires,Comuna 13,209101,11,2025,6,11656
Argentina,Ciudad Autonoma de Buenos Aires,Comuna 13,209102,11,2025,13,10984
Argentina,Ciudad Autonoma de Buenos Aires,Comuna 13,209103,11,2025,13,10868
Argentina,Ciudad Autonoma de Buenos Aires,Comuna 13,209104,11,2025,10,13113
Argentina,Ciudad Autonoma de Buenos Aires,Comuna 13,209105,11,2025,9,10421
Argentina,Ciudad Autonoma de Buenos Aires,Comuna 13,209106,11,2025,9,7917
Argentina,Ciudad Autonoma de Buenos Aires,Comuna 13,209107,11,2025,7,8294
Argentina,Ciudad Autonoma de Buenos Aires,Comuna 13,209108,11,2025,5,9153
Argentina,Ciudad Autonoma de Buenos Aires,Comuna 13,209109,11,2025,5,8207
Argentina,Ciudad Autonoma de Buenos Aires,Comuna 13,209110,11,2025,12,10807
Argentina,Ciudad Autonoma de Buenos Aires,Comuna 13,209111,11,2025,4,4808
Argentina,Ciudad Autonoma de Buenos Aires,Comuna 13,209112,11,2025,7,8591
Argentina,Ciudad Autonoma de Buenos Aires,Comuna 13,209113,11,2025,8,10772
Argentina,Ciudad Autonoma de Buenos Aires,Comuna 13,209114,11,2025,5,7311
Argentina,Ciudad Autonoma de Buenos Aires,Comuna 13,209115,11,2025,12,9651
Argentina,Ciudad Autonoma de Buenos Aires,Comuna 13,209116,11,2025,10,10427
Argentina,Ciudad Autonoma de Buenos Aires,Comuna 13,209117,11,2025,12,11221
Argentina,Ciudad Autonoma de Buenos Aires,Comuna 13,209118,11,2025,5,8113
Argentina,Ciudad Autonoma de Buenos Aires,Comuna 13,209119,11,2025,9,8504
Argentina,Ciudad Autonoma de Buenos Aires,Comuna 13,209120,11,2025,2,9333
Argentina,Ciudad Autonoma de Buenos Aires,Comuna 13,209121,11,2025,12,8521
Argentina,Ciudad Autonoma de Buenos Aires,Comuna 13,209122,11,2025,9,8416
Argentina,Ciudad Autonoma de Buenos Aires,Comuna 13,209123,11,2025,14,9675
Argentina,Ciudad Autonoma de Buenos Aires,Comuna 13,209124,11,2025,7,7611
Argentina,Ciudad Autonoma de Buenos Aires,Comuna 13,209125,11,2025,8,6503
Argentina,Ciudad Autonoma de Buenos Aires,Comuna 13,209126,11,2025,15,8070
Argentina,Ciudad Autonoma de Buenos Aires,Comuna 13,209127,11,2025,6,7860
Argentina,Ciudad Autonoma de Buenos Aires,Comuna 13,209128,11,2025,10,7714
Argentina,Ciudad Autonoma de Buenos Aires,Comuna 13,209129,11,2025,6,7809
Argentina,Ciudad Autonoma de Buenos Aires,Comuna 14,209801,11,2025,10,8008
Argentina,Ciudad Autonoma de Buenos Aires,Comuna 14,209802,11,2025,17,8651
Argentina,Ciudad Autonoma de Buenos Aires,Comuna 14,209803,11,2025,7,9921
Argentina,Ciudad Autonoma de Buenos Aires,Comuna 14,209804,11,2025,11,9128
Argentina,Ciudad Autonoma de Buenos Aires,Comuna 14,209805,11,2025,9,7958
Argentina,Ciudad Autonoma de Buenos Aires,Comuna 14,209806,11,2025,8,9397
Argentina,Ciudad Autonoma de Buenos Aires,Comuna 14,209807,11,2025,10,9307
Argentina,Ciudad Autonoma de Buenos Aires,Comuna 14,209808,11,2025,11,8700
Argentina,Ciudad Autonoma de Buenos Aires,Comuna 14,209809,11,2025,8,12492
Argentina,Ciudad Autonoma de Buenos Aires,Comuna 14,209810,11,2025,1,190
Argentina,Ciudad Autonoma de Buenos Aires,Comuna 14,209811,11,2025,12,12051
Argentina,Ciudad Autonoma de Buenos Aires,Comuna 14,209812,11,2025,8,7962
Argentina,Ciudad Autonoma de Buenos Aires,Comuna 14,209813,11,2025,6,7376
Argentina,Ciudad Autonoma de Buenos Aires,Comuna 14,209814,11,2025,7,7484
Argentina,Ciudad Autonoma de Buenos Aires,Comuna 14,209815,11,2025,8,8094
Argentina,Ciudad Autonoma de Buenos Aires,Comuna 14,209816,11,2025,11,6773
Argentina,Ciudad Autonoma de Buenos Aires,Comuna 14,209817,11,2025,4,7231
Argentina,Ciudad Autonoma de Buenos Aires,Comuna 14,209818,11,2025,9,6981
Argentina,Ciudad Autonoma de Buenos Aires,Comuna 14,209819,11,2025,5,5589
Argentina,Ciudad Autonoma de Buenos Aires,Comuna 14,209820,11,2025,2,6758
Argentina,Ciudad Autonoma de Buenos Aires,Comuna 14,209821,11,2025,10,7312
Argentina,Ciudad Autonoma de Buenos Aires,Comuna 14,209822,11,2025,10,8363
Argentina,Ciudad Autonoma de Buenos Aires,Comuna 14,209823,11,2025,8,11012
Argentina,Ciudad Autonoma de Buenos Aires,Comuna 14,209824,11,2025,8,6199
Argentina,Ciudad Autonoma de Buenos Aires,Comuna 14,209825,11,2025,9,7637
Argentina,Ciudad Autonoma de Buenos Aires,Comuna 14,209826,11,2025,6,6558
Argentina,Ciudad Autonoma de Buenos Aires,Comuna 14,209827,11,2025,7,6199
Argentina,Ciudad Autonoma de Buenos Aires,Comuna 14,209828,11,2025,9,9243
Argentina,Ciudad Autonoma de Buenos Aires,Comuna 14,209829,11,2025,6,8453
Argentina,Ciudad Autonoma de Buenos Aires,Comuna 14,209830,11,2025,8,8109
Argentina,Ciudad Autonoma de Buenos Aires,Comuna 14,209831,11,2025,11,8116
Argentina,Ciudad Autonoma de Buenos Aires,Comuna 15,210501,11,2025,10,9594
Argentina,Ciudad Autonoma de Buenos Aires,Comuna 15,210502,11,2025,7,6548
Argentina,Ciudad Autonoma de Buenos Aires,Comuna 15,210503,11,2025,8,10235
Argentina,Ciudad Autonoma de Buenos Aires,Comuna 15,210504,11,2025,8,12235
Argentina,Ciudad Autonoma de Buenos Aires,Comuna 15,210505,11,2025,11,12207
Argentina,Ciudad Autonoma de Buenos Aires,Comuna 15,210506,11,2025,4,4156
Argentina,Ciudad Autonoma de Buenos Aires,Comuna 15,210507,11,2025,7,12285
Argentina,Ciudad Autonoma de Buenos Aires,Comuna 15,210508,11,2025,7,8807
Argentina,Ciudad Autonoma de Buenos Aires,Comuna 15,210509,11,2025,9,8645
Argentina,Ciudad Autonoma de Buenos Aires,Comuna 15,210510,11,2025,9,10813
Argentina,Ciudad Autonoma de Buenos Aires,Comuna 15,210511,11,2025,12,11863
Argentina,Ciudad Autonoma de Buenos Aires,Comuna 15,210512,11,2025,10,7208
Argentina,Ciudad Autonoma de Buenos Aires,Comuna 15,210513,11,2025,13,7242
Argentina,Ciudad Autonoma de Buenos Aires,Comuna 15,210514,11,2025,12,9564
Argentina,Ciudad Autonoma de Buenos Aires,Comuna 15,210515,11,2025,9,9091
Argentina,Ciudad Autonoma de Buenos Aires,Comuna 15,210516,11,2025,5,8911
Argentina,Ciudad Autonoma de Buenos Aires,Comuna 15,210517,11,2025,9,8753
Argentina,Ciudad Autonoma de Buenos Aires,Comuna 15,210518,11,2025,6,8161
Argentina,Ciudad Autonoma de Buenos Aires,Comuna 15,210519,11,2025,7,8739
Argentina,Ciudad Autonoma de Buenos Aires,Comuna 15,210520,11,2025,11,8787
Argentina,Ciudad Autonoma de Buenos Aires,Comuna 15,210521,11,2025,11,11421
Argentina,Ciudad Autonoma de Buenos Aires,Comuna 2,201401,11,2025,0,554
Argentina,Ciudad Autonoma de Buenos Aires,Comuna 2,201402,11,2025,3,5022
Argentina,Ciudad Autonoma de Buenos Aires,Comuna 2,201403,11,2025,6,5681
Argentina,Ciudad Autonoma de Buenos Aires,Comuna 2,201404,11,2025,8,6670
Argentina,Ciudad Autonoma de Buenos Aires,Comuna 2,201405,11,2025,9,6654
Argentina,Ciudad Autonoma de Buenos Aires,Comuna 2,201406,11,2025,5,6504
Argentina,Ciudad Autonoma de Buenos Aires,Comuna 2,201407,11,2025,5,7631
Argentina,Ciudad Autonoma de Buenos Aires,Comuna 2,201408,11,2025,9,9285
Argentina,Ciudad Autonoma de Buenos Aires,Comuna 2,201409,11,2025,12,8985
Argentina,Ciudad Autonoma de Buenos Aires,Comuna 2,201410,11,2025,11,7067
Argentina,Ciudad Autonoma de Buenos Aires,Comuna 2,201411,11,2025,5,5593
Argentina,Ciudad Autonoma de Buenos Aires,Comuna 2,201412,11,2025,4,5734
Argentina,Ciudad Autonoma de Buenos Aires,Comuna 2,201413,11,2025,9,7043
Argentina,Ciudad Autonoma de Buenos Aires,Comuna 2,201414,11,2025,9,8370
Argentina,Ciudad Autonoma de Buenos Aires,Comuna 2,201415,11,2025,5,6053
Argentina,Ciudad Autonoma de Buenos Aires,Comuna 2,201416,11,2025,7,5917
Argentina,Ciudad Autonoma de Buenos Aires,Comuna 2,201417,11,2025,10,7963
Argentina,Ciudad Autonoma de Buenos Aires,Comuna 2,201418,11,2025,5,6383
Argentina,Ciudad Autonoma de Buenos Aires,Comuna 2,201419,11,2025,8,6436
Argentina,Ciudad Autonoma de Buenos Aires,Comuna 2,201420,11,2025,6,7134
Argentina,Ciudad Autonoma de Buenos Aires,Comuna 2,201421,11,2025,7,5726
Argentina,Ciudad Autonoma de Buenos Aires,Comuna 2,201422,11,2025,8,5002
Argentina,Ciudad Autonoma de Buenos Aires,Comuna 2,201423,11,2025,6,5517
Argentina,Ciudad Autonoma de Buenos Aires,Comuna 2,201424,11,2025,6,5483
Argentina,Ciudad Autonoma de Buenos Aires,Comuna 2,201425,11,2025,10,8202
Argentina,Ciudad Autonoma de Buenos Aires,Comuna 5,203501,11,2025,9,9107
Argentina,Ciudad Autonoma de Buenos Aires,Comuna 5,203502,11,2025,10,8659
Argentina,Ciudad Autonoma de Buenos Aires,Comuna 5,203503,11,2025,11,9246
Argentina,Ciudad Autonoma de Buenos Aires,Comuna 5,203504,11,2025,8,8180
Argentina,Ciudad Autonoma de Buenos Aires,Comuna 5,203505,11,2025,5,6557
Argentina,Ciudad Autonoma de Buenos Aires,Comuna 5,203506,11,2025,7,7989
Argentina,Ciudad Autonoma de Buenos Aires,Comuna 5,203507,11,2025,4,7616
Argentina,Ciudad Autonoma de Buenos Aires,Comuna 5,203508,11,2025,7,8744
Argentina,Ciudad Autonoma de Buenos Aires,Comuna 5,203509,11,2025,6,7892
Argentina,Ciudad Autonoma de Buenos Aires,Comuna 5,203510,11,2025,12,8718
Argentina,Ciudad Autonoma de Buenos Aires,Comuna 5,203511,11,2025,11,9263
Argentina,Ciudad Autonoma de Buenos Aires,Comuna 5,203512,11,2025,11,7201
Argentina,Ciudad Autonoma de Buenos Aires,Comuna 5,203513,11,2025,10,7410
Argentina,Ciudad Autonoma de Buenos Aires,Comuna 5,203514,11,2025,9,8821
Argentina,Ciudad Autonoma de Buenos Aires,Comuna 5,203515,11,2025,8,7651
Argentina,Ciudad Autonoma de Buenos Aires,Comuna 5,203516,11,2025,7,10461
Argentina,Ciudad Autonoma de Buenos Aires,Comuna 5,203517,11,2025,17,9254
Argentina,Ciudad Autonoma de Buenos Aires,Comuna 5,203518,11,2025,12,9162
Argentina,Ciudad Autonoma de Buenos Aires,Comuna 5,203519,11,2025,17,9340
Argentina,Ciudad Autonoma de Buenos Aires,Comuna 5,203520,11,2025,13,11091
Argentina,Ciudad Autonoma de Buenos Aires,Comuna 5,203521,11,2025,6,8855
Argentina,Ciudad Autonoma de Buenos Aires,Comuna 5,203522,11,2025,9,11232
Argentina,Ciudad Autonoma de Buenos Aires,Comuna 6,204201,11,2025,6,9911
Argentina,Ciudad Autonoma de Buenos Aires,Comuna 6,204202,11,2025,8,10787
Argentina,Ciudad Autonoma de Buenos Aires,Comuna 6,204203,11,2025,6,8899
Argentina,Ciudad Autonoma de Buenos Aires,Comuna 6,204204,11,2025,10,11727
Argentina,Ciudad Autonoma de Buenos Aires,Comuna 6,204205,11,2025,15,10329
Argentina,Ciudad Autonoma de Buenos Aires,Comuna 6,204206,11,2025,11,10367
Argentina,Ciudad Autonoma de Buenos Aires,Comuna 6,204207,11,2025,15,12185
Argentina,Ciudad Autonoma de Buenos Aires,Comuna 6,204208,11,2025,5,9497
Argentina,Ciudad Autonoma de Buenos Aires,Comuna 6,204209,11,2025,5,7356
Argentina,Ciudad Autonoma de Buenos Aires,Comuna 6,204210,11,2025,10,8697
Argentina,Ciudad Autonoma de Buenos Aires,Comuna 6,204211,11,2025,13,9646
Argentina,Ciudad Autonoma de Buenos Aires,Comuna 6,204212,11,2025,8,7926
Argentina,Ciudad Autonoma de Buenos Aires,Comuna 6,204213,11,2025,13,10037
Argentina,Ciudad Autonoma de Buenos Aires,Comuna 6,204214,11,2025,10,9669
Argentina,Ciudad Autonoma de Buenos Aires,Comuna 6,204215,11,2025,4,9168
Argentina,Ciudad Autonoma de Buenos Aires,Comuna 6,204216,11,2025,15,12982
Argentina,Ciudad Autonoma de Buenos Aires,Comuna 6,204217,11,2025,5,7259
Argentina,Ciudad Autonoma de Buenos Aires,Comuna 6,204218,11,2025,8,8066
Argentina,Ciudad Autonoma de Buenos Aires,Comuna 6,204219,11,2025,6,7952
Argentina,Ciudad Autonoma de Buenos Aires,Comuna 6,204220,11,2025,12,8895
Argentina,Ciudad Autonoma de Buenos Aires,Comuna 6,204221,11,2025,9,10409
Argentina,Ciudad Autonoma de Buenos Aires,Comuna 7,204901,11,2025,8,6665
Argentina,Ciudad Autonoma de Buenos Aires,Comuna 7,204902,11,2025,9,8593
Argentina,Ciudad Autonoma de Buenos Aires,Comuna 7,204903,11,2025,13,10871
Argentina,Ciudad Autonoma de Buenos Aires,Comuna 7,204904,11,2025,10,9795
Argentina,Ciudad Autonoma de Buenos Aires,Comuna 7,204905,11,2025,9,8999
Argentina,Ciudad Autonoma de Buenos Aires,Comuna 7,204906,11,2025,5,7524
Argentina,Ciudad Autonoma de Buenos Aires,Comuna 7,204907,11,2025,13,9257
Argentina,Ciudad Autonoma de Buenos Aires,Comuna 7,204908,11,2025,5,7685
Argentina,Ciudad Autonoma de Buenos Aires,Comuna 7,204909,11,2025,9,9705
Argentina,Ciudad Autonoma de Buenos Aires,Comuna 7,204910,11,2025,3,8735
Argentina,Ciudad Autonoma de Buenos Aires,Comuna 7,204911,11,2025,12,10501
Argentina,Ciudad Autonoma de Buenos Aires,Comuna 7,204912,11,2025,6,7467
Argentina,Ciudad Autonoma de Buenos Aires,Comuna 7,204913,11,2025,6,11414
Argentina,Ciudad Autonoma de Buenos Aires,Comuna 7,204914,11,2025,8,11132
Argentina,Ciudad Autonoma de Buenos Aires,Comuna 7,204915,11,2025,10,9647
Argentina,Ciudad Autonoma de Buenos Aires,Comuna 7,204916,11,2025,7,8094
Argentina,Ciudad Autonoma de Buenos Aires,Comuna 7,204917,11,2025,2,2971
Argentina,Ciudad Autonoma de Buenos Aires,Comuna 7,204918,11,2025,4,3398
Argentina,Ciudad Autonoma de Buenos Aires,Comuna 7,204919,11,2025,9,6454
Argentina,Ciudad Autonoma de Buenos Aires,Comuna 7,204920,11,2025,15,12736
Argentina,Ciudad Autonoma de Buenos Aires,Comuna 7,204921,11,2025,15,11351
Argentina,Ciudad Autonoma de Buenos Aires,Comuna 7,204922,11,2025,9,11303
Argentina,Ciudad Autonoma de Buenos Aires,Comuna 7,204923,11,2025,4,7839
Argentina,Ciudad Autonoma de Buenos Aires,Comuna 7,204924,11,2025,11,11126
Argentina,Ciudad Autonoma de Buenos Aires,Comuna 10,207001,12,2025,7,6651
Argentina,Ciudad Autonoma de Buenos Aires,Comuna 10,207002,12,2025,9,7094
Argentina,Ciudad Autonoma de Buenos Aires,Comuna 10,207003,12,2025,4,6682
Argentina,Ciudad Autonoma de Buenos Aires,Comuna 10,207004,12,2025,9,9342
Argentina,Ciudad Autonoma de Buenos Aires,Comuna 10,207005,12,2025,7,11787
Argentina,Ciudad Autonoma de Buenos Aires,Comuna 10,207006,12,2025,13,12408
Argentina,Ciudad Autonoma de Buenos Aires,Comuna 10,207007,12,2025,9,11630
Argentina,Ciudad Autonoma de Buenos Aires,Comuna 10,207008,12,2025,7,9038
Argentina,Ciudad Autonoma de Buenos Aires,Comuna 10,207009,12,2025,11,8752
Argentina,Ciudad Autonoma de Buenos Aires,Comuna 10,207010,12,2025,6,10398
Argentina,Ciudad Autonoma de Buenos Aires,Comuna 10,207011,12,2025,6,8554
Argentina,Ciudad Autonoma de Buenos Aires,Comuna 10,207012,12,2025,5,6677
Argentina,Ciudad Autonoma de Buenos Aires,Comuna 10,207013,12,2025,9,8285
Argentina,Ciudad Autonoma de Buenos Aires,Comuna 10,207014,12,2025,8,9092
Argentina,Ciudad Autonoma de Buenos Aires,Comuna 10,207015,12,2025,8,7248
Argentina,Ciudad Autonoma de Buenos Aires,Comuna 10,207016,12,2025,8,8724
Argentina,Ciudad Autonoma de Buenos Aires,Comuna 10,207017,12,2025,6,9635
Argentina,Ciudad Autonoma de Buenos Aires,Comuna 10,207018,12,2025,6,8682
Argentina,Ciudad Autonoma de Buenos Aires,Comuna 10,207019,12,2025,11,11217
Argentina,Ciudad Autonoma de Buenos Aires,Comuna 11,207701,12,2025,8,11069
Argentina,Ciudad Autonoma de Buenos Aires,Comuna 11,207702,12,2025,8,10205
Argentina,Ciudad Autonoma de Buenos Aires,Comuna 11,207703,12,2025,7,9103
Argentina,Ciudad Autonoma de Buenos Aires,Comuna 11,207704,12,2025,13,10387
Argentina,Ciudad Autonoma de Buenos Aires,Comuna 11,207705,12,2025,10,7955
Argentina,Ciudad Autonoma de Buenos Aires,Comuna 11,207706,12,2025,12,11455
Argentina,Ciudad Autonoma de Buenos Aires,Comuna 11,207707,12,2025,10,11428
Argentina,Ciudad Autonoma de Buenos Aires,Comuna 11,207708,12,2025,9,8072
Argentina,Ciudad Autonoma de Buenos Aires,Comuna 11,207709,12,2025,8,9257
Argentina,Ciudad Autonoma de Buenos Aires,Comuna 11,207710,12,2025,16,11259
Argentina,Ciudad Autonoma de Buenos Aires,Comuna 11,207711,12,2025,11,8065
Argentina,Ciudad Autonoma de Buenos Aires,Comuna 11,207712,12,2025,8,8059
Argentina,Ciudad Autonoma de Buenos Aires,Comuna 11,207713,12,2025,10,9254
Argentina,Ciudad Autonoma de Buenos Aires,Comuna 11,207714,12,2025,5,7270
Argentina,Ciudad Autonoma de Buenos Aires,Comuna 11,207715,12,2025,10,10022
Argentina,Ciudad Autonoma de Buenos Aires,Comuna 11,207716,12,2025,14,9462
Argentina,Ciudad Autonoma de Buenos Aires,Comuna 11,207717,12,2025,5,6323
Argentina,Ciudad Autonoma de Buenos Aires,Comuna 11,207718,12,2025,11,9010
Argentina,Ciudad Autonoma de Buenos Aires,Comuna 11,207719,12,2025,10,7194
Argentina,Ciudad Autonoma de Buenos Aires,Comuna 11,207720,12,2025,10,9079
Argentina,Ciudad Autonoma de Buenos Aires,Comuna 11,207721,12,2025,9,9075
Argentina,Ciudad Autonoma de Buenos Aires,Comuna 11,207722,12,2025,9,8902
Argentina,Ciudad Autonoma de Buenos Aires,Comuna 12,208401,12,2025,27,9341
Argentina,Ciudad Autonoma de Buenos Aires,Comuna 12,208402,12,2025,26,8793
Argentina,Ciudad Autonoma de Buenos Aires,Comuna 12,208403,12,2025,21,9271
Argentina,Ciudad Autonoma de Buenos Aires,Comuna 12,208404,12,2025,19,8702
Argentina,Ciudad Autonoma de Buenos Aires,Comuna 12,208405,12,2025,17,8415
Argentina,Ciudad Autonoma de Buenos Aires,Comuna 12,208406,12,2025,31,9143
Argentina,Ciudad Autonoma de Buenos Aires,Comuna 12,208407,12,2025,37,10293
Argentina,Ciudad Autonoma de Buenos Aires,Comuna 12,208408,12,2025,30,10510
Argentina,Ciudad Autonoma de Buenos Aires,Comuna 12,208409,12,2025,26,8365
Argentina,Ciudad Autonoma de Buenos Aires,Comuna 12,208410,12,2025,43,11926
Argentina,Ciudad Autonoma de Buenos Aires,Comuna 12,208411,12,2025,29,10276
Argentina,Ciudad Autonoma de Buenos Aires,Comuna 12,208412,12,2025,19,8291
Argentina,Ciudad Autonoma de Buenos Aires,Comuna 12,208413,12,2025,35,9891
Argentina,Ciudad Autonoma de Buenos Aires,Comuna 12,208414,12,2025,33,12202
Argentina,Ciudad Autonoma de Buenos Aires,Comuna 12,208415,12,2025,36,13785
Argentina,Ciudad Autonoma de Buenos Aires,Comuna 12,208416,12,2025,53,16395
Argentina,Ciudad Autonoma de Buenos Aires,Comuna 12,208417,12,2025,35,9935
Argentina,Ciudad Autonoma de Buenos Aires,Comuna 12,208418,12,2025,41,13227
Argentina,Ciudad Autonoma de Buenos Aires,Comuna 12,208419,12,2025,48,12268
Argentina,Ciudad Autonoma de Buenos Aires,Comuna 12,208420,12,2025,36,9926
Argentina,Ciudad Autonoma de Buenos Aires,Comuna 12,208421,12,2025,21,11426
Argentina,Ciudad Autonoma de Buenos Aires,Comuna 12,208422,12,2025,41,12983
Argentina,Ciudad Autonoma de Buenos Aires,Comuna 13,209101,12,2025,8,11656
Argentina,Ciudad Autonoma de Buenos Aires,Comuna 13,209102,12,2025,12,10984
Argentina,Ciudad Autonoma de Buenos Aires,Comuna 13,209103,12,2025,9,10868
Argentina,Ciudad Autonoma de Buenos Aires,Comuna 13,209104,12,2025,11,13113
Argentina,Ciudad Autonoma de Buenos Aires,Comuna 13,209105,12,2025,11,10421
Argentina,Ciudad Autonoma de Buenos Aires,Comuna 13,209106,12,2025,6,7917
Argentina,Ciudad Autonoma de Buenos Aires,Comuna 13,209107,12,2025,7,8294
Argentina,Ciudad Autonoma de Buenos Aires,Comuna 13,209108,12,2025,11,9153
Argentina,Ciudad Autonoma de Buenos Aires,Comuna 13,209109,12,2025,9,8207
Argentina,Ciudad Autonoma de Buenos Aires,Comuna 13,209110,12,2025,13,10807
Argentina,Ciudad Autonoma de Buenos Aires,Comuna 13,209111,12,2025,5,4808
Argentina,Ciudad Autonoma de Buenos Aires,Comuna 13,209112,12,2025,4,8591
Argentina,Ciudad Autonoma de Buenos Aires,Comuna 13,209113,12,2025,7,10772
Argentina,Ciudad Autonoma de Buenos Aires,Comuna 13,209114,12,2025,7,7311
Argentina,Ciudad Autonoma de Buenos Aires,Comuna 13,209115,12,2025,9,9651
Argentina,Ciudad Autonoma de Buenos Aires,Comuna 13,209116,12,2025,8,10427
Argentina,Ciudad Autonoma de Buenos Aires,Comuna 13,209117,12,2025,8,11221
Argentina,Ciudad Autonoma de Buenos Aires,Comuna 13,209118,12,2025,9,8113
Argentina,Ciudad Autonoma de Buenos Aires,Comuna 13,209119,12,2025,4,8504
Argentina,Ciudad Autonoma de Buenos Aires,Comuna 13,209120,12,2025,6,9333
Argentina,Ciudad Autonoma de Buenos Aires,Comuna 13,209121,12,2025,11,8521
Argentina,Ciudad Autonoma de Buenos Aires,Comuna 13,209122,12,2025,11,8416
Argentina,Ciudad Autonoma de Buenos Aires,Comuna 13,209123,12,2025,12,9675
Argentina,Ciudad Autonoma de Buenos Aires,Comuna 13,209124,12,2025,7,7611
Argentina,Ciudad Autonoma de Buenos Aires,Comuna 13,209125,12,2025,11,6503
Argentina,Ciudad Autonoma de Buenos Aires,Comuna 13,209126,12,2025,10,8070
Argentina,Ciudad Autonoma de Buenos Aires,Comuna 13,209127,12,2025,3,7860
Argentina,Ciudad Autonoma de Buenos Aires,Comuna 13,209128,12,2025,16,7714
Argentina,Ciudad Autonoma de Buenos Aires,Comuna 13,209129,12,2025,9,7809
Argentina,Ciudad Autonoma de Buenos Aires,Comuna 14,209801,12,2025,7,8008
Argentina,Ciudad Autonoma de Buenos Aires,Comuna 14,209802,12,2025,8,8651
Argentina,Ciudad Autonoma de Buenos Aires,Comuna 14,209803,12,2025,8,9921
Argentina,Ciudad Autonoma de Buenos Aires,Comuna 14,209804,12,2025,7,9128
Argentina,Ciudad Autonoma de Buenos Aires,Comuna 14,209805,12,2025,9,7958
Argentina,Ciudad Autonoma de Buenos Aires,Comuna 14,209806,12,2025,10,9397
Argentina,Ciudad Autonoma de Buenos Aires,Comuna 14,209807,12,2025,10,9307
Argentina,Ciudad Autonoma de Buenos Aires,Comuna 14,209808,12,2025,7,8700
Argentina,Ciudad Autonoma de Buenos Aires,Comuna 14,209809,12,2025,8,12492
Argentina,Ciudad Autonoma de Buenos Aires,Comuna 14,209810,12,2025,0,190
Argentina,Ciudad Autonoma de Buenos Aires,Comuna 14,209811,12,2025,11,12051
Argentina,Ciudad Autonoma de Buenos Aires,Comuna 14,209812,12,2025,4,7962
Argentina,Ciudad Autonoma de Buenos Aires,Comuna 14,209813,12,2025,10,7376
Argentina,Ciudad Autonoma de Buenos Aires,Comuna 14,209814,12,2025,5,7484
Argentina,Ciudad Autonoma de Buenos Aires,Comuna 14,209815,12,2025,15,8094
Argentina,Ciudad Autonoma de Buenos Aires,Comuna 14,209816,12,2025,4,6773
Argentina,Ciudad Autonoma de Buenos Aires,Comuna 14,209817,12,2025,8,7231
Argentina,Ciudad Autonoma de Buenos Aires,Comuna 14,209818,12,2025,9,6981
Argentina,Ciudad Autonoma de Buenos Aires,Comuna 14,209819,12,2025,8,5589
Argentina,Ciudad Autonoma de Buenos Aires,Comuna 14,209820,12,2025,6,6758
Argentina,Ciudad Autonoma de Buenos Aires,Comuna 14,209821,12,2025,12,7312
Argentina,Ciudad Autonoma de Buenos Aires,Comuna 14,209822,12,2025,9,8363
Argentina,Ciudad Autonoma de Buenos Aires,Comuna 14,209823,12,2025,10,11012
Argentina,Ciudad Autonoma de Buenos Aires,Comuna 14,209824,12,2025,10,6199
Argentina,Ciudad Autonoma de Buenos Aires,Comuna 14,209825,12,2025,7,7637
Argentina,Ciudad Autonoma de Buenos Aires,Comuna 14,209826,12,2025,4,6558
Argentina,Ciudad Autonoma de Buenos Aires,Comuna 14,209827,12,2025,6,6199
Argentina,Ciudad Autonoma de Buenos Aires,Comuna 14,209828,12,2025,5,9243
Argentina,Ciudad Autonoma de Buenos Aires,Comuna 14,209829,12,2025,10,8453
Argentina,Ciudad Autonoma de Buenos Aires,Comuna 14,209830,12,2025,6,8109
Argentina,Ciudad Autonoma de Buenos Aires,Comuna 14,209831,12,2025,6,8116
Argentina,Ciudad Autonoma de Buenos Aires,Comuna 15,210501,12,2025,8,9594
Argentina,Ciudad Autonoma de Buenos Aires,Comuna 15,210502,12,2025,4,6548
Argentina,Ciudad Autonoma de Buenos Aires,Comuna 15,210503,12,2025,12,10235
Argentina,Ciudad Autonoma de Buenos Aires,Comuna 15,210504,12,2025,9,12235
Argentina,Ciudad Autonoma de Buenos Aires,Comuna 15,210505,12,2025,8,12207
Argentina,Ciudad Autonoma de Buenos Aires,Comuna 15,210506,12,2025,6,4156
Argentina,Ciudad Autonoma de Buenos Aires,Comuna 15,210507,12,2025,13,12285
Argentina,Ciudad Autonoma de Buenos Aires,Comuna 15,210508,12,2025,10,8807
Argentina,Ciudad Autonoma de Buenos Aires,Comuna 15,210509,12,2025,9,8645
Argentina,Ciudad Autonoma de Buenos Aires,Comuna 15,210510,12,2025,10,10813
Argentina,Ciudad Autonoma de Buenos Aires,Comuna 15,210511,12,2025,14,11863
Argentina,Ciudad Autonoma de Buenos Aires,Comuna 15,210512,12,2025,7,7208
Argentina,Ciudad Autonoma de Buenos Aires,Comuna 15,210513,12,2025,7,7242
Argentina,Ciudad Autonoma de Buenos Aires,Comuna 15,210514,12,2025,10,9564
Argentina,Ciudad Autonoma de Buenos Aires,Comuna 15,210515,12,2025,11,9091
Argentina,Ciudad Autonoma de Buenos Aires,Comuna 15,210516,12,2025,11,8911
Argentina,Ciudad Autonoma de Buenos Aires,Comuna 15,210517,12,2025,12,8753
Argentina,Ciudad Autonoma de Buenos Aires,Comuna 15,210518,12,2025,9,8161
Argentina,Ciudad Autonoma de Buenos Aires,Comuna 15,210519,12,2025,10,8739
Argentina,Ciudad Autonoma de Buenos Aires,Comuna 15,210520,12,2025,11,8787
Argentina,Ciudad Autonoma de Buenos Aires,Comuna 15,210521,12,2025,7,11421
Argentina,Ciudad Autonoma de Buenos Aires,Comuna 2,201401,12,2025,0,554
Argentina,Ciudad Autonoma de Buenos Aires,Comuna 2,201402,12,2025,3,5022
Argentina,Ciudad Autonoma de Buenos Aires,Comuna 2,201403,12,2025,2,5681
Argentina,Ciudad Autonoma de Buenos Aires,Comuna 2,201404,12,2025,2,6670
Argentina,Ciudad Autonoma de Buenos Aires,Comuna 2,201405,12,2025,6,6654
Argentina,Ciudad Autonoma de Buenos Aires,Comuna 2,201406,12,2025,7,6504
Argentina,Ciudad Autonoma de Buenos Aires,Comuna 2,201407,12,2025,6,7631
Argentina,Ciudad Autonoma de Buenos Aires,Comuna 2,201408,12,2025,10,9285
Argentina,Ciudad Autonoma de Buenos Aires,Comuna 2,201409,12,2025,11,8985
Argentina,Ciudad Autonoma de Buenos Aires,Comuna 2,201410,12,2025,5,7067
Argentina,Ciudad Autonoma de Buenos Aires,Comuna 2,201411,12,2025,4,5593
Argentina,Ciudad Autonoma de Buenos Aires,Comuna 2,201412,12,2025,6,5734
Argentina,Ciudad Autonoma de Buenos Aires,Comuna 2,201413,12,2025,7,7043
Argentina,Ciudad Autonoma de Buenos Aires,Comuna 2,201414,12,2025,11,8370
Argentina,Ciudad Autonoma de Buenos Aires,Comuna 2,201415,12,2025,6,6053
Argentina,Ciudad Autonoma de Buenos Aires,Comuna 2,201416,12,2025,11,5917
Argentina,Ciudad Autonoma de Buenos Aires,Comuna 2,201417,12,2025,8,7963
Argentina,Ciudad Autonoma de Buenos Aires,Comuna 2,201418,12,2025,5,6383
Argentina,Ciudad Autonoma de Buenos Aires,Comuna 2,201419,12,2025,8,6436
Argentina,Ciudad Autonoma de Buenos Aires,Comuna 2,201420,12,2025,6,7134
Argentina,Ciudad Autonoma de Buenos Aires,Comuna 2,201421,12,2025,7,5726
Argentina,Ciudad Autonoma de Buenos Aires,Comuna 2,201422,12,2025,4,5002
Argentina,Ciudad Autonoma de Buenos Aires,Comuna 2,201423,12,2025,7,5517
Argentina,Ciudad Autonoma de Buenos Aires,Comuna 2,201424,12,2025,6,5483
Argentina,Ciudad Autonoma de Buenos Aires,Comuna 2,201425,12,2025,8,8202
Argentina,Ciudad Autonoma de Buenos Aires,Comuna 5,203501,12,2025,9,9107
Argentina,Ciudad Autonoma de Buenos Aires,Comuna 5,203502,12,2025,10,8659
Argentina,Ciudad Autonoma de Buenos Aires,Comuna 5,203503,12,2025,12,9246
Argentina,Ciudad Autonoma de Buenos Aires,Comuna 5,203504,12,2025,11,8180
Argentina,Ciudad Autonoma de Buenos Aires,Comuna 5,203505,12,2025,9,6557
Argentina,Ciudad Autonoma de Buenos Aires,Comuna 5,203506,12,2025,7,7989
Argentina,Ciudad Autonoma de Buenos Aires,Comuna 5,203507,12,2025,6,7616
Argentina,Ciudad Autonoma de Buenos Aires,Comuna 5,203508,12,2025,7,8744
Argentina,Ciudad Autonoma de Buenos Aires,Comuna 5,203509,12,2025,9,7892
Argentina,Ciudad Autonoma de Buenos Aires,Comuna 5,203510,12,2025,12,8718
Argentina,Ciudad Autonoma de Buenos Aires,Comuna 5,203511,12,2025,11,9263
Argentina,Ciudad Autonoma de Buenos Aires,Comuna 5,203512,12,2025,6,7201
Argentina,Ciudad Autonoma de Buenos Aires,Comuna 5,203513,12,2025,9,7410
Argentina,Ciudad Autonoma de Buenos Aires,Comuna 5,203514,12,2025,5,8821
Argentina,Ciudad Autonoma de Buenos Aires,Comuna 5,203515,12,2025,5,7651
Argentina,Ciudad Autonoma de Buenos Aires,Comuna 5,203516,12,2025,12,10461
Argentina,Ciudad Autonoma de Buenos Aires,Comuna 5,203517,12,2025,9,9254
Argentina,Ciudad Autonoma de Buenos Aires,Comuna 5,203518,12,2025,19,9162
Argentina,Ciudad Autonoma de Buenos Aires,Comuna 5,203519,12,2025,12,9340
Argentina,Ciudad Autonoma de Buenos Aires,Comuna 5,203520,12,2025,9,11091
Argentina,Ciudad Autonoma de Buenos Aires,Comuna 5,203521,12,2025,14,8855
Argentina,Ciudad Autonoma de Buenos Aires,Comuna 5,203522,12,2025,12,11232
Argentina,Ciudad Autonoma de Buenos Aires,Comuna 6,204201,12,2025,10,9911
Argentina,Ciudad Autonoma de Buenos Aires,Comuna 6,204202,12,2025,6,10787
Argentina,Ciudad Autonoma de Buenos Aires,Comuna 6,204203,12,2025,6,8899
Argentina,Ciudad Autonoma de Buenos Aires,Comuna 6,204204,12,2025,14,11727
Argentina,Ciudad Autonoma de Buenos Aires,Comuna 6,204205,12,2025,9,10329
Argentina,Ciudad Autonoma de Buenos Aires,Comuna 6,204206,12,2025,8,10367
Argentina,Ciudad Autonoma de Buenos Aires,Comuna 6,204207,12,2025,12,12185
Argentina,Ciudad Autonoma de Buenos Aires,Comuna 6,204208,12,2025,11,9497
Argentina,Ciudad Autonoma de Buenos Aires,Comuna 6,204209,12,2025,8,7356
Argentina,Ciudad Autonoma de Buenos Aires,Comuna 6,204210,12,2025,6,8697
Argentina,Ciudad Autonoma de Buenos Aires,Comuna 6,204211,12,2025,6,9646
Argentina,Ciudad Autonoma de Buenos Aires,Comuna 6,204212,12,2025,4,7926
Argentina,Ciudad Autonoma de Buenos Aires,Comuna 6,204213,12,2025,9,10037
Argentina,Ciudad Autonoma de Buenos Aires,Comuna 6,204214,12,2025,10,9669
Argentina,Ciudad Autonoma de Buenos Aires,Comuna 6,204215,12,2025,7,9168
Argentina,Ciudad Autonoma de Buenos Aires,Comuna 6,204216,12,2025,10,12982
Argentina,Ciudad Autonoma de Buenos Aires,Comuna 6,204217,12,2025,6,7259
Argentina,Ciudad Autonoma de Buenos Aires,Comuna 6,204218,12,2025,8,8066
Argentina,Ciudad Autonoma de Buenos Aires,Comuna 6,204219,12,2025,7,7952
Argentina,Ciudad Autonoma de Buenos Aires,Comuna 6,204220,12,2025,11,8895
Argentina,Ciudad Autonoma de Buenos Aires,Comuna 6,204221,12,2025,9,10409
Argentina,Ciudad Autonoma de Buenos Aires,Comuna 7,204901,12,2025,6,6665
Argentina,Ciudad Autonoma de Buenos Aires,Comuna 7,204902,12,2025,12,8593
Argentina,Ciudad Autonoma de Buenos Aires,Comuna 7,204903,12,2025,8,10871
Argentina,Ciudad Autonoma de Buenos Aires,Comuna 7,204904,12,2025,3,9795
Argentina,Ciudad Autonoma de Buenos Aires,Comuna 7,204905,12,2025,9,8999
Argentina,Ciudad Autonoma de Buenos Aires,Comuna 7,204906,12,2025,7,7524
Argentina,Ciudad Autonoma de Buenos Aires,Comuna 7,204907,12,2025,9,9257
Argentina,Ciudad Autonoma de Buenos Aires,Comuna 7,204908,12,2025,7,7685
Argentina,Ciudad Autonoma de Buenos Aires,Comuna 7,204909,12,2025,8,9705
Argentina,Ciudad Autonoma de Buenos Aires,Comuna 7,204910,12,2025,9,8735
Argentina,Ciudad Autonoma de Buenos Aires,Comuna 7,204911,12,2025,13,10501
Argentina,Ciudad Autonoma de Buenos Aires,Comuna 7,204912,12,2025,8,7467
Argentina,Ciudad Autonoma de Buenos Aires,Comuna 7,204913,12,2025,13,11414
Argentina,Ciudad Autonoma de Buenos Aires,Comuna 7,204914,12,2025,12,11132
Argentina,Ciudad Autonoma de Buenos Aires,Comuna 7,204915,12,2025,8,9647
Argentina,Ciudad Autonoma de Buenos Aires,Comuna 7,204916,12,2025,8,8094
Argentina,Ciudad Autonoma de Buenos Aires,Comuna 7,204917,12,2025,3,2971
Argentina,Ciudad Autonoma de Buenos Aires,Comuna 7,204918,12,2025,7,3398
Argentina,Ciudad Autonoma de Buenos Aires,Comuna 7,204919,12,2025,5,6454
Argentina,Ciudad Autonoma de Buenos Aires,Comuna 7,204920,12,2025,18,12736
Argentina,Ciudad Autonoma de Buenos Aires,Comuna 7,204921,12,2025,10,11351
Argentina,Ciudad Autonoma de Buenos Aires,Comuna 7,204922,12,2025,7,11303
Argentina,Ciudad Autonoma de Buenos Aires,Comuna 7,204923,12,2025,11,7839
Argentina,Ciudad Autonoma de Buenos Aires,Comuna 7,204924,12,2025,15,11126
Argentina,Ciudad Autonoma de Buenos Aires,Comuna 10,207001,13,2025,3,6651
Argentina,Ciudad Autonoma de Buenos Aires,Comuna 10,207002,13,2025,5,7094
Argentina,Ciudad Autonoma de Buenos Aires,Comuna 10,207003,13,2025,9,6682
Argentina,Ciudad Autonoma de Buenos Aires,Comuna 10,207004,13,2025,7,9342
Argentina,Ciudad Autonoma de Buenos Aires,Comuna 10,207005,13,2025,6,11787
Argentina,Ciudad Autonoma de Buenos Aires,Comuna 10,207006,13,2025,8,12408
Argentina,Ciudad Autonoma de Buenos Aires,Comuna 10,207007,13,2025,7,11630
Argentina,Ciudad Autonoma de Buenos Aires,Comuna 10,207008,13,2025,11,9038
Argentina,Ciudad Autonoma de Buenos Aires,Comuna 10,207009,13,2025,10,8752
Argentina,Ciudad Autonoma de Buenos Aires,Comuna 10,207010,13,2025,9,10398
Argentina,Ciudad Autonoma de Buenos Aires,Comuna 10,207011,13,2025,5,8554
Argentina,Ciudad Autonoma de Buenos Aires,Comuna 10,207012,13,2025,3,6677
Argentina,Ciudad Autonoma de Buenos Aires,Comuna 10,207013,13,2025,4,8285
Argentina,Ciudad Autonoma de Buenos Aires,Comuna 10,207014,13,2025,6,9092
Argentina,Ciudad Autonoma de Buenos Aires,Comuna 10,207015,13,2025,6,7248
Argentina,Ciudad Autonoma de Buenos Aires,Comuna 10,207016,13,2025,9,8724
Argentina,Ciudad Autonoma de Buenos Aires,Comuna 10,207017,13,2025,11,9635
Argentina,Ciudad Autonoma de Buenos Aires,Comuna 10,207018,13,2025,8,8682
Argentina,Ciudad Autonoma de Buenos Aires,Comuna 10,207019,13,2025,18,11217
Argentina,Ciudad Autonoma de Buenos Aires,Comuna 11,207701,13,2025,12,11069
Argentina,Ciudad Autonoma de Buenos Aires,Comuna 11,207702,13,2025,12,10205
Argentina,Ciudad Autonoma de Buenos Aires,Comuna 11,207703,13,2025,17,9103
Argentina,Ciudad Autonoma de Buenos Aires,Comuna 11,207704,13,2025,7,10387
Argentina,Ciudad Autonoma de Buenos Aires,Comuna 11,207705,13,2025,10,7955
Argentina,Ciudad Autonoma de Buenos Aires,Comuna 11,207706,13,2025,13,11455
Argentina,Ciudad Autonoma de Buenos Aires,Comuna 11,207707,13,2025,14,11428
Argentina,Ciudad Autonoma de Buenos Aires,Comuna 11,207708,13,2025,6,8072
Argentina,Ciudad Autonoma de Buenos Aires,Comuna 11,207709,13,2025,2,9257
Argentina,Ciudad Autonoma de Buenos Aires,Comuna 11,207710,13,2025,14,11259
Argentina,Ciudad Autonoma de Buenos Aires,Comuna 11,207711,13,2025,12,8065
Argentina,Ciudad Autonoma de Buenos Aires,Comuna 11,207712,13,2025,9,8059
Argentina,Ciudad Autonoma de Buenos Aires,Comuna 11,207713,13,2025,6,9254
Argentina,Ciudad Autonoma de Buenos Aires,Comuna 11,207714,13,2025,6,7270
Argentina,Ciudad Autonoma de Buenos Aires,Comuna 11,207715,13,2025,9,10022
Argentina,Ciudad Autonoma de Buenos Aires,Comuna 11,207716,13,2025,10,9462
Argentina,Ciudad Autonoma de Buenos Aires,Comuna 11,207717,13,2025,9,6323
Argentina,Ciudad Autonoma de Buenos Aires,Comuna 11,207718,13,2025,7,9010
Argentina,Ciudad Autonoma de Buenos Aires,Comuna 11,207719,13,2025,6,7194
Argentina,Ciudad Autonoma de Buenos Aires,Comuna 11,207720,13,2025,9,9079
Argentina,Ciudad Autonoma de Buenos Aires,Comuna 11,207721,13,2025,6,9075
Argentina,Ciudad Autonoma de Buenos Aires,Comuna 11,207722,13,2025,7,8902
Argentina,Ciudad Autonoma de Buenos Aires,Comuna 12,208401,13,2025,32,9341
Argentina,Ciudad Autonoma de Buenos Aires,Comuna 12,208402,13,2025,33,8793
Argentina,Ciudad Autonoma de Buenos Aires,Comuna 12,208403,13,2025,27,9271
Argentina,Ciudad Autonoma de Buenos Aires,Comuna 12,208404,13,2025,34,8702
Argentina,Ciudad Autonoma de Buenos Aires,Comuna 12,208405,13,2025,26,8415
Argentina,Ciudad Autonoma de Buenos Aires,Comuna 12,208406,13,2025,24,9143
Argentina,Ciudad Autonoma de Buenos Aires,Comuna 12,208407,13,2025,34,10293
Argentina,Ciudad Autonoma de Buenos Aires,Comuna 12,208408,13,2025,44,10510
Argentina,Ciudad Autonoma de Buenos Aires,Comuna 12,208409,13,2025,35,8365
Argentina,Ciudad Autonoma de Buenos Aires,Comuna 12,208410,13,2025,38,11926
Argentina,Ciudad Autonoma de Buenos Aires,Comuna 12,208411,13,2025,26,10276
Argentina,Ciudad Autonoma de Buenos Aires,Comuna 12,208412,13,2025,33,8291
Argentina,Ciudad Autonoma de Buenos Aires,Comuna 12,208413,13,2025,30,9891
Argentina,Ciudad Autonoma de Buenos Aires,Comuna 12,208414,13,2025,21,12202
Argentina,Ciudad Autonoma de Buenos Aires,Comuna 12,208415,13,2025,51,13785
Argentina,Ciudad Autonoma de Buenos Aires,Comuna 12,208416,13,2025,58,16395
Argentina,Ciudad Autonoma de Buenos Aires,Comuna 12,208417,13,2025,21,9935
Argentina,Ciudad Autonoma de Buenos Aires,Comuna 12,208418,13,2025,54,13227
Argentina,Ciudad Autonoma de Buenos Aires,Comuna 12,208419,13,2025,42,12268
Argentina,Ciudad Autonoma de Buenos Aires,Comuna 12,208420,13,2025,34,9926
Argentina,Ciudad Autonoma de Buenos Aires,Comuna 12,208421,13,2025,26,11426
Argentina,Ciudad Autonoma de Buenos Aires,Comuna 12,208422,13,2025,46,12983
Argentina,Ciudad Autonoma de Buenos Aires,Comuna 13,209101,13,2025,10,11656
Argentina,Ciudad Autonoma de Buenos Aires,Comuna 13,209102,13,2025,6,10984
Argentina,Ciudad Autonoma de Buenos Aires,Comuna 13,209103,13,2025,8,10868
Argentina,Ciudad Autonoma de Buenos Aires,Comuna 13,209104,13,2025,16,13113
Argentina,Ciudad Autonoma de Buenos Aires,Comuna 13,209105,13,2025,14,10421
Argentina,Ciudad Autonoma de Buenos Aires,Comuna 13,209106,13,2025,12,7917
Argentina,Ciudad Autonoma de Buenos Aires,Comuna 13,209107,13,2025,15,8294
Argentina,Ciudad Autonoma de Buenos Aires,Comuna 13,209108,13,2025,8,9153
Argentina,Ciudad Autonoma de Buenos Aires,Comuna 13,209109,13,2025,8,8207
Argentina,Ciudad Autonoma de Buenos Aires,Comuna 13,209110,13,2025,8,10807
Argentina,Ciudad Autonoma de Buenos Aires,Comuna 13,209111,13,2025,1,4808
Argentina,Ciudad Autonoma de Buenos Aires,Comuna 13,209112,13,2025,9,8591
Argentina,Ciudad Autonoma de Buenos Aires,Comuna 13,209113,13,2025,10,10772
Argentina,Ciudad Autonoma de Buenos Aires,Comuna 13,209114,13,2025,11,7311
Argentina,Ciudad Autonoma de Buenos Aires,Comuna 13,209115,13,2025,13,9651
Argentina,Ciudad Autonoma de Buenos Aires,Comuna 13,209116,13,2025,3,10427
Argentina,Ciudad Autonoma de Buenos Aires,Comuna 13,209117,13,2025,13,11221
Argentina,Ciudad Autonoma de Buenos Aires,Comuna 13,209118,13,2025,10,8113
Argentina,Ciudad Autonoma de Buenos Aires,Comuna 13,209119,13,2025,7,8504
Argentina,Ciudad Autonoma de Buenos Aires,Comuna 13,209120,13,2025,14,9333
Argentina,Ciudad Autonoma de Buenos Aires,Comuna 13,209121,13,2025,5,8521
Argentina,Ciudad Autonoma de Buenos Aires,Comuna 13,209122,13,2025,10,8416
Argentina,Ciudad Autonoma de Buenos Aires,Comuna 13,209123,13,2025,13,9675
Argentina,Ciudad Autonoma de Buenos Aires,Comuna 13,209124,13,2025,5,7611
Argentina,Ciudad Autonoma de Buenos Aires,Comuna 13,209125,13,2025,3,6503
Argentina,Ciudad Autonoma de Buenos Aires,Comuna 13,209126,13,2025,13,8070
Argentina,Ciudad Autonoma de Buenos Aires,Comuna 13,209127,13,2025,5,7860
Argentina,Ciudad Autonoma de Buenos Aires,Comuna 13,209128,13,2025,10,7714
Argentina,Ciudad Autonoma de Buenos Aires,Comuna 13,209129,13,2025,8,7809
Argentina,Ciudad Autonoma de Buenos Aires,Comuna 14,209801,13,2025,5,8008
Argentina,Ciudad Autonoma de Buenos Aires,Comuna 14,209802,13,2025,5,8651
Argentina,Ciudad Autonoma de Buenos Aires,Comuna 14,209803,13,2025,9,9921
Argentina,Ciudad Autonoma de Buenos Aires,Comuna 14,209804,13,2025,10,9128
Argentina,Ciudad Autonoma de Buenos Aires,Comuna 14,209805,13,2025,5,7958
Argentina,Ciudad Autonoma de Buenos Aires,Comuna 14,209806,13,2025,12,9397
Argentina,Ciudad Autonoma de Buenos Aires,Comuna 14,209807,13,2025,14,9307
Argentina,Ciudad Autonoma de Buenos Aires,Comuna 14,209808,13,2025,8,8700
Argentina,Ciudad Autonoma de Buenos Aires,Comuna 14,209809,13,2025,4,12492
Argentina,Ciudad Autonoma de Buenos Aires,Comuna 14,209810,13,2025,0,190
Argentina,Ciudad Autonoma de Buenos Aires,Comuna 14,209811,13,2025,14,12051
Argentina,Ciudad Autonoma de Buenos Aires,Comuna 14,209812,13,2025,6,7962
Argentina,Ciudad Autonoma de Buenos Aires,Comuna 14,209813,13,2025,7,7376
Argentina,Ciudad Autonoma de Buenos Aires,Comuna 14,209814,13,2025,7,7484
Argentina,Ciudad Autonoma de Buenos Aires,Comuna 14,209815,13,2025,4,8094
Argentina,Ciudad Autonoma de Buenos Aires,Comuna 14,209816,13,2025,4,6773
Argentina,Ciudad Autonoma de Buenos Aires,Comuna 14,209817,13,2025,11,7231
Argentina,Ciudad Autonoma de Buenos Aires,Comuna 14,209818,13,2025,8,6981
Argentina,Ciudad Autonoma de Buenos Aires,Comuna 14,209819,13,2025,5,5589
Argentina,Ciudad Autonoma de Buenos Aires,Comuna 14,209820,13,2025,6,6758
Argentina,Ciudad Autonoma de Buenos Aires,Comuna 14,209821,13,2025,7,7312
Argentina,Ciudad Autonoma de Buenos Aires,Comuna 14,209822,13,2025,7,8363
Argentina,Ciudad Autonoma de Buenos Aires,Comuna 14,209823,13,2025,7,11012
Argentina,Ciudad Autonoma de Buenos Aires,Comuna 14,209824,13,2025,9,6199
Argentina,Ciudad Autonoma de Buenos Aires,Comuna 14,209825,13,2025,6,7637
Argentina,Ciudad Autonoma de Buenos Aires,Comuna 14,209826,13,2025,3,6558
Argentina,Ciudad Autonoma de Buenos Aires,Comuna 14,209827,13,2025,7,6199
Argentina,Ciudad Autonoma de Buenos Aires,Comuna 14,209828,13,2025,9,9243
Argentina,Ciudad Autonoma de Buenos Aires,Comuna 14,209829,13,2025,12,8453
Argentina,Ciudad Autonoma de Buenos Aires,Comuna 14,209830,13,2025,9,8109
Argentina,Ciudad Autonoma de Buenos Aires,Comuna 14,209831,13,2025,7,8116
Argentina,Ciudad Autonoma de Buenos Aires,Comuna 15,210501,13,2025,10,9594
Argentina,Ciudad Autonoma de Buenos Aires,Comuna 15,210502,13,2025,4,6548
Argentina,Ciudad Autonoma de Buenos Aires,Comuna 15,210503,13,2025,12,10235
Argentina,Ciudad Autonoma de Buenos Aires,Comuna 15,210504,13,2025,15,12235
Argentina,Ciudad Autonoma de Buenos Aires,Comuna 15,210505,13,2025,11,12207
Argentina,Ciudad Autonoma de Buenos Aires,Comuna 15,210506,13,2025,8,4156
Argentina,Ciudad Autonoma de Buenos Aires,Comuna 15,210507,13,2025,10,12285
Argentina,Ciudad Autonoma de Buenos Aires,Comuna 15,210508,13,2025,10,8807
Argentina,Ciudad Autonoma de Buenos Aires,Comuna 15,210509,13,2025,10,8645
Argentina,Ciudad Autonoma de Buenos Aires,Comuna 15,210510,13,2025,19,10813
Argentina,Ciudad Autonoma de Buenos Aires,Comuna 15,210511,13,2025,5,11863
Argentina,Ciudad Autonoma de Buenos Aires,Comuna 15,210512,13,2025,5,7208
Argentina,Ciudad Autonoma de Buenos Aires,Comuna 15,210513,13,2025,6,7242
Argentina,Ciudad Autonoma de Buenos Aires,Comuna 15,210514,13,2025,10,9564
Argentina,Ciudad Autonoma de Buenos Aires,Comuna 15,210515,13,2025,6,9091
Argentina,Ciudad Autonoma de Buenos Aires,Comuna 15,210516,13,2025,10,8911
Argentina,Ciudad Autonoma de Buenos Aires,Comuna 15,210517,13,2025,11,8753
Argentina,Ciudad Autonoma de Buenos Aires,Comuna 15,210518,13,2025,7,8161
Argentina,Ciudad Autonoma de Buenos Aires,Comuna 15,210519,13,2025,5,8739
Argentina,Ciudad Autonoma de Buenos Aires,Comuna 15,210520,13,2025,11,8787
Argentina,Ciudad Autonoma de Buenos Aires,Comuna 15,210521,13,2025,8,11421
Argentina,Ciudad Autonoma de Buenos Aires,Comuna 2,201401,13,2025,0,554
Argentina,Ciudad Autonoma de Buenos Aires,Comuna 2,201402,13,2025,5,5022
Argentina,Ciudad Autonoma de Buenos Aires,Comuna 2,201403,13,2025,7,5681
Argentina,Ciudad Autonoma de Buenos Aires,Comuna 2,201404,13,2025,8,6670
Argentina,Ciudad Autonoma de Buenos Aires,Comuna 2,201405,13,2025,9,6654
Argentina,Ciudad Autonoma de Buenos Aires,Comuna 2,201406,13,2025,8,6504
Argentina,Ciudad Autonoma de Buenos Aires,Comuna 2,201407,13,2025,7,7631
Argentina,Ciudad Autonoma de Buenos Aires,Comuna 2,201408,13,2025,14,9285
Argentina,Ciudad Autonoma de Buenos Aires,Comuna 2,201409,13,2025,6,8985
Argentina,Ciudad Autonoma de Buenos Aires,Comuna 2,201410,13,2025,9,7067
Argentina,Ciudad Autonoma de Buenos Aires,Comuna 2,201411,13,2025,6,5593
Argentina,Ciudad Autonoma de Buenos Aires,Comuna 2,201412,13,2025,9,5734
Argentina,Ciudad Autonoma de Buenos Aires,Comuna 2,201413,13,2025,13,7043
Argentina,Ciudad Autonoma de Buenos Aires,Comuna 2,201414,13,2025,6,8370
Argentina,Ciudad Autonoma de Buenos Aires,Comuna 2,201415,13,2025,8,6053
Argentina,Ciudad Autonoma de Buenos Aires,Comuna 2,201416,13,2025,3,5917
Argentina,Ciudad Autonoma de Buenos Aires,Comuna 2,201417,13,2025,6,7963
Argentina,Ciudad Autonoma de Buenos Aires,Comuna 2,201418,13,2025,7,6383
Argentina,Ciudad Autonoma de Buenos Aires,Comuna 2,201419,13,2025,7,6436
Argentina,Ciudad Autonoma de Buenos Aires,Comuna 2,201420,13,2025,7,7134
Argentina,Ciudad Autonoma de Buenos Aires,Comuna 2,201421,13,2025,4,5726
Argentina,Ciudad Autonoma de Buenos Aires,Comuna 2,201422,13,2025,6,5002
Argentina,Ciudad Autonoma de Buenos Aires,Comuna 2,201423,13,2025,8,5517
Argentina,Ciudad Autonoma de Buenos Aires,Comuna 2,201424,13,2025,4,5483
Argentina,Ciudad Autonoma de Buenos Aires,Comuna 2,201425,13,2025,6,8202
Argentina,Ciudad Autonoma de Buenos Aires,Comuna 5,203501,13,2025,9,9107
Argentina,Ciudad Autonoma de Buenos Aires,Comuna 5,203502,13,2025,8,8659
Argentina,Ciudad Autonoma de Buenos Aires,Comuna 5,203503,13,2025,9,9246
Argentina,Ciudad Autonoma de Buenos Aires,Comuna 5,203504,13,2025,9,8180
Argentina,Ciudad Autonoma de Buenos Aires,Comuna 5,203505,13,2025,5,6557
Argentina,Ciudad Autonoma de Buenos Aires,Comuna 5,203506,13,2025,8,7989
Argentina,Ciudad Autonoma de Buenos Aires,Comuna 5,203507,13,2025,9,7616
Argentina,Ciudad Autonoma de Buenos Aires,Comuna 5,203508,13,2025,15,8744
Argentina,Ciudad Autonoma de Buenos Aires,Comuna 5,203509,13,2025,8,7892
Argentina,Ciudad Autonoma de Buenos Aires,Comuna 5,203510,13,2025,8,8718
Argentina,Ciudad Autonoma de Buenos Aires,Comuna 5,203511,13,2025,10,9263
Argentina,Ciudad Autonoma de Buenos Aires,Comuna 5,203512,13,2025,5,7201
Argentina,Ciudad Autonoma de Buenos Aires,Comuna 5,203513,13,2025,9,7410
Argentina,Ciudad Autonoma de Buenos Aires,Comuna 5,203514,13,2025,10,8821
Argentina,Ciudad Autonoma de Buenos Aires,Comuna 5,203515,13,2025,6,7651
Argentina,Ciudad Autonoma de Buenos Aires,Comuna 5,203516,13,2025,10,10461
Argentina,Ciudad Autonoma de Buenos Aires,Comuna 5,203517,13,2025,8,9254
Argentina,Ciudad Autonoma de Buenos Aires,Comuna 5,203518,13,2025,12,9162
Argentina,Ciudad Autonoma de Buenos Aires,Comuna 5,203519,13,2025,7,9340
Argentina,Ciudad Autonoma de Buenos Aires,Comuna 5,203520,13,2025,11,11091
Argentina,Ciudad Autonoma de Buenos Aires,Comuna 5,203521,13,2025,10,8855
Argentina,Ciudad Autonoma de Buenos Aires,Comuna 5,203522,13,2025,13,11232
Argentina,Ciudad Autonoma de Buenos Aires,Comuna 6,204201,13,2025,10,9911
Argentina,Ciudad Autonoma de Buenos Aires,Comuna 6,204202,13,2025,5,10787
Argentina,Ciudad Autonoma de Buenos Aires,Comuna 6,204203,13,2025,9,8899
Argentina,Ciudad Autonoma de Buenos Aires,Comuna 6,204204,13,2025,19,11727
Argentina,Ciudad Autonoma de Buenos Aires,Comuna 6,204205,13,2025,13,10329
Argentina,Ciudad Autonoma de Buenos Aires,Comuna 6,204206,13,2025,16,10367
Argentina,Ciudad Autonoma de Buenos Aires,Comuna 6,204207,13,2025,16,12185
Argentina,Ciudad Autonoma de Buenos Aires,Comuna 6,204208,13,2025,7,9497
Argentina,Ciudad Autonoma de Buenos Aires,Comuna 6,204209,13,2025,7,7356
Argentina,Ciudad Autonoma de Buenos Aires,Comuna 6,204210,13,2025,9,8697
Argentina,Ciudad Autonoma de Buenos Aires,Comuna 6,204211,13,2025,8,9646
Argentina,Ciudad Autonoma de Buenos Aires,Comuna 6,204212,13,2025,5,7926
Argentina,Ciudad Autonoma de Buenos Aires,Comuna 6,204213,13,2025,11,10037
Argentina,Ciudad Autonoma de Buenos Aires,Comuna 6,204214,13,2025,7,9669
Argentina,Ciudad Autonoma de Buenos Aires,Comuna 6,204215,13,2025,5,9168
Argentina,Ciudad Autonoma de Buenos Aires,Comuna 6,204216,13,2025,10,12982
Argentina,Ciudad Autonoma de Buenos Aires,Comuna 6,204217,13,2025,11,7259
Argentina,Ciudad Autonoma de Buenos Aires,Comuna 6,204218,13,2025,9,8066
Argentina,Ciudad Autonoma de Buenos Aires,Comuna 6,204219,13,2025,8,7952
Argentina,Ciudad Autonoma de Buenos Aires,Comuna 6,204220,13,2025,9,8895
Argentina,Ciudad Autonoma de Buenos Aires,Comuna 6,204221,13,2025,11,10409
Argentina,Ciudad Autonoma de Buenos Aires,Comuna 7,204901,13,2025,18,6665
Argentina,Ciudad Autonoma de Buenos Aires,Comuna 7,204902,13,2025,8,8593
Argentina,Ciudad Autonoma de Buenos Aires,Comuna 7,204903,13,2025,15,10871
Argentina,Ciudad Autonoma de Buenos Aires,Comuna 7,204904,13,2025,8,9795
Argentina,Ciudad Autonoma de Buenos Aires,Comuna 7,204905,13,2025,9,8999
Argentina,Ciudad Autonoma de Buenos Aires,Comuna 7,204906,13,2025,9,7524
Argentina,Ciudad Autonoma de Buenos Aires,Comuna 7,204907,13,2025,13,9257
Argentina,Ciudad Autonoma de Buenos Aires,Comuna 7,204908,13,2025,15,7685
Argentina,Ciudad Autonoma de Buenos Aires,Comuna 7,204909,13,2025,13,9705
Argentina,Ciudad Autonoma de Buenos Aires,Comuna 7,204910,13,2025,9,8735
Argentina,Ciudad Autonoma de Buenos Aires,Comuna 7,204911,13,2025,14,10501
Argentina,Ciudad Autonoma de Buenos Aires,Comuna 7,204912,13,2025,11,7467
Argentina,Ciudad Autonoma de Buenos Aires,Comuna 7,204913,13,2025,16,11414
Argentina,Ciudad Autonoma de Buenos Aires,Comuna 7,204914,13,2025,7,11132
Argentina,Ciudad Autonoma de Buenos Aires,Comuna 7,204915,13,2025,11,9647
Argentina,Ciudad Autonoma de Buenos Aires,Comuna 7,204916,13,2025,2,8094
Argentina,Ciudad Autonoma de Buenos Aires,Comuna 7,204917,13,2025,0,2971
Argentina,Ciudad Autonoma de Buenos Aires,Comuna 7,204918,13,2025,4,3398
Argentina,Ciudad Autonoma de Buenos Aires,Comuna 7,204919,13,2025,8,6454
Argentina,Ciudad Autonoma de Buenos Aires,Comuna 7,204920,13,2025,14,12736
Argentina,Ciudad Autonoma de Buenos Aires,Comuna 7,204921,13,2025,9,11351
Argentina,Ciudad Autonoma de Buenos Aires,Comuna 7,204922,13,2025,10,11303
Argentina,Ciudad Autonoma de Buenos Aires,Comuna 7,204923,13,2025,10,7839
Argentina,Ciudad Autonoma de Buenos Aires,Comuna 7,204924,13,2025,12,11126
Argentina,Ciudad Autonoma de Buenos Aires,Comuna 10,207001,14,2025,4,6651
Argentina,Ciudad Autonoma de Buenos Aires,Comuna 10,207002,14,2025,9,7094
Argentina,Ciudad Autonoma de Buenos Aires,Comuna 10,207003,14,2025,4,6682
Argentina,Ciudad Autonoma de Buenos Aires,Comuna 10,207004,14,2025,13,9342
Argentina,Ciudad Autonoma de Buenos Aires,Comuna 10,207005,14,2025,9,11787
Argentina,Ciudad Autonoma de Buenos Aires,Comuna 10,207006,14,2025,17,12408
Argentina,Ciudad Autonoma de Buenos Aires,Comuna 10,207007,14,2025,12,11630
Argentina,Ciudad Autonoma de Buenos Aires,Comuna 10,207008,14,2025,6,9038
Argentina,Ciudad Autonoma de Buenos Aires,Comuna 10,207009,14,2025,9,8752
Argentina,Ciudad Autonoma de Buenos Aires,Comuna 10,207010,14,2025,11,10398
Argentina,Ciudad Autonoma de Buenos Aires,Comuna 10,207011,14,2025,7,8554
Argentina,Ciudad Autonoma de Buenos Aires,Comuna 10,207012,14,2025,8,6677
Argentina,Ciudad Autonoma de Buenos Aires,Comuna 10,207013,14,2025,6,8285
Argentina,Ciudad Autonoma de Buenos Aires,Comuna 10,207014,14,2025,10,9092
Argentina,Ciudad Autonoma de Buenos Aires,Comuna 10,207015,14,2025,7,7248
Argentina,Ciudad Autonoma de Buenos Aires,Comuna 10,207016,14,2025,3,8724
Argentina,Ciudad Autonoma de Buenos Aires,Comuna 10,207017,14,2025,6,9635
Argentina,Ciudad Autonoma de Buenos Aires,Comuna 10,207018,14,2025,8,8682
Argentina,Ciudad Autonoma de Buenos Aires,Comuna 10,207019,14,2025,17,11217
Argentina,Ciudad Autonoma de Buenos Aires,Comuna 11,207701,14,2025,12,11069
Argentina,Ciudad Autonoma de Buenos Aires,Comuna 11,207702,14,2025,10,10205
Argentina,Ciudad Autonoma de Buenos Aires,Comuna 11,207703,14,2025,8,9103
Argentina,Ciudad Autonoma de Buenos Aires,Comuna 11,207704,14,2025,6,10387
Argentina,Ciudad Autonoma de Buenos Aires,Comuna 11,207705,14,2025,3,7955
Argentina,Ciudad Autonoma de Buenos Aires,Comuna 11,207706,14,2025,13,11455
Argentina,Ciudad Autonoma de Buenos Aires,Comuna 11,207707,14,2025,12,11428
Argentina,Ciudad Autonoma de Buenos Aires,Comuna 11,207708,14,2025,3,8072
Argentina,Ciudad Autonoma de Buenos Aires,Comuna 11,207709,14,2025,6,9257
Argentina,Ciudad Autonoma de Buenos Aires,Comuna 11,207710,14,2025,10,11259
Argentina,Ciudad Autonoma de Buenos Aires,Comuna 11,207711,14,2025,7,8065
Argentina,Ciudad Autonoma de Buenos Aires,Comuna 11,207712,14,2025,7,8059
Argentina,Ciudad Autonoma de Buenos Aires,Comuna 11,207713,14,2025,14,9254
Argentina,Ciudad Autonoma de Buenos Aires,Comuna 11,207714,14,2025,3,7270
Argentina,Ciudad Autonoma de Buenos Aires,Comuna 11,207715,14,2025,12,10022
Argentina,Ciudad Autonoma de Buenos Aires,Comuna 11,207716,14,2025,10,9462
Argentina,Ciudad Autonoma de Buenos Aires,Comuna 11,207717,14,2025,6,6323
Argentina,Ciudad Autonoma de Buenos Aires,Comuna 11,207718,14,2025,7,9010
Argentina,Ciudad Autonoma de Buenos Aires,Comuna 11,207719,14,2025,2,7194
Argentina,Ciudad Autonoma de Buenos Aires,Comuna 11,207720,14,2025,11,9079
Argentina,Ciudad Autonoma de Buenos Aires,Comuna 11,207721,14,2025,9,9075
Argentina,Ciudad Autonoma de Buenos Aires,Comuna 11,207722,14,2025,10,8902
Argentina,Ciudad Autonoma de Buenos Aires,Comuna 12,208401,14,2025,26,9341
Argentina,Ciudad Autonoma de Buenos Aires,Comuna 12,208402,14,2025,27,8793
Argentina,Ciudad Autonoma de Buenos Aires,Comuna 12,208403,14,2025,21,9271
Argentina,Ciudad Autonoma de Buenos Aires,Comuna 12,208404,14,2025,30,8702
Argentina,Ciudad Autonoma de Buenos Aires,Comuna 12,208405,14,2025,24,8415
Argentina,Ciudad Autonoma de Buenos Aires,Comuna 12,208406,14,2025,31,9143
Argentina,Ciudad Autonoma de Buenos Aires,Comuna 12,208407,14,2025,29,10293
Argentina,Ciudad Autonoma de Buenos Aires,Comuna 12,208408,14,2025,32,10510
Argentina,Ciudad Autonoma de Buenos Aires,Comuna 12,208409,14,2025,30,8365
Argentina,Ciudad Autonoma de Buenos Aires,Comuna 12,208410,14,2025,33,11926
Argentina,Ciudad Autonoma de Buenos Aires,Comuna 12,208411,14,2025,29,10276
Argentina,Ciudad Autonoma de Buenos Aires,Comuna 12,208412,14,2025,25,8291
Argentina,Ciudad Autonoma de Buenos Aires,Comuna 12,208413,14,2025,27,9891
Argentina,Ciudad Autonoma de Buenos Aires,Comuna 12,208414,14,2025,31,12202
Argentina,Ciudad Autonoma de Buenos Aires,Comuna 12,208415,14,2025,41,13785
Argentina,Ciudad Autonoma de Buenos Aires,Comuna 12,208416,14,2025,50,16395
Argentina,Ciudad Autonoma de Buenos Aires,Comuna 12,208417,14,2025,26,9935
Argentina,Ciudad Autonoma de Buenos Aires,Comuna 12,208418,14,2025,44,13227
Argentina,Ciudad Autonoma de Buenos Aires,Comuna 12,208419,14,2025,41,12268
Argentina,Ciudad Autonoma de Buenos Aires,Comuna 12,208420,14,2025,21,9926
Argentina,Ciudad Autonoma de Buenos Aires,Comuna 12,208421,14,2025,31,11426
Argentina,Ciudad Autonoma de Buenos Aires,Comuna 12,208422,14,2025,34,12983
Argentina,Ciudad Autonoma de Buenos Aires,Comuna 13,209101,14,2025,14,11656
Argentina,Ciudad Autonoma de Buenos Aires,Comuna 13,209102,14,2025,16,10984
Argentina,Ciudad Autonoma de Buenos Aires,Comuna 13,209103,14,2025,7,10868
Argentina,Ciudad Autonoma de Buenos Aires,Comuna 13,209104,14,2025,17,13113
Argentina,Ciudad Autonoma de Buenos Aires,Comuna 13,209105,14,2025,8,10421
Argentina,Ciudad Autonoma de Buenos Aires,Comuna 13,209106,14,2025,6,7917
Argentina,Ciudad Autonoma de Buenos Aires,Comuna 13,209107,14,2025,4,8294
Argentina,Ciudad Autonoma de Buenos Aires,Comuna 13,209108,14,2025,5,9153
Argentina,Ciudad Autonoma de Buenos Aires,Comuna 13,209109,14,2025,7,8207
Argentina,Ciudad Autonoma de Buenos Aires,Comuna 13,209110,14,2025,11,10807
Argentina,Ciudad Autonoma de Buenos Aires,Comuna 13,209111,14,2025,5,4808
Argentina,Ciudad Autonoma de Buenos Aires,Comuna 13,209112,14,2025,6,8591
Argentina,Ciudad Autonoma de Buenos Aires,Comuna 13,209113,14,2025,17,10772
Argentina,Ciudad Autonoma de Buenos Aires,Comuna 13,209114,14,2025,8,7311
Argentina,Ciudad Autonoma de Buenos Aires,Comuna 13,209115,14,2025,8,9651
Argentina,Ciudad Autonoma de Buenos Aires,Comuna 13,209116,14,2025,11,10427
Argentina,Ciudad Autonoma de Buenos Aires,Comuna 13,209117,14,2025,15,11221
Argentina,Ciudad Autonoma de Buenos Aires,Comuna 13,209118,14,2025,6,8113
Argentina,Ciudad Autonoma de Buenos Aires,Comuna 13,209119,14,2025,9,8504
Argentina,Ciudad Autonoma de Buenos Aires,Comuna 13,209120,14,2025,14,9333
Argentina,Ciudad Autonoma de Buenos Aires,Comuna 13,209121,14,2025,11,8521
Argentina,Ciudad Autonoma de Buenos Aires,Comuna 13,209122,14,2025,9,8416
Argentina,Ciudad Autonoma de Buenos Aires,Comuna 13,209123,14,2025,7,9675
Argentina,Ciudad Autonoma de Buenos Aires,Comuna 13,209124,14,2025,4,7611
Argentina,Ciudad Autonoma de Buenos Aires,Comuna 13,209125,14,2025,1,6503
Argentina,Ciudad Autonoma de Buenos Aires,Comuna 13,209126,14,2025,6,8070
Argentina,Ciudad Autonoma de Buenos Aires,Comuna 13,209127,14,2025,8,7860
Argentina,Ciudad Autonoma de Buenos Aires,Comuna 13,209128,14,2025,6,7714
Argentina,Ciudad Autonoma de Buenos Aires,Comuna 13,209129,14,2025,7,7809
Argentina,Ciudad Autonoma de Buenos Aires,Comuna 14,209801,14,2025,11,8008
Argentina,Ciudad Autonoma de Buenos Aires,Comuna 14,209802,14,2025,16,8651
Argentina,Ciudad Autonoma de Buenos Aires,Comuna 14,209803,14,2025,12,9921
Argentina,Ciudad Autonoma de Buenos Aires,Comuna 14,209804,14,2025,15,9128
Argentina,Ciudad Autonoma de Buenos Aires,Comuna 14,209805,14,2025,10,7958
Argentina,Ciudad Autonoma de Buenos Aires,Comuna 14,209806,14,2025,11,9397
Argentina,Ciudad Autonoma de Buenos Aires,Comuna 14,209807,14,2025,8,9307
Argentina,Ciudad Autonoma de Buenos Aires,Comuna 14,209808,14,2025,7,8700
Argentina,Ciudad Autonoma de Buenos Aires,Comuna 14,209809,14,2025,11,12492
Argentina,Ciudad Autonoma de Buenos Aires,Comuna 14,209810,14,2025,0,190
Argentina,Ciudad Autonoma de Buenos Aires,Comuna 14,209811,14,2025,18,12051
Argentina,Ciudad Autonoma de Buenos Aires,Comuna 14,209812,14,2025,6,7962
Argentina,Ciudad Autonoma de Buenos Aires,Comuna 14,209813,14,2025,8,7376
Argentina,Ciudad Autonoma de Buenos Aires,Comuna 14,209814,14,2025,12,7484
Argentina,Ciudad Autonoma de Buenos Aires,Comuna 14,209815,14,2025,12,8094
Argentina,Ciudad Autonoma de Buenos Aires,Comuna 14,209816,14,2025,13,6773
Argentina,Ciudad Autonoma de Buenos Aires,Comuna 14,209817,14,2025,8,7231
Argentina,Ciudad Autonoma de Buenos Aires,Comuna 14,209818,14,2025,4,6981
Argentina,Ciudad Autonoma de Buenos Aires,Comuna 14,209819,14,2025,6,5589
Argentina,Ciudad Autonoma de Buenos Aires,Comuna 14,209820,14,2025,7,6758
Argentina,Ciudad Autonoma de Buenos Aires,Comuna 14,209821,14,2025,8,7312
Argentina,Ciudad Autonoma de Buenos Aires,Comuna 14,209822,14,2025,5,8363
Argentina,Ciudad Autonoma de Buenos Aires,Comuna 14,209823,14,2025,11,11012
Argentina,Ciudad Autonoma de Buenos Aires,Comuna 14,209824,14,2025,3,6199
Argentina,Ciudad Autonoma de Buenos Aires,Comuna 14,209825,14,2025,9,7637
Argentina,Ciudad Autonoma de Buenos Aires,Comuna 14,209826,14,2025,4,6558
Argentina,Ciudad Autonoma de Buenos Aires,Comuna 14,209827,14,2025,5,6199
Argentina,Ciudad Autonoma de Buenos Aires,Comuna 14,209828,14,2025,6,9243
Argentina,Ciudad Autonoma de Buenos Aires,Comuna 14,209829,14,2025,6,8453
Argentina,Ciudad Autonoma de Buenos Aires,Comuna 14,209830,14,2025,11,8109
Argentina,Ciudad Autonoma de Buenos Aires,Comuna 14,209831,14,2025,6,8116
Argentina,Ciudad Autonoma de Buenos Aires,Comuna 15,210501,14,2025,8,9594
Argentina,Ciudad Autonoma de Buenos Aires,Comuna 15,210502,14,2025,7,6548
Argentina,Ciudad Autonoma de Buenos Aires,Comuna 15,210503,14,2025,7,10235
Argentina,Ciudad Autonoma de Buenos Aires,Comuna 15,210504,14,2025,10,12235
Argentina,Ciudad Autonoma de Buenos Aires,Comuna 15,210505,14,2025,20,12207
Argentina,Ciudad Autonoma de Buenos Aires,Comuna 15,210506,14,2025,0,4156
Argentina,Ciudad Autonoma de Buenos Aires,Comuna 15,210507,14,2025,4,12285
Argentina,Ciudad Autonoma de Buenos Aires,Comuna 15,210508,14,2025,8,8807
Argentina,Ciudad Autonoma de Buenos Aires,Comuna 15,210509,14,2025,7,8645
Argentina,Ciudad Autonoma de Buenos Aires,Comuna 15,210510,14,2025,11,10813
Argentina,Ciudad Autonoma de Buenos Aires,Comuna 15,210511,14,2025,4,11863
Argentina,Ciudad Autonoma de Buenos Aires,Comuna 15,210512,14,2025,9,7208
Argentina,Ciudad Autonoma de Buenos Aires,Comuna 15,210513,14,2025,3,7242
Argentina,Ciudad Autonoma de Buenos Aires,Comuna 15,210514,14,2025,12,9564
Argentina,Ciudad Autonoma de Buenos Aires,Comuna 15,210515,14,2025,17,9091
Argentina,Ciudad Autonoma de Buenos Aires,Comuna 15,210516,14,2025,10,8911
Argentina,Ciudad Autonoma de Buenos Aires,Comuna 15,210517,14,2025,6,8753
Argentina,Ciudad Autonoma de Buenos Aires,Comuna 15,210518,14,2025,10,8161
Argentina,Ciudad Autonoma de Buenos Aires,Comuna 15,210519,14,2025,6,8739
Argentina,Ciudad Autonoma de Buenos Aires,Comuna 15,210520,14,2025,5,8787
Argentina,Ciudad Autonoma de Buenos Aires,Comuna 15,210521,14,2025,14,11421
Argentina,Ciudad Autonoma de Buenos Aires,Comuna 2,201401,14,2025,0,554
Argentina,Ciudad Autonoma de Buenos Aires,Comuna 2,201402,14,2025,8,5022
Argentina,Ciudad Autonoma de Buenos Aires,Comuna 2,201403,14,2025,2,5681
Argentina,Ciudad Autonoma de Buenos Aires,Comuna 2,201404,14,2025,6,6670
Argentina,Ciudad Autonoma de Buenos Aires,Comuna 2,201405,14,2025,4,6654
Argentina,Ciudad Autonoma de Buenos Aires,Comuna 2,201406,14,2025,6,6504
Argentina,Ciudad Autonoma de Buenos Aires,Comuna 2,201407,14,2025,9,7631
Argentina,Ciudad Autonoma de Buenos Aires,Comuna 2,201408,14,2025,12,9285
Argentina,Ciudad Autonoma de Buenos Aires,Comuna 2,201409,14,2025,8,8985
Argentina,Ciudad Autonoma de Buenos Aires,Comuna 2,201410,14,2025,10,7067
Argentina,Ciudad Autonoma de Buenos Aires,Comuna 2,201411,14,2025,11,5593
Argentina,Ciudad Autonoma de Buenos Aires,Comuna 2,201412,14,2025,7,5734
Argentina,Ciudad Autonoma de Buenos Aires,Comuna 2,201413,14,2025,7,7043
Argentina,Ciudad Autonoma de Buenos Aires,Comuna 2,201414,14,2025,10,8370
Argentina,Ciudad Autonoma de Buenos Aires,Comuna 2,201415,14,2025,3,6053
Argentina,Ciudad Autonoma de Buenos Aires,Comuna 2,201416,14,2025,6,5917
Argentina,Ciudad Autonoma de Buenos Aires,Comuna 2,201417,14,2025,7,7963
Argentina,Ciudad Autonoma de Buenos Aires,Comuna 2,201418,14,2025,3,6383
Argentina,Ciudad Autonoma de Buenos Aires,Comuna 2,201419,14,2025,10,6436
Argentina,Ciudad Autonoma de Buenos Aires,Comuna 2,201420,14,2025,9,7134
Argentina,Ciudad Autonoma de Buenos Aires,Comuna 2,201421,14,2025,7,5726
Argentina,Ciudad Autonoma de Buenos Aires,Comuna 2,201422,14,2025,4,5002
Argentina,Ciudad Autonoma de Buenos Aires,Comuna 2,201423,14,2025,1,5517
Argentina,Ciudad Autonoma de Buenos Aires,Comuna 2,201424,14,2025,3,5483
Argentina,Ciudad Autonoma de Buenos Aires,Comuna 2,201425,14,2025,7,8202
Argentina,Ciudad Autonoma de Buenos Aires,Comuna 5,203501,14,2025,7,9107
Argentina,Ciudad Autonoma de Buenos Aires,Comuna 5,203502,14,2025,10,8659
Argentina,Ciudad Autonoma de Buenos Aires,Comuna 5,203503,14,2025,7,9246
Argentina,Ciudad Autonoma de Buenos Aires,Comuna 5,203504,14,2025,11,8180
Argentina,Ciudad Autonoma de Buenos Aires,Comuna 5,203505,14,2025,8,6557
Argentina,Ciudad Autonoma de Buenos Aires,Comuna 5,203506,14,2025,10,7989
Argentina,Ciudad Autonoma de Buenos Aires,Comuna 5,203507,14,2025,14,7616
Argentina,Ciudad Autonoma de Buenos Aires,Comuna 5,203508,14,2025,4,8744
Argentina,Ciudad Autonoma de Buenos Aires,Comuna 5,203509,14,2025,6,7892
Argentina,Ciudad Autonoma de Buenos Aires,Comuna 5,203510,14,2025,7,8718
Argentina,Ciudad Autonoma de Buenos Aires,Comuna 5,203511,14,2025,4,9263
Argentina,Ciudad Autonoma de Buenos Aires,Comuna 5,203512,14,2025,10,7201
Argentina,Ciudad Autonoma de Buenos Aires,Comuna 5,203513,14,2025,9,7410
Argentina,Ciudad Autonoma de Buenos Aires,Comuna 5,203514,14,2025,6,8821
Argentina,Ciudad Autonoma de Buenos Aires,Comuna 5,203515,14,2025,6,7651
Argentina,Ciudad Autonoma de Buenos Aires,Comuna 5,203516,14,2025,11,10461
Argentina,Ciudad Autonoma de Buenos Aires,Comuna 5,203517,14,2025,17,9254
Argentina,Ciudad Autonoma de Buenos Aires,Comuna 5,203518,14,2025,16,9162
Argentina,Ciudad Autonoma de Buenos Aires,Comuna 5,203519,14,2025,5,9340
Argentina,Ciudad Autonoma de Buenos Aires,Comuna 5,203520,14,2025,9,11091
Argentina,Ciudad Autonoma de Buenos Aires,Comuna 5,203521,14,2025,17,8855
Argentina,Ciudad Autonoma de Buenos Aires,Comuna 5,203522,14,2025,9,11232
Argentina,Ciudad Autonoma de Buenos Aires,Comuna 6,204201,14,2025,5,9911
Argentina,Ciudad Autonoma de Buenos Aires,Comuna 6,204202,14,2025,9,10787
Argentina,Ciudad Autonoma de Buenos Aires,Comuna 6,204203,14,2025,8,8899
Argentina,Ciudad Autonoma de Buenos Aires,Comuna 6,204204,14,2025,15,11727
Argentina,Ciudad Autonoma de Buenos Aires,Comuna 6,204205,14,2025,11,10329
Argentina,Ciudad Autonoma de Buenos Aires,Comuna 6,204206,14,2025,10,10367
Argentina,Ciudad Autonoma de Buenos Aires,Comuna 6,204207,14,2025,12,12185
Argentina,Ciudad Autonoma de Buenos Aires,Comuna 6,204208,14,2025,7,9497
Argentina,Ciudad Autonoma de Buenos Aires,Comuna 6,204209,14,2025,12,7356
Argentina,Ciudad Autonoma de Buenos Aires,Comuna 6,204210,14,2025,9,8697
Argentina,Ciudad Autonoma de Buenos Aires,Comuna 6,204211,14,2025,6,9646
Argentina,Ciudad Autonoma de Buenos Aires,Comuna 6,204212,14,2025,7,7926
Argentina,Ciudad Autonoma de Buenos Aires,Comuna 6,204213,14,2025,10,10037
Argentina,Ciudad Autonoma de Buenos Aires,Comuna 6,204214,14,2025,8,9669
Argentina,Ciudad Autonoma de Buenos Aires,Comuna 6,204215,14,2025,12,9168
Argentina,Ciudad Autonoma de Buenos Aires,Comuna 6,204216,14,2025,8,12982
Argentina,Ciudad Autonoma de Buenos Aires,Comuna 6,204217,14,2025,6,7259
Argentina,Ciudad Autonoma de Buenos Aires,Comuna 6,204218,14,2025,3,8066
Argentina,Ciudad Autonoma de Buenos Aires,Comuna 6,204219,14,2025,5,7952
Argentina,Ciudad Autonoma de Buenos Aires,Comuna 6,204220,14,2025,9,8895
Argentina,Ciudad Autonoma de Buenos Aires,Comuna 6,204221,14,2025,11,10409
Argentina,Ciudad Autonoma de Buenos Aires,Comuna 7,204901,14,2025,8,6665
Argentina,Ciudad Autonoma de Buenos Aires,Comuna 7,204902,14,2025,8,8593
Argentina,Ciudad Autonoma de Buenos Aires,Comuna 7,204903,14,2025,10,10871
Argentina,Ciudad Autonoma de Buenos Aires,Comuna 7,204904,14,2025,8,9795
Argentina,Ciudad Autonoma de Buenos Aires,Comuna 7,204905,14,2025,9,8999
Argentina,Ciudad Autonoma de Buenos Aires,Comuna 7,204906,14,2025,5,7524
Argentina,Ciudad Autonoma de Buenos Aires,Comuna 7,204907,14,2025,7,9257
Argentina,Ciudad Autonoma de Buenos Aires,Comuna 7,204908,14,2025,8,7685
Argentina,Ciudad Autonoma de Buenos Aires,Comuna 7,204909,14,2025,6,9705
Argentina,Ciudad Autonoma de Buenos Aires,Comuna 7,204910,14,2025,8,8735
Argentina,Ciudad Autonoma de Buenos Aires,Comuna 7,204911,14,2025,8,10501
Argentina,Ciudad Autonoma de Buenos Aires,Comuna 7,204912,14,2025,8,7467
Argentina,Ciudad Autonoma de Buenos Aires,Comuna 7,204913,14,2025,9,11414
Argentina,Ciudad Autonoma de Buenos Aires,Comuna 7,204914,14,2025,9,11132
Argentina,Ciudad Autonoma de Buenos Aires,Comuna 7,204915,14,2025,7,9647
Argentina,Ciudad Autonoma de Buenos Aires,Comuna 7,204916,14,2025,9,8094
Argentina,Ciudad Autonoma de Buenos Aires,Comuna 7,204917,14,2025,2,2971
Argentina,Ciudad Autonoma de Buenos Aires,Comuna 7,204918,14,2025,1,3398
Argentina,Ciudad Autonoma de Buenos Aires,Comuna 7,204919,14,2025,7,6454
Argentina,Ciudad Autonoma de Buenos Aires,Comuna 7,204920,14,2025,12,12736
Argentina,Ciudad Autonoma de Buenos Aires,Comuna 7,204921,14,2025,10,11351
Argentina,Ciudad Autonoma de Buenos Aires,Comuna 7,204922,14,2025,13,11303
Argentina,Ciudad Autonoma de Buenos Aires,Comuna 7,204923,14,2025,3,7839
Argentina,Ciudad Autonoma de Buenos Aires,Comuna 7,204924,14,2025,8,11126
Argentina,Ciudad Autonoma de Buenos Aires,Comuna 10,207001,15,2025,9,6651
Argentina,Ciudad Autonoma de Buenos Aires,Comuna 10,207002,15,2025,9,7094
Argentina,Ciudad Autonoma de Buenos Aires,Comuna 10,207003,15,2025,7,6682
Argentina,Ciudad Autonoma de Buenos Aires,Comuna 10,207004,15,2025,11,9342
Argentina,Ciudad Autonoma de Buenos Aires,Comuna 10,207005,15,2025,14,11787
Argentina,Ciudad Autonoma de Buenos Aires,Comuna 10,207006,15,2025,13,12408
Argentina,Ciudad Autonoma de Buenos Aires,Comuna 10,207007,15,2025,16,11630
Argentina,Ciudad Autonoma de Buenos Aires,Comuna 10,207008,15,2025,6,9038
Argentina,Ciudad Autonoma de Buenos Aires,Comuna 10,207009,15,2025,11,8752
Argentina,Ciudad Autonoma de Buenos Aires,Comuna 10,207010,15,2025,10,10398
Argentina,Ciudad Autonoma de Buenos Aires,Comuna 10,207011,15,2025,11,8554
Argentina,Ciudad Autonoma de Buenos Aires,Comuna 10,207012,15,2025,7,6677
Argentina,Ciudad Autonoma de Buenos Aires,Comuna 10,207013,15,2025,12,8285
Argentina,Ciudad Autonoma de Buenos Aires,Comuna 10,207014,15,2025,13,9092
Argentina,Ciudad Autonoma de Buenos Aires,Comuna 10,207015,15,2025,2,7248
Argentina,Ciudad Autonoma de Buenos Aires,Comuna 10,207016,15,2025,9,8724
Argentina,Ciudad Autonoma de Buenos Aires,Comuna 10,207017,15,2025,7,9635
Argentina,Ciudad Autonoma de Buenos Aires,Comuna 10,207018,15,2025,8,8682
Argentina,Ciudad Autonoma de Buenos Aires,Comuna 10,207019,15,2025,12,11217
Argentina,Ciudad Autonoma de Buenos Aires,Comuna 11,207701,15,2025,9,11069
Argentina,Ciudad Autonoma de Buenos Aires,Comuna 11,207702,15,2025,12,10205
Argentina,Ciudad Autonoma de Buenos Aires,Comuna 11,207703,15,2025,13,9103
Argentina,Ciudad Autonoma de Buenos Aires,Comuna 11,207704,15,2025,10,10387
Argentina,Ciudad Autonoma de Buenos Aires,Comuna 11,207705,15,2025,11,7955
Argentina,Ciudad Autonoma de Buenos Aires,Comuna 11,207706,15,2025,13,11455
Argentina,Ciudad Autonoma de Buenos Aires,Comuna 11,207707,15,2025,6,11428
Argentina,Ciudad Autonoma de Buenos Aires,Comuna 11,207708,15,2025,9,8072
Argentina,Ciudad Autonoma de Buenos Aires,Comuna 11,207709,15,2025,9,9257
Argentina,Ciudad Autonoma de Buenos Aires,Comuna 11,207710,15,2025,5,11259
Argentina,Ciudad Autonoma de Buenos Aires,Comuna 11,207711,15,2025,14,8065
Argentina,Ciudad Autonoma de Buenos Aires,Comuna 11,207712,15,2025,6,8059
Argentina,Ciudad Autonoma de Buenos Aires,Comuna 11,207713,15,2025,15,9254
Argentina,Ciudad Autonoma de Buenos Aires,Comuna 11,207714,15,2025,7,7270
Argentina,Ciudad Autonoma de Buenos Aires,Comuna 11,207715,15,2025,7,10022
Argentina,Ciudad Autonoma de Buenos Aires,Comuna 11,207716,15,2025,12,9462
Argentina,Ciudad Autonoma de Buenos Aires,Comuna 11,207717,15,2025,5,6323
Argentina,Ciudad Autonoma de Buenos Aires,Comuna 11,207718,15,2025,9,9010
Argentina,Ciudad Autonoma de Buenos Aires,Comuna 11,207719,15,2025,9,7194
Argentina,Ciudad Autonoma de Buenos Aires,Comuna 11,207720,15,2025,6,9079
Argentina,Ciudad Autonoma de Buenos Aires,Comuna 11,207721,15,2025,10,9075
Argentina,Ciudad Autonoma de Buenos Aires,Comuna 11,207722,15,2025,8,8902
Argentina,Ciudad Autonoma de Buenos Aires,Comuna 12,208401,15,2025,23,9341
Argentina,Ciudad Autonoma de Buenos Aires,Comuna 12,208402,15,2025,32,8793
Argentina,Ciudad Autonoma de Buenos Aires,Comuna 12,208403,15,2025,21,9271
Argentina,Ciudad Autonoma de Buenos Aires,Comuna 12,208404,15,2025,28,8702
Argentina,Ciudad Autonoma de Buenos Aires,Comuna 12,208405,15,2025,23,8415
Argentina,Ciudad Autonoma de Buenos Aires,Comuna 12,208406,15,2025,22,9143
Argentina,Ciudad Autonoma de Buenos Aires,Comuna 12,208407,15,2025,33,10293
Argentina,Ciudad Autonoma de Buenos Aires,Comuna 12,208408,15,2025,32,10510
Argentina,Ciudad Autonoma de Buenos Aires,Comuna 12,208409,15,2025,22,8365
Argentina,Ciudad Autonoma de Buenos Aires,Comuna 12,208410,15,2025,31,11926
Argentina,Ciudad Autonoma de Buenos Aires,Comuna 12,208411,15,2025,37,10276
Argentina,Ciudad Autonoma de Buenos Aires,Comuna 12,208412,15,2025,25,8291
Argentina,Ciudad Autonoma de Buenos Aires,Comuna 12,208413,15,2025,23,9891
Argentina,Ciudad Autonoma de Buenos Aires,Comuna 12,208414,15,2025,32,12202
Argentina,Ciudad Autonoma de Buenos Aires,Comuna 12,208415,15,2025,41,13785
Argentina,Ciudad Autonoma de Buenos Aires,Comuna 12,208416,15,2025,46,16395
Argentina,Ciudad Autonoma de Buenos Aires,Comuna 12,208417,15,2025,31,9935
Argentina,Ciudad Autonoma de Buenos Aires,Comuna 12,208418,15,2025,30,13227
Argentina,Ciudad Autonoma de Buenos Aires,Comuna 12,208419,15,2025,49,12268
Argentina,Ciudad Autonoma de Buenos Aires,Comuna 12,208420,15,2025,28,9926
Argentina,Ciudad Autonoma de Buenos Aires,Comuna 12,208421,15,2025,35,11426
Argentina,Ciudad Autonoma de Buenos Aires,Comuna 12,208422,15,2025,47,12983
Argentina,Ciudad Autonoma de Buenos Aires,Comuna 13,209101,15,2025,12,11656
Argentina,Ciudad Autonoma de Buenos Aires,Comuna 13,209102,15,2025,10,10984
Argentina,Ciudad Autonoma de Buenos Aires,Comuna 13,209103,15,2025,20,10868
Argentina,Ciudad Autonoma de Buenos Aires,Comuna 13,209104,15,2025,9,13113
Argentina,Ciudad Autonoma de Buenos Aires,Comuna 13,209105,15,2025,12,10421
Argentina,Ciudad Autonoma de Buenos Aires,Comuna 13,209106,15,2025,6,7917
Argentina,Ciudad Autonoma de Buenos Aires,Comuna 13,209107,15,2025,5,8294
Argentina,Ciudad Autonoma de Buenos Aires,Comuna 13,209108,15,2025,10,9153
Argentina,Ciudad Autonoma de Buenos Aires,Comuna 13,209109,15,2025,10,8207
Argentina,Ciudad Autonoma de Buenos Aires,Comuna 13,209110,15,2025,10,10807
Argentina,Ciudad Autonoma de Buenos Aires,Comuna 13,209111,15,2025,7,4808
Argentina,Ciudad Autonoma de Buenos Aires,Comuna 13,209112,15,2025,7,8591
Argentina,Ciudad Autonoma de Buenos Aires,Comuna 13,209113,15,2025,8,10772
Argentina,Ciudad Autonoma de Buenos Aires,Comuna 13,209114,15,2025,6,7311
Argentina,Ciudad Autonoma de Buenos Aires,Comuna 13,209115,15,2025,11,9651
Argentina,Ciudad Autonoma de Buenos Aires,Comuna 13,209116,15,2025,7,10427
Argentina,Ciudad Autonoma de Buenos Aires,Comuna 13,209117,15,2025,7,11221
Argentina,Ciudad Autonoma de Buenos Aires,Comuna 13,209118,15,2025,5,8113
Argentina,Ciudad Autonoma de Buenos Aires,Comuna 13,209119,15,2025,10,8504
Argentina,Ciudad Autonoma de Buenos Aires,Comuna 13,209120,15,2025,12,9333
Argentina,Ciudad Autonoma de Buenos Aires,Comuna 13,209121,15,2025,6,8521
Argentina,Ciudad Autonoma de Buenos Aires,Comuna 13,209122,15,2025,7,8416
Argentina,Ciudad Autonoma de Buenos Aires,Comuna 13,209123,15,2025,7,9675
Argentina,Ciudad Autonoma de Buenos Aires,Comuna 13,209124,15,2025,12,7611
Argentina,Ciudad Autonoma de Buenos Aires,Comuna 13,209125,15,2025,11,6503
Argentina,Ciudad Autonoma de Buenos Aires,Comuna 13,209126,15,2025,6,8070
Argentina,Ciudad Autonoma de Buenos Aires,Comuna 13,209127,15,2025,10,7860
Argentina,Ciudad Autonoma de Buenos Aires,Comuna 13,209128,15,2025,11,7714
Argentina,Ciudad Autonoma de Buenos Aires,Comuna 13,209129,15,2025,8,7809
Argentina,Ciudad Autonoma de Buenos Aires,Comuna 14,209801,15,2025,11,8008
Argentina,Ciudad Autonoma de Buenos Aires,Comuna 14,209802,15,2025,15,8651
Argentina,Ciudad Autonoma de Buenos Aires,Comuna 14,209803,15,2025,10,9921
Argentina,Ciudad Autonoma de Buenos Aires,Comuna 14,209804,15,2025,11,9128
Argentina,Ciudad Autonoma de Buenos Aires,Comuna 14,209805,15,2025,7,7958
Argentina,Ciudad Autonoma de Buenos Aires,Comuna 14,209806,15,2025,13,9397
Argentina,Ciudad Autonoma de Buenos Aires,Comuna 14,209807,15,2025,11,9307
Argentina,Ciudad Autonoma de Buenos Aires,Comuna 14,209808,15,2025,14,8700
Argentina,Ciudad Autonoma de Buenos Aires,Comuna 14,209809,15,2025,13,12492
Argentina,Ciudad Autonoma de Buenos Aires,Comuna 14,209810,15,2025,1,190
Argentina,Ciudad Autonoma de Buenos Aires,Comuna 14,209811,15,2025,9,12051
Argentina,Ciudad Autonoma de Buenos Aires,Comuna 14,209812,15,2025,2,7962
Argentina,Ciudad Autonoma de Buenos Aires,Comuna 14,209813,15,2025,7,7376
Argentina,Ciudad Autonoma de Buenos Aires,Comuna 14,209814,15,2025,9,7484
Argentina,Ciudad Autonoma de Buenos Aires,Comuna 14,209815,15,2025,6,8094
Argentina,Ciudad Autonoma de Buenos Aires,Comuna 14,209816,15,2025,9,6773
Argentina,Ciudad Autonoma de Buenos Aires,Comuna 14,209817,15,2025,8,7231
Argentina,Ciudad Autonoma de Buenos Aires,Comuna 14,209818,15,2025,9,6981
Argentina,Ciudad Autonoma de Buenos Aires,Comuna 14,209819,15,2025,5,5589
Argentina,Ciudad Autonoma de Buenos Aires,Comuna 14,209820,15,2025,4,6758
Argentina,Ciudad Autonoma de Buenos Aires,Comuna 14,209821,15,2025,2,7312
Argentina,Ciudad Autonoma de Buenos Aires,Comuna 14,209822,15,2025,13,8363
Argentina,Ciudad Autonoma de Buenos Aires,Comuna 14,209823,15,2025,11,11012
Argentina,Ciudad Autonoma de Buenos Aires,Comuna 14,209824,15,2025,5,6199
Argentina,Ciudad Autonoma de Buenos Aires,Comuna 14,209825,15,2025,3,7637
Argentina,Ciudad Autonoma de Buenos Aires,Comuna 14,209826,15,2025,8,6558
Argentina,Ciudad Autonoma de Buenos Aires,Comuna 14,209827,15,2025,5,6199
Argentina,Ciudad Autonoma de Buenos Aires,Comuna 14,209828,15,2025,8,9243
Argentina,Ciudad Autonoma de Buenos Aires,Comuna 14,209829,15,2025,5,8453
Argentina,Ciudad Autonoma de Buenos Aires,Comuna 14,209830,15,2025,5,8109
Argentina,Ciudad Autonoma de Buenos Aires,Comuna 14,209831,15,2025,10,8116
Argentina,Ciudad Autonoma de Buenos Aires,Comuna 15,210501,15,2025,10,9594
Argentina,Ciudad Autonoma de Buenos Aires,Comuna 15,210502,15,2025,5,6548
Argentina,Ciudad Autonoma de Buenos Aires,Comuna 15,210503,15,2025,10,10235
Argentina,Ciudad Autonoma de Buenos Aires,Comuna 15,210504,15,2025,18,12235
Argentina,Ciudad Autonoma de Buenos Aires,Comuna 15,210505,15,2025,15,12207
Argentina,Ciudad Autonoma de Buenos Aires,Comuna 15,210506,15,2025,4,4156
Argentina,Ciudad Autonoma de Buenos Aires,Comuna 15,210507,15,2025,14,12285
Argentina,Ciudad Autonoma de Buenos Aires,Comuna 15,210508,15,2025,14,8807
Argentina,Ciudad Autonoma de Buenos Aires,Comuna 15,210509,15,2025,10,8645
Argentina,Ciudad Autonoma de Buenos Aires,Comuna 15,210510,15,2025,9,10813
Argentina,Ciudad Autonoma de Buenos Aires,Comuna 15,210511,15,2025,14,11863
Argentina,Ciudad Autonoma de Buenos Aires,Comuna 15,210512,15,2025,7,7208
Argentina,Ciudad Autonoma de Buenos Aires,Comuna 15,210513,15,2025,9,7242
Argentina,Ciudad Autonoma de Buenos Aires,Comuna 15,210514,15,2025,12,9564
Argentina,Ciudad Autonoma de Buenos Aires,Comuna 15,210515,15,2025,9,9091
Argentina,Ciudad Autonoma de Buenos Aires,Comuna 15,210516,15,2025,9,8911
Argentina,Ciudad Autonoma de Buenos Aires,Comuna 15,210517,15,2025,9,8753
Argentina,Ciudad Autonoma de Buenos Aires,Comuna 15,210518,15,2025,6,8161
Argentina,Ciudad Autonoma de Buenos Aires,Comuna 15,210519,15,2025,6,8739
Argentina,Ciudad Autonoma de Buenos Aires,Comuna 15,210520,15,2025,8,8787
Argentina,Ciudad Autonoma de Buenos Aires,Comuna 15,210521,15,2025,8,11421
Argentina,Ciudad Autonoma de Buenos Aires,Comuna 2,201401,15,2025,1,554
Argentina,Ciudad Autonoma de Buenos Aires,Comuna 2,201402,15,2025,3,5022
Argentina,Ciudad Autonoma de Buenos Aires,Comuna 2,201403,15,2025,5,5681
Argentina,Ciudad Autonoma de Buenos Aires,Comuna 2,201404,15,2025,4,6670
Argentina,Ciudad Autonoma de Buenos Aires,Comuna 2,201405,15,2025,11,6654
Argentina,Ciudad Autonoma de Buenos Aires,Comuna 2,201406,15,2025,8,6504
Argentina,Ciudad Autonoma de Buenos Aires,Comuna 2,201407,15,2025,8,7631
Argentina,Ciudad Autonoma de Buenos Aires,Comuna 2,201408,15,2025,9,9285
Argentina,Ciudad Autonoma de Buenos Aires,Comuna 2,201409,15,2025,10,8985
Argentina,Ciudad Autonoma de Buenos Aires,Comuna 2,201410,15,2025,7,7067
Argentina,Ciudad Autonoma de Buenos Aires,Comuna 2,201411,15,2025,9,5593
Argentina,Ciudad Autonoma de Buenos Aires,Comuna 2,201412,15,2025,4,5734
Argentina,Ciudad Autonoma de Buenos Aires,Comuna 2,201413,15,2025,8,7043
Argentina,Ciudad Autonoma de Buenos Aires,Comuna 2,201414,15,2025,8,8370
Argentina,Ciudad Autonoma de Buenos Aires,Comuna 2,201415,15,2025,9,6053
Argentina,Ciudad Autonoma de Buenos Aires,Comuna 2,201416,15,2025,6,5917
Argentina,Ciudad Autonoma de Buenos Aires,Comuna 2,201417,15,2025,6,7963
Argentina,Ciudad Autonoma de Buenos Aires,Comuna 2,201418,15,2025,8,6383
Argentina,Ciudad Autonoma de Buenos Aires,Comuna 2,201419,15,2025,5,6436
Argentina,Ciudad Autonoma de Buenos Aires,Comuna 2,201420,15,2025,10,7134
Argentina,Ciudad Autonoma de Buenos Aires,Comuna 2,201421,15,2025,6,5726
Argentina,Ciudad Autonoma de Buenos Aires,Comuna 2,201422,15,2025,1,5002
Argentina,Ciudad Autonoma de Buenos Aires,Comuna 2,201423,15,2025,5,5517
Argentina,Ciudad Autonoma de Buenos Aires,Comuna 2,201424,15,2025,9,5483
Argentina,Ciudad Autonoma de Buenos Aires,Comuna 2,201425,15,2025,11,8202
Argentina,Ciudad Autonoma de Buenos Aires,Comuna 5,203501,15,2025,12,9107
Argentina,Ciudad Autonoma de Buenos Aires,Comuna 5,203502,15,2025,6,8659
Argentina,Ciudad Autonoma de Buenos Aires,Comuna 5,203503,15,2025,10,9246
Argentina,Ciudad Autonoma de Buenos Aires,Comuna 5,203504,15,2025,10,8180
Argentina,Ciudad Autonoma de Buenos Aires,Comuna 5,203505,15,2025,5,6557
Argentina,Ciudad Autonoma de Buenos Aires,Comuna 5,203506,15,2025,11,7989
Argentina,Ciudad Autonoma de Buenos Aires,Comuna 5,203507,15,2025,5,7616
Argentina,Ciudad Autonoma de Buenos Aires,Comuna 5,203508,15,2025,6,8744
Argentina,Ciudad Autonoma de Buenos Aires,Comuna 5,203509,15,2025,10,7892
Argentina,Ciudad Autonoma de Buenos Aires,Comuna 5,203510,15,2025,4,8718
Argentina,Ciudad Autonoma de Buenos Aires,Comuna 5,203511,15,2025,7,9263
Argentina,Ciudad Autonoma de Buenos Aires,Comuna 5,203512,15,2025,6,7201
Argentina,Ciudad Autonoma de Buenos Aires,Comuna 5,203513,15,2025,6,7410
Argentina,Ciudad Autonoma de Buenos Aires,Comuna 5,203514,15,2025,6,8821
Argentina,Ciudad Autonoma de Buenos Aires,Comuna 5,203515,15,2025,6,7651
Argentina,Ciudad Autonoma de Buenos Aires,Comuna 5,203516,15,2025,7,10461
Argentina,Ciudad Autonoma de Buenos Aires,Comuna 5,203517,15,2025,8,9254
Argentina,Ciudad Autonoma de Buenos Aires,Comuna 5,203518,15,2025,3,9162
Argentina,Ciudad Autonoma de Buenos Aires,Comuna 5,203519,15,2025,6,9340
Argentina,Ciudad Autonoma de Buenos Aires,Comuna 5,203520,15,2025,11,11091
Argentina,Ciudad Autonoma de Buenos Aires,Comuna 5,203521,15,2025,8,8855
Argentina,Ciudad Autonoma de Buenos Aires,Comuna 5,203522,15,2025,9,11232
Argentina,Ciudad Autonoma de Buenos Aires,Comuna 6,204201,15,2025,12,9911
Argentina,Ciudad Autonoma de Buenos Aires,Comuna 6,204202,15,2025,11,10787
Argentina,Ciudad Autonoma de Buenos Aires,Comuna 6,204203,15,2025,11,8899
Argentina,Ciudad Autonoma de Buenos Aires,Comuna 6,204204,15,2025,12,11727
Argentina,Ciudad Autonoma de Buenos Aires,Comuna 6,204205,15,2025,10,10329
Argentina,Ciudad Autonoma de Buenos Aires,Comuna 6,204206,15,2025,8,10367
Argentina,Ciudad Autonoma de Buenos Aires,Comuna 6,204207,15,2025,15,12185
Argentina,Ciudad Autonoma de Buenos Aires,Comuna 6,204208,15,2025,13,9497
Argentina,Ciudad Autonoma de Buenos Aires,Comuna 6,204209,15,2025,8,7356
Argentina,Ciudad Autonoma de Buenos Aires,Comuna 6,204210,15,2025,6,8697
Argentina,Ciudad Autonoma de Buenos Aires,Comuna 6,204211,15,2025,3,9646
Argentina,Ciudad Autonoma de Buenos Aires,Comuna 6,204212,15,2025,10,7926
Argentina,Ciudad Autonoma de Buenos Aires,Comuna 6,204213,15,2025,10,10037
Argentina,Ciudad Autonoma de Buenos Aires,Comuna 6,204214,15,2025,6,9669
Argentina,Ciudad Autonoma de Buenos Aires,Comuna 6,204215,15,2025,14,9168
Argentina,Ciudad Autonoma de Buenos Aires,Comuna 6,204216,15,2025,13,12982
Argentina,Ciudad Autonoma de Buenos Aires,Comuna 6,204217,15,2025,8,7259
Argentina,Ciudad Autonoma de Buenos Aires,Comuna 6,204218,15,2025,8,8066
Argentina,Ciudad Autonoma de Buenos Aires,Comuna 6,204219,15,2025,8,7952
Argentina,Ciudad Autonoma de Buenos Aires,Comuna 6,204220,15,2025,7,8895
Argentina,Ciudad Autonoma de Buenos Aires,Comuna 6,204221,15,2025,11,10409
Argentina,Ciudad Autonoma de Buenos Aires,Comuna 7,204901,15,2025,10,6665
Argentina,Ciudad Autonoma de Buenos Aires,Comuna 7,204902,15,2025,9,8593
Argentina,Ciudad Autonoma de Buenos Aires,Comuna 7,204903,15,2025,17,10871
Argentina,Ciudad Autonoma de Buenos Aires,Comuna 7,204904,15,2025,10,9795
Argentina,Ciudad Autonoma de Buenos Aires,Comuna 7,204905,15,2025,9,8999
Argentina,Ciudad Autonoma de Buenos Aires,Comuna 7,204906,15,2025,6,7524
Argentina,Ciudad Autonoma de Buenos Aires,Comuna 7,204907,15,2025,7,9257
Argentina,Ciudad Autonoma de Buenos Aires,Comuna 7,204908,15,2025,3,7685
Argentina,Ciudad Autonoma de Buenos Aires,Comuna 7,204909,15,2025,6,9705
Argentina,Ciudad Autonoma de Buenos Aires,Comuna 7,204910,15,2025,6,8735
Argentina,Ciudad Autonoma de Buenos Aires,Comuna 7,204911,15,2025,13,10501
Argentina,Ciudad Autonoma de Buenos Aires,Comuna 7,204912,15,2025,10,7467
Argentina,Ciudad Autonoma de Buenos Aires,Comuna 7,204913,15,2025,13,11414
Argentina,Ciudad Autonoma de Buenos Aires,Comuna 7,204914,15,2025,13,11132
Argentina,Ciudad Autonoma de Buenos Aires,Comuna 7,204915,15,2025,8,9647
Argentina,Ciudad Autonoma de Buenos Aires,Comuna 7,204916,15,2025,6,8094
Argentina,Ciudad Autonoma de Buenos Aires,Comuna 7,204917,15,2025,3,2971
Argentina,Ciudad Autonoma de Buenos Aires,Comuna 7,204918,15,2025,3,3398
Argentina,Ciudad Autonoma de Buenos Aires,Comuna 7,204919,15,2025,4,6454
Argentina,Ciudad Autonoma de Buenos Aires,Comuna 7,204920,15,2025,10,12736
Argentina,Ciudad Autonoma de Buenos Aires,Comuna 7,204921,15,2025,17,11351
Argentina,Ciudad Autonoma de Buenos Aires,Comuna 7,204922,15,2025,14,11303
Argentina,Ciudad Autonoma de Buenos Aires,Comuna 7,204923,15,2025,5,7839
Argentina,Ciudad Autonoma de Buenos Aires,Comuna 7,204924,15,2025,8,11126
Argentina,Ciudad Autonoma de Buenos Aires,Comuna 10,207001,16,2025,7,6651
Argentina,Ciudad Autonoma de Buenos Aires,Comuna 10,207002,16,2025,8,7094
Argentina,Ciudad Autonoma de Buenos Aires,Comuna 10,207003,16,2025,9,6682
Argentina,Ciudad Autonoma de Buenos Aires,Comuna 10,207004,16,2025,12,9342
Argentina,Ciudad Autonoma de Buenos Aires,Comuna 10,207005,16,2025,13,11787
Argentina,Ciudad Autonoma de Buenos Aires,Comuna 10,207006,16,2025,15,12408
Argentina,Ciudad Autonoma de Buenos Aires,Comuna 10,207007,16,2025,13,11630
Argentina,Ciudad Autonoma de Buenos Aires,Comuna 10,207008,16,2025,8,9038
Argentina,Ciudad Autonoma de Buenos Aires,Comuna 10,207009,16,2025,10,8752
Argentina,Ciudad Autonoma de Buenos Aires,Comuna 10,207010,16,2025,10,10398
Argentina,Ciudad Autonoma de Buenos Aires,Comuna 10,207011,16,2025,13,8554
Argentina,Ciudad Autonoma de Buenos Aires,Comuna 10,207012,16,2025,6,6677
Argentina,Ciudad Autonoma de Buenos Aires,Comuna 10,207013,16,2025,8,8285
Argentina,Ciudad Autonoma de Buenos Aires,Comuna 10,207014,16,2025,9,9092
Argentina,Ciudad Autonoma de Buenos Aires,Comuna 10,207015,16,2025,5,7248
Argentina,Ciudad Autonoma de Buenos Aires,Comuna 10,207016,16,2025,6,8724
Argentina,Ciudad Autonoma de Buenos Aires,Comuna 10,207017,16,2025,11,9635
Argentina,Ciudad Autonoma de Buenos Aires,Comuna 10,207018,16,2025,11,8682
Argentina,Ciudad Autonoma de Buenos Aires,Comuna 10,207019,16,2025,15,11217
Argentina,Ciudad Autonoma de Buenos Aires,Comuna 11,207701,16,2025,13,11069
Argentina,Ciudad Autonoma de Buenos Aires,Comuna 11,207702,16,2025,12,10205
Argentina,Ciudad Autonoma de Buenos Aires,Comuna 11,207703,16,2025,6,9103
Argentina,Ciudad Autonoma de Buenos Aires,Comuna 11,207704,16,2025,16,10387
Argentina,Ciudad Autonoma de Buenos Aires,Comuna 11,207705,16,2025,9,7955
Argentina,Ciudad Autonoma de Buenos Aires,Comuna 11,207706,16,2025,10,11455
Argentina,Ciudad Autonoma de Buenos Aires,Comuna 11,207707,16,2025,16,11428
Argentina,Ciudad Autonoma de Buenos Aires,Comuna 11,207708,16,2025,4,8072
Argentina,Ciudad Autonoma de Buenos Aires,Comuna 11,207709,16,2025,14,9257
Argentina,Ciudad Autonoma de Buenos Aires,Comuna 11,207710,16,2025,8,11259
Argentina,Ciudad Autonoma de Buenos Aires,Comuna 11,207711,16,2025,13,8065
Argentina,Ciudad Autonoma de Buenos Aires,Comuna 11,207712,16,2025,4,8059
Argentina,Ciudad Autonoma de Buenos Aires,Comuna 11,207713,16,2025,6,9254
Argentina,Ciudad Autonoma de Buenos Aires,Comuna 11,207714,16,2025,7,7270
Argentina,Ciudad Autonoma de Buenos Aires,Comuna 11,207715,16,2025,7,10022
Argentina,Ciudad Autonoma de Buenos Aires,Comuna 11,207716,16,2025,14,9462
Argentina,Ciudad Autonoma de Buenos Aires,Comuna 11,207717,16,2025,4,6323
Argentina,Ciudad Autonoma de Buenos Aires,Comuna 11,207718,16,2025,15,9010
Argentina,Ciudad Autonoma de Buenos Aires,Comuna 11,207719,16,2025,5,7194
Argentina,Ciudad Autonoma de Buenos Aires,Comuna 11,207720,16,2025,4,9079
Argentina,Ciudad Autonoma de Buenos Aires,Comuna 11,207721,16,2025,8,9075
Argentina,Ciudad Autonoma de Buenos Aires,Comuna 11,207722,16,2025,6,8902
Argentina,Ciudad Autonoma de Buenos Aires,Comuna 12,208401,16,2025,27,9341
Argentina,Ciudad Autonoma de Buenos Aires,Comuna 12,208402,16,2025,25,8793
Argentina,Ciudad Autonoma de Buenos Aires,Comuna 12,208403,16,2025,32,9271
Argentina,Ciudad Autonoma de Buenos Aires,Comuna 12,208404,16,2025,23,8702
Argentina,Ciudad Autonoma de Buenos Aires,Comuna 12,208405,16,2025,25,8415
Argentina,Ciudad Autonoma de Buenos Aires,Comuna 12,208406,16,2025,23,9143
Argentina,Ciudad Autonoma de Buenos Aires,Comuna 12,208407,16,2025,31,10293
Argentina,Ciudad Autonoma de Buenos Aires,Comuna 12,208408,16,2025,28,10510
Argentina,Ciudad Autonoma de Buenos Aires,Comuna 12,208409,16,2025,17,8365
Argentina,Ciudad Autonoma de Buenos Aires,Comuna 12,208410,16,2025,31,11926
Argentina,Ciudad Autonoma de Buenos Aires,Comuna 12,208411,16,2025,33,10276
Argentina,Ciudad Autonoma de Buenos Aires,Comuna 12,208412,16,2025,26,8291
Argentina,Ciudad Autonoma de Buenos Aires,Comuna 12,208413,16,2025,32,9891
Argentina,Ciudad Autonoma de Buenos Aires,Comuna 12,208414,16,2025,31,12202
Argentina,Ciudad Autonoma de Buenos Aires,Comuna 12,208415,16,2025,37,13785
Argentina,Ciudad Autonoma de Buenos Aires,Comuna 12,208416,16,2025,41,16395
Argentina,Ciudad Autonoma de Buenos Aires,Comuna 12,208417,16,2025,25,9935
Argentina,Ciudad Autonoma de Buenos Aires,Comuna 12,208418,16,2025,39,13227
Argentina,Ciudad Autonoma de Buenos Aires,Comuna 12,208419,16,2025,43,12268
Argentina,Ciudad Autonoma de Buenos Aires,Comuna 12,208420,16,2025,35,9926
Argentina,Ciudad Autonoma de Buenos Aires,Comuna 12,208421,16,2025,37,11426
Argentina,Ciudad Autonoma de Buenos Aires,Comuna 12,208422,16,2025,34,12983
Argentina,Ciudad Autonoma de Buenos Aires,Comuna 13,209101,16,2025,11,11656
Argentina,Ciudad Autonoma de Buenos Aires,Comuna 13,209102,16,2025,13,10984
Argentina,Ciudad Autonoma de Buenos Aires,Comuna 13,209103,16,2025,12,10868
Argentina,Ciudad Autonoma de Buenos Aires,Comuna 13,209104,16,2025,13,13113
Argentina,Ciudad Autonoma de Buenos Aires,Comuna 13,209105,16,2025,10,10421
Argentina,Ciudad Autonoma de Buenos Aires,Comuna 13,209106,16,2025,1,7917
Argentina,Ciudad Autonoma de Buenos Aires,Comuna 13,209107,16,2025,16,8294
Argentina,Ciudad Autonoma de Buenos Aires,Comuna 13,209108,16,2025,11,9153
Argentina,Ciudad Autonoma de Buenos Aires,Comuna 13,209109,16,2025,9,8207
Argentina,Ciudad Autonoma de Buenos Aires,Comuna 13,209110,16,2025,5,10807
Argentina,Ciudad Autonoma de Buenos Aires,Comuna 13,209111,16,2025,3,4808
Argentina,Ciudad Autonoma de Buenos Aires,Comuna 13,209112,16,2025,21,8591
Argentina,Ciudad Autonoma de Buenos Aires,Comuna 13,209113,16,2025,9,10772
Argentina,Ciudad Autonoma de Buenos Aires,Comuna 13,209114,16,2025,7,7311
Argentina,Ciudad Autonoma de Buenos Aires,Comuna 13,209115,16,2025,10,9651
Argentina,Ciudad Autonoma de Buenos Aires,Comuna 13,209116,16,2025,13,10427
Argentina,Ciudad Autonoma de Buenos Aires,Comuna 13,209117,16,2025,14,11221
Argentina,Ciudad Autonoma de Buenos Aires,Comuna 13,209118,16,2025,12,8113
Argentina,Ciudad Autonoma de Buenos Aires,Comuna 13,209119,16,2025,5,8504
Argentina,Ciudad Autonoma de Buenos Aires,Comuna 13,209120,16,2025,8,9333
Argentina,Ciudad Autonoma de Buenos Aires,Comuna 13,209121,16,2025,12,8521
Argentina,Ciudad Autonoma de Buenos Aires,Comuna 13,209122,16,2025,4,8416
Argentina,Ciudad Autonoma de Buenos Aires,Comuna 13,209123,16,2025,5,9675
Argentina,Ciudad Autonoma de Buenos Aires,Comuna 13,209124,16,2025,11,7611
Argentina,Ciudad Autonoma de Buenos Aires,Comuna 13,209125,16,2025,2,6503
Argentina,Ciudad Autonoma de Buenos Aires,Comuna 13,209126,16,2025,8,8070
Argentina,Ciudad Autonoma de Buenos Aires,Comuna 13,209127,16,2025,5,7860
Argentina,Ciudad Autonoma de Buenos Aires,Comuna 13,209128,16,2025,11,7714
Argentina,Ciudad Autonoma de Buenos Aires,Comuna 13,209129,16,2025,10,7809
Argentina,Ciudad Autonoma de Buenos Aires,Comuna 14,209801,16,2025,12,8008
Argentina,Ciudad Autonoma de Buenos Aires,Comuna 14,209802,16,2025,9,8651
Argentina,Ciudad Autonoma de Buenos Aires,Comuna 14,209803,16,2025,9,9921
Argentina,Ciudad Autonoma de Buenos Aires,Comuna 14,209804,16,2025,11,9128
Argentina,Ciudad Autonoma de Buenos Aires,Comuna 14,209805,16,2025,8,7958
Argentina,Ciudad Autonoma de Buenos Aires,Comuna 14,209806,16,2025,12,9397
Argentina,Ciudad Autonoma de Buenos Aires,Comuna 14,209807,16,2025,14,9307
Argentina,Ciudad Autonoma de Buenos Aires,Comuna 14,209808,16,2025,10,8700
Argentina,Ciudad Autonoma de Buenos Aires,Comuna 14,209809,16,2025,13,12492
Argentina,Ciudad Autonoma de Buenos Aires,Comuna 14,209810,16,2025,0,190
Argentina,Ciudad Autonoma de Buenos Aires,Comuna 14,209811,16,2025,7,12051
Argentina,Ciudad Autonoma de Buenos Aires,Comuna 14,209812,16,2025,12,7962
Argentina,Ciudad Autonoma de Buenos Aires,Comuna 14,209813,16,2025,6,7376
Argentina,Ciudad Autonoma de Buenos Aires,Comuna 14,209814,16,2025,2,7484
Argentina,Ciudad Autonoma de Buenos Aires,Comuna 14,209815,16,2025,10,8094
Argentina,Ciudad Autonoma de Buenos Aires,Comuna 14,209816,16,2025,5,6773
Argentina,Ciudad Autonoma de Buenos Aires,Comuna 14,209817,16,2025,4,7231
Argentina,Ciudad Autonoma de Buenos Aires,Comuna 14,209818,16,2025,5,6981
Argentina,Ciudad Autonoma de Buenos Aires,Comuna 14,209819,16,2025,8,5589
Argentina,Ciudad Autonoma de Buenos Aires,Comuna 14,209820,16,2025,14,6758
Argentina,Ciudad Autonoma de Buenos Aires,Comuna 14,209821,16,2025,6,7312
Argentina,Ciudad Autonoma de Buenos Aires,Comuna 14,209822,16,2025,10,8363
Argentina,Ciudad Autonoma de Buenos Aires,Comuna 14,209823,16,2025,13,11012
Argentina,Ciudad Autonoma de Buenos Aires,Comuna 14,209824,16,2025,5,6199
Argentina,Ciudad Autonoma de Buenos Aires,Comuna 14,209825,16,2025,11,7637
Argentina,Ciudad Autonoma de Buenos Aires,Comuna 14,209826,16,2025,6,6558
Argentina,Ciudad Autonoma de Buenos Aires,Comuna 14,209827,16,2025,9,6199
Argentina,Ciudad Autonoma de Buenos Aires,Comuna 14,209828,16,2025,6,9243
Argentina,Ciudad Autonoma de Buenos Aires,Comuna 14,209829,16,2025,11,8453
Argentina,Ciudad Autonoma de Buenos Aires,Comuna 14,209830,16,2025,11,8109
Argentina,Ciudad Autonoma de Buenos Aires,Comuna 14,209831,16,2025,5,8116
Argentina,Ciudad Autonoma de Buenos Aires,Comuna 15,210501,16,2025,10,9594
Argentina,Ciudad Autonoma de Buenos Aires,Comuna 15,210502,16,2025,10,6548
Argentina,Ciudad Autonoma de Buenos Aires,Comuna 15,210503,16,2025,12,10235
Argentina,Ciudad Autonoma de Buenos Aires,Comuna 15,210504,16,2025,14,12235
Argentina,Ciudad Autonoma de Buenos Aires,Comuna 15,210505,16,2025,18,12207
Argentina,Ciudad Autonoma de Buenos Aires,Comuna 15,210506,16,2025,5,4156
Argentina,Ciudad Autonoma de Buenos Aires,Comuna 15,210507,16,2025,12,12285
Argentina,Ciudad Autonoma de Buenos Aires,Comuna 15,210508,16,2025,11,8807
Argentina,Ciudad Autonoma de Buenos Aires,Comuna 15,210509,16,2025,6,8645
Argentina,Ciudad Autonoma de Buenos Aires,Comuna 15,210510,16,2025,7,10813
Argentina,Ciudad Autonoma de Buenos Aires,Comuna 15,210511,16,2025,10,11863
Argentina,Ciudad Autonoma de Buenos Aires,Comuna 15,210512,16,2025,7,7208
Argentina,Ciudad Autonoma de Buenos Aires,Comuna 15,210513,16,2025,10,7242
Argentina,Ciudad Autonoma de Buenos Aires,Comuna 15,210514,16,2025,8,9564
Argentina,Ciudad Autonoma de Buenos Aires,Comuna 15,210515,16,2025,7,9091
Argentina,Ciudad Autonoma de Buenos Aires,Comuna 15,210516,16,2025,9,8911
Argentina,Ciudad Autonoma de Buenos Aires,Comuna 15,210517,16,2025,8,8753
Argentina,Ciudad Autonoma de Buenos Aires,Comuna 15,210518,16,2025,14,8161
Argentina,Ciudad Autonoma de Buenos Aires,Comuna 15,210519,16,2025,5,8739
Argentina,Ciudad Autonoma de Buenos Aires,Comuna 15,210520,16,2025,9,8787
Argentina,Ciudad Autonoma de Buenos Aires,Comuna 15,210521,16,2025,8,11421
Argentina,Ciudad Autonoma de Buenos Aires,Comuna 2,201401,16,2025,0,554
Argentina,Ciudad Autonoma de Buenos Aires,Comuna 2,201402,16,2025,3,5022
Argentina,Ciudad Autonoma de Buenos Aires,Comuna 2,201403,16,2025,9,5681
Argentina,Ciudad Autonoma de Buenos Aires,Comuna 2,201404,16,2025,7,6670
Argentina,Ciudad Autonoma de Buenos Aires,Comuna 2,201405,16,2025,5,6654
Argentina,Ciudad Autonoma de Buenos Aires,Comuna 2,201406,16,2025,8,6504
Argentina,Ciudad Autonoma de Buenos Aires,Comuna 2,201407,16,2025,8,7631
Argentina,Ciudad Autonoma de Buenos Aires,Comuna 2,201408,16,2025,8,9285
Argentina,Ciudad Autonoma de Buenos Aires,Comuna 2,201409,16,2025,8,8985
Argentina,Ciudad Autonoma de Buenos Aires,Comuna 2,201410,16,2025,4,7067
Argentina,Ciudad Autonoma de Buenos Aires,Comuna 2,201411,16,2025,6,5593
Argentina,Ciudad Autonoma de Buenos Aires,Comuna 2,201412,16,2025,7,5734
Argentina,Ciudad Autonoma de Buenos Aires,Comuna 2,201413,16,2025,7,7043
Argentina,Ciudad Autonoma de Buenos Aires,Comuna 2,201414,16,2025,13,8370
Argentina,Ciudad Autonoma de Buenos Aires,Comuna 2,201415,16,2025,8,6053
Argentina,Ciudad Autonoma de Buenos Aires,Comuna 2,201416,16,2025,4,5917
Argentina,Ciudad Autonoma de Buenos Aires,Comuna 2,201417,16,2025,14,7963
Argentina,Ciudad Autonoma de Buenos Aires,Comuna 2,201418,16,2025,3,6383
Argentina,Ciudad Autonoma de Buenos Aires,Comuna 2,201419,16,2025,5,6436
Argentina,Ciudad Autonoma de Buenos Aires,Comuna 2,201420,16,2025,6,7134
Argentina,Ciudad Autonoma de Buenos Aires,Comuna 2,201421,16,2025,7,5726
Argentina,Ciudad Autonoma de Buenos Aires,Comuna 2,201422,16,2025,3,5002
Argentina,Ciudad Autonoma de Buenos Aires,Comuna 2,201423,16,2025,3,5517
Argentina,Ciudad Autonoma de Buenos Aires,Comuna 2,201424,16,2025,4,5483
Argentina,Ciudad Autonoma de Buenos Aires,Comuna 2,201425,16,2025,12,8202
Argentina,Ciudad Autonoma de Buenos Aires,Comuna 5,203501,16,2025,11,9107
Argentina,Ciudad Autonoma de Buenos Aires,Comuna 5,203502,16,2025,9,8659
Argentina,Ciudad Autonoma de Buenos Aires,Comuna 5,203503,16,2025,10,9246
Argentina,Ciudad Autonoma de Buenos Aires,Comuna 5,203504,16,2025,5,8180
Argentina,Ciudad Autonoma de Buenos Aires,Comuna 5,203505,16,2025,6,6557
Argentina,Ciudad Autonoma de Buenos Aires,Comuna 5,203506,16,2025,10,7989
Argentina,Ciudad Autonoma de Buenos Aires,Comuna 5,203507,16,2025,4,7616
Argentina,Ciudad Autonoma de Buenos Aires,Comuna 5,203508,16,2025,16,8744
Argentina,Ciudad Autonoma de Buenos Aires,Comuna 5,203509,16,2025,8,7892
Argentina,Ciudad Autonoma de Buenos Aires,Comuna 5,203510,16,2025,9,8718
Argentina,Ciudad Autonoma de Buenos Aires,Comuna 5,203511,16,2025,10,9263
Argentina,Ciudad Autonoma de Buenos Aires,Comuna 5,203512,16,2025,9,7201
Argentina,Ciudad Autonoma de Buenos Aires,Comuna 5,203513,16,2025,8,7410
Argentina,Ciudad Autonoma de Buenos Aires,Comuna 5,203514,16,2025,9,8821
Argentina,Ciudad Autonoma de Buenos Aires,Comuna 5,203515,16,2025,4,7651
Argentina,Ciudad Autonoma de Buenos Aires,Comuna 5,203516,16,2025,14,10461
Argentina,Ciudad Autonoma de Buenos Aires,Comuna 5,203517,16,2025,9,9254
Argentina,Ciudad Autonoma de Buenos Aires,Comuna 5,203518,16,2025,10,9162
Argentina,Ciudad Autonoma de Buenos Aires,Comuna 5,203519,16,2025,12,9340
Argentina,Ciudad Autonoma de Buenos Aires,Comuna 5,203520,16,2025,15,11091
Argentina,Ciudad Autonoma de Buenos Aires,Comuna 5,203521,16,2025,5,8855
Argentina,Ciudad Autonoma de Buenos Aires,Comuna 5,203522,16,2025,7,11232
Argentina,Ciudad Autonoma de Buenos Aires,Comuna 6,204201,16,2025,5,9911
Argentina,Ciudad Autonoma de Buenos Aires,Comuna 6,204202,16,2025,13,10787
Argentina,Ciudad Autonoma de Buenos Aires,Comuna 6,204203,16,2025,5,8899
Argentina,Ciudad Autonoma de Buenos Aires,Comuna 6,204204,16,2025,15,11727
Argentina,Ciudad Autonoma de Buenos Aires,Comuna 6,204205,16,2025,6,10329
Argentina,Ciudad Autonoma de Buenos Aires,Comuna 6,204206,16,2025,7,10367
Argentina,Ciudad Autonoma de Buenos Aires,Comuna 6,204207,16,2025,15,12185
Argentina,Ciudad Autonoma de Buenos Aires,Comuna 6,204208,16,2025,7,9497
Argentina,Ciudad Autonoma de Buenos Aires,Comuna 6,204209,16,2025,11,7356
Argentina,Ciudad Autonoma de Buenos Aires,Comuna 6,204210,16,2025,5,8697
Argentina,Ciudad Autonoma de Buenos Aires,Comuna 6,204211,16,2025,16,9646
Argentina,Ciudad Autonoma de Buenos Aires,Comuna 6,204212,16,2025,10,7926
Argentina,Ciudad Autonoma de Buenos Aires,Comuna 6,204213,16,2025,10,10037
Argentina,Ciudad Autonoma de Buenos Aires,Comuna 6,204214,16,2025,7,9669
Argentina,Ciudad Autonoma de Buenos Aires,Comuna 6,204215,16,2025,5,9168
Argentina,Ciudad Autonoma de Buenos Aires,Comuna 6,204216,16,2025,12,12982
Argentina,Ciudad Autonoma de Buenos Aires,Comuna 6,204217,16,2025,4,7259
Argentina,Ciudad Autonoma de Buenos Aires,Comuna 6,204218,16,2025,9,8066
Argentina,Ciudad Autonoma de Buenos Aires,Comuna 6,204219,16,2025,5,7952
Argentina,Ciudad Autonoma de Buenos Aires,Comuna 6,204220,16,2025,7,8895
Argentina,Ciudad Autonoma de Buenos Aires,Comuna 6,204221,16,2025,14,10409
Argentina,Ciudad Autonoma de Buenos Aires,Comuna 7,204901,16,2025,10,6665
Argentina,Ciudad Autonoma de Buenos Aires,Comuna 7,204902,16,2025,8,8593
Argentina,Ciudad Autonoma de Buenos Aires,Comuna 7,204903,16,2025,11,10871
Argentina,Ciudad Autonoma de Buenos Aires,Comuna 7,204904,16,2025,8,9795
Argentina,Ciudad Autonoma de Buenos Aires,Comuna 7,204905,16,2025,7,8999
Argentina,Ciudad Autonoma de Buenos Aires,Comuna 7,204906,16,2025,4,7524
Argentina,Ciudad Autonoma de Buenos Aires,Comuna 7,204907,16,2025,14,9257
Argentina,Ciudad Autonoma de Buenos Aires,Comuna 7,204908,16,2025,14,7685
Argentina,Ciudad Autonoma de Buenos Aires,Comuna 7,204909,16,2025,7,9705
Argentina,Ciudad Autonoma de Buenos Aires,Comuna 7,204910,16,2025,14,8735
Argentina,Ciudad Autonoma de Buenos Aires,Comuna 7,204911,16,2025,5,10501
Argentina,Ciudad Autonoma de Buenos Aires,Comuna 7,204912,16,2025,12,7467
Argentina,Ciudad Autonoma de Buenos Aires,Comuna 7,204913,16,2025,13,11414
Argentina,Ciudad Autonoma de Buenos Aires,Comuna 7,204914,16,2025,10,11132
Argentina,Ciudad Autonoma de Buenos Aires,Comuna 7,204915,16,2025,10,9647
Argentina,Ciudad Autonoma de Buenos Aires,Comuna 7,204916,16,2025,6,8094
Argentina,Ciudad Autonoma de Buenos Aires,Comuna 7,204917,16,2025,1,2971
Argentina,Ciudad Autonoma de Buenos Aires,Comuna 7,204918,16,2025,6,3398
Argentina,Ciudad Autonoma de Buenos Aires,Comuna 7,204919,16,2025,4,6454
Argentina,Ciudad Autonoma de Buenos Aires,Comuna 7,204920,16,2025,11,12736
Argentina,Ciudad Autonoma de Buenos Aires,Comuna 7,204921,16,2025,13,11351
Argentina,Ciudad Autonoma de Buenos Aires,Comuna 7,204922,16,2025,10,11303
Argentina,Ciudad Autonoma de Buenos Aires,Comuna 7,204923,16,2025,7,7839
Argentina,Ciudad Autonoma de Buenos Aires,Comuna 7,204924,16,2025,9,11126
Argentina,Ciudad Autonoma de Buenos Aires,Comuna 10,207001,17,2025,9,6651
Argentina,Ciudad Autonoma de Buenos Aires,Comuna 10,207002,17,2025,6,7094
Argentina,Ciudad Autonoma de Buenos Aires,Comuna 10,207003,17,2025,5,6682
Argentina,Ciudad Autonoma de Buenos Aires,Comuna 10,207004,17,2025,13,9342
Argentina,Ciudad Autonoma de Buenos Aires,Comuna 10,207005,17,2025,10,11787
Argentina,Ciudad Autonoma de Buenos Aires,Comuna 10,207006,17,2025,14,12408
Argentina,Ciudad Autonoma de Buenos Aires,Comuna 10,207007,17,2025,19,11630
Argentina,Ciudad Autonoma de Buenos Aires,Comuna 10,207008,17,2025,11,9038
Argentina,Ciudad Autonoma de Buenos Aires,Comuna 10,207009,17,2025,5,8752
Argentina,Ciudad Autonoma de Buenos Aires,Comuna 10,207010,17,2025,8,10398
Argentina,Ciudad Autonoma de Buenos Aires,Comuna 10,207011,17,2025,10,8554
Argentina,Ciudad Autonoma de Buenos Aires,Comuna 10,207012,17,2025,5,6677
Argentina,Ciudad Autonoma de Buenos Aires,Comuna 10,207013,17,2025,10,8285
Argentina,Ciudad Autonoma de Buenos Aires,Comuna 10,207014,17,2025,8,9092
Argentina,Ciudad Autonoma de Buenos Aires,Comuna 10,207015,17,2025,6,7248
Argentina,Ciudad Autonoma de Buenos Aires,Comuna 10,207016,17,2025,13,8724
Argentina,Ciudad Autonoma de Buenos Aires,Comuna 10,207017,17,2025,9,9635
Argentina,Ciudad Autonoma de Buenos Aires,Comuna 10,207018,17,2025,11,8682
Argentina,Ciudad Autonoma de Buenos Aires,Comuna 10,207019,17,2025,19,11217
Argentina,Ciudad Autonoma de Buenos Aires,Comuna 11,207701,17,2025,6,11069
Argentina,Ciudad Autonoma de Buenos Aires,Comuna 11,207702,17,2025,16,10205
Argentina,Ciudad Autonoma de Buenos Aires,Comuna 11,207703,17,2025,8,9103
Argentina,Ciudad Autonoma de Buenos Aires,Comuna 11,207704,17,2025,11,10387
Argentina,Ciudad Autonoma de Buenos Aires,Comuna 11,207705,17,2025,9,7955
Argentina,Ciudad Autonoma de Buenos Aires,Comuna 11,207706,17,2025,15,11455
Argentina,Ciudad Autonoma de Buenos Aires,Comuna 11,207707,17,2025,9,11428
Argentina,Ciudad Autonoma de Buenos Aires,Comuna 11,207708,17,2025,10,8072
Argentina,Ciudad Autonoma de Buenos Aires,Comuna 11,207709,17,2025,6,9257
Argentina,Ciudad Autonoma de Buenos Aires,Comuna 11,207710,17,2025,14,11259
Argentina,Ciudad Autonoma de Buenos Aires,Comuna 11,207711,17,2025,2,8065
Argentina,Ciudad Autonoma de Buenos Aires,Comuna 11,207712,17,2025,16,8059
Argentina,Ciudad Autonoma de Buenos Aires,Comuna 11,207713,17,2025,13,9254
Argentina,Ciudad Autonoma de Buenos Aires,Comuna 11,207714,17,2025,4,7270
Argentina,Ciudad Autonoma de Buenos Aires,Comuna 11,207715,17,2025,9,10022
Argentina,Ciudad Autonoma de Buenos Aires,Comuna 11,207716,17,2025,8,9462
Argentina,Ciudad Autonoma de Buenos Aires,Comuna 11,207717,17,2025,8,6323
Argentina,Ciudad Autonoma de Buenos Aires,Comuna 11,207718,17,2025,6,9010
Argentina,Ciudad Autonoma de Buenos Aires,Comuna 11,207719,17,2025,7,7194
Argentina,Ciudad Autonoma de Buenos Aires,Comuna 11,207720,17,2025,9,9079
Argentina,Ciudad Autonoma de Buenos Aires,Comuna 11,207721,17,2025,7,9075
Argentina,Ciudad Autonoma de Buenos Aires,Comuna 11,207722,17,2025,7,8902
Argentina,Ciudad Autonoma de Buenos Aires,Comuna 12,208401,17,2025,22,9341
Argentina,Ciudad Autonoma de Buenos Aires,Comuna 12,208402,17,2025,30,8793
Argentina,Ciudad Autonoma de Buenos Aires,Comuna 12,208403,17,2025,31,9271
Argentina,Ciudad Autonoma de Buenos Aires,Comuna 12,208404,17,2025,26,8702
Argentina,Ciudad Autonoma de Buenos Aires,Comuna 12,208405,17,2025,34,8415
Argentina,Ciudad Autonoma de Buenos Aires,Comuna 12,208406,17,2025,27,9143
Argentina,Ciudad Autonoma de Buenos Aires,Comuna 12,208407,17,2025,29,10293
Argentina,Ciudad Autonoma de Buenos Aires,Comuna 12,208408,17,2025,32,10510
Argentina,Ciudad Autonoma de Buenos Aires,Comuna 12,208409,17,2025,28,8365
Argentina,Ciudad Autonoma de Buenos Aires,Comuna 12,208410,17,2025,29,11926
Argentina,Ciudad Autonoma de Buenos Aires,Comuna 12,208411,17,2025,29,10276
Argentina,Ciudad Autonoma de Buenos Aires,Comuna 12,208412,17,2025,24,8291
Argentina,Ciudad Autonoma de Buenos Aires,Comuna 12,208413,17,2025,33,9891
Argentina,Ciudad Autonoma de Buenos Aires,Comuna 12,208414,17,2025,45,12202
Argentina,Ciudad Autonoma de Buenos Aires,Comuna 12,208415,17,2025,49,13785
Argentina,Ciudad Autonoma de Buenos Aires,Comuna 12,208416,17,2025,51,16395
Argentina,Ciudad Autonoma de Buenos Aires,Comuna 12,208417,17,2025,22,9935
Argentina,Ciudad Autonoma de Buenos Aires,Comuna 12,208418,17,2025,53,13227
Argentina,Ciudad Autonoma de Buenos Aires,Comuna 12,208419,17,2025,27,12268
Argentina,Ciudad Autonoma de Buenos Aires,Comuna 12,208420,17,2025,31,9926
Argentina,Ciudad Autonoma de Buenos Aires,Comuna 12,208421,17,2025,35,11426
Argentina,Ciudad Autonoma de Buenos Aires,Comuna 12,208422,17,2025,40,12983
Argentina,Ciudad Autonoma de Buenos Aires,Comuna 13,209101,17,2025,15,11656
Argentina,Ciudad Autonoma de Buenos Aires,Comuna 13,209102,17,2025,12,10984
Argentina,Ciudad Autonoma de Buenos Aires,Comuna 13,209103,17,2025,7,10868
Argentina,Ciudad Autonoma de Buenos Aires,Comuna 13,209104,17,2025,11,13113
Argentina,Ciudad Autonoma de Buenos Aires,Comuna 13,209105,17,2025,10,10421
Argentina,Ciudad Autonoma de Buenos Aires,Comuna 13,209106,17,2025,9,7917
Argentina,Ciudad Autonoma de Buenos Aires,Comuna 13,209107,17,2025,3,8294
Argentina,Ciudad Autonoma de Buenos Aires,Comuna 13,209108,17,2025,8,9153
Argentina,Ciudad Autonoma de Buenos Aires,Comuna 13,209109,17,2025,10,8207
Argentina,Ciudad Autonoma de Buenos Aires,Comuna 13,209110,17,2025,8,10807
Argentina,Ciudad Autonoma de Buenos Aires,Comuna 13,209111,17,2025,3,4808
Argentina,Ciudad Autonoma de Buenos Aires,Comuna 13,209112,17,2025,10,8591
Argentina,Ciudad Autonoma de Buenos Aires,Comuna 13,209113,17,2025,9,10772
Argentina,Ciudad Autonoma de Buenos Aires,Comuna 13,209114,17,2025,6,7311
Argentina,Ciudad Autonoma de Buenos Aires,Comuna 13,209115,17,2025,11,9651
Argentina,Ciudad Autonoma de Buenos Aires,Comuna 13,209116,17,2025,9,10427
Argentina,Ciudad Autonoma de Buenos Aires,Comuna 13,209117,17,2025,14,11221
Argentina,Ciudad Autonoma de Buenos Aires,Comuna 13,209118,17,2025,8,8113
Argentina,Ciudad Autonoma de Buenos Aires,Comuna 13,209119,17,2025,7,8504
Argentina,Ciudad Autonoma de Buenos Aires,Comuna 13,209120,17,2025,5,9333
Argentina,Ciudad Autonoma de Buenos Aires,Comuna 13,209121,17,2025,9,8521
Argentina,Ciudad Autonoma de Buenos Aires,Comuna 13,209122,17,2025,13,8416
Argentina,Ciudad Autonoma de Buenos Aires,Comuna 13,209123,17,2025,15,9675
Argentina,Ciudad Autonoma de Buenos Aires,Comuna 13,209124,17,2025,10,7611
Argentina,Ciudad Autonoma de Buenos Aires,Comuna 13,209125,17,2025,8,6503
Argentina,Ciudad Autonoma de Buenos Aires,Comuna 13,209126,17,2025,8,8070
Argentina,Ciudad Autonoma de Buenos Aires,Comuna 13,209127,17,2025,8,7860
Argentina,Ciudad Autonoma de Buenos Aires,Comuna 13,209128,17,2025,10,7714
Argentina,Ciudad Autonoma de Buenos Aires,Comuna 13,209129,17,2025,9,7809
Argentina,Ciudad Autonoma de Buenos Aires,Comuna 14,209801,17,2025,7,8008
Argentina,Ciudad Autonoma de Buenos Aires,Comuna 14,209802,17,2025,6,8651
Argentina,Ciudad Autonoma de Buenos Aires,Comuna 14,209803,17,2025,9,9921
Argentina,Ciudad Autonoma de Buenos Aires,Comuna 14,209804,17,2025,7,9128
Argentina,Ciudad Autonoma de Buenos Aires,Comuna 14,209805,17,2025,4,7958
Argentina,Ciudad Autonoma de Buenos Aires,Comuna 14,209806,17,2025,6,9397
Argentina,Ciudad Autonoma de Buenos Aires,Comuna 14,209807,17,2025,7,9307
Argentina,Ciudad Autonoma de Buenos Aires,Comuna 14,209808,17,2025,6,8700
Argentina,Ciudad Autonoma de Buenos Aires,Comuna 14,209809,17,2025,10,12492
Argentina,Ciudad Autonoma de Buenos Aires,Comuna 14,209810,17,2025,0,190
Argentina,Ciudad Autonoma de Buenos Aires,Comuna 14,209811,17,2025,12,12051
Argentina,Ciudad Autonoma de Buenos Aires,Comuna 14,209812,17,2025,6,7962
Argentina,Ciudad Autonoma de Buenos Aires,Comuna 14,209813,17,2025,7,7376
Argentina,Ciudad Autonoma de Buenos Aires,Comuna 14,209814,17,2025,8,7484
Argentina,Ciudad Autonoma de Buenos Aires,Comuna 14,209815,17,2025,11,8094
Argentina,Ciudad Autonoma de Buenos Aires,Comuna 14,209816,17,2025,9,6773
Argentina,Ciudad Autonoma de Buenos Aires,Comuna 14,209817,17,2025,6,7231
Argentina,Ciudad Autonoma de Buenos Aires,Comuna 14,209818,17,2025,5,6981
Argentina,Ciudad Autonoma de Buenos Aires,Comuna 14,209819,17,2025,11,5589
Argentina,Ciudad Autonoma de Buenos Aires,Comuna 14,209820,17,2025,8,6758
Argentina,Ciudad Autonoma de Buenos Aires,Comuna 14,209821,17,2025,8,7312
Argentina,Ciudad Autonoma de Buenos Aires,Comuna 14,209822,17,2025,9,8363
Argentina,Ciudad Autonoma de Buenos Aires,Comuna 14,209823,17,2025,13,11012
Argentina,Ciudad Autonoma de Buenos Aires,Comuna 14,209824,17,2025,7,6199
Argentina,Ciudad Autonoma de Buenos Aires,Comuna 14,209825,17,2025,8,7637
Argentina,Ciudad Autonoma de Buenos Aires,Comuna 14,209826,17,2025,12,6558
Argentina,Ciudad Autonoma de Buenos Aires,Comuna 14,209827,17,2025,6,6199
Argentina,Ciudad Autonoma de Buenos Aires,Comuna 14,209828,17,2025,17,9243
Argentina,Ciudad Autonoma de Buenos Aires,Comuna 14,209829,17,2025,8,8453
Argentina,Ciudad Autonoma de Buenos Aires,Comuna 14,209830,17,2025,11,8109
Argentina,Ciudad Autonoma de Buenos Aires,Comuna 14,209831,17,2025,7,8116
Argentina,Ciudad Autonoma de Buenos Aires,Comuna 15,210501,17,2025,9,9594
Argentina,Ciudad Autonoma de Buenos Aires,Comuna 15,210502,17,2025,11,6548
Argentina,Ciudad Autonoma de Buenos Aires,Comuna 15,210503,17,2025,12,10235
Argentina,Ciudad Autonoma de Buenos Aires,Comuna 15,210504,17,2025,14,12235
Argentina,Ciudad Autonoma de Buenos Aires,Comuna 15,210505,17,2025,11,12207
Argentina,Ciudad Autonoma de Buenos Aires,Comuna 15,210506,17,2025,1,4156
Argentina,Ciudad Autonoma de Buenos Aires,Comuna 15,210507,17,2025,8,12285
Argentina,Ciudad Autonoma de Buenos Aires,Comuna 15,210508,17,2025,9,8807
Argentina,Ciudad Autonoma de Buenos Aires,Comuna 15,210509,17,2025,8,8645
Argentina,Ciudad Autonoma de Buenos Aires,Comuna 15,210510,17,2025,10,10813
Argentina,Ciudad Autonoma de Buenos Aires,Comuna 15,210511,17,2025,12,11863
Argentina,Ciudad Autonoma de Buenos Aires,Comuna 15,210512,17,2025,3,7208
Argentina,Ciudad Autonoma de Buenos Aires,Comuna 15,210513,17,2025,8,7242
Argentina,Ciudad Autonoma de Buenos Aires,Comuna 15,210514,17,2025,5,9564
Argentina,Ciudad Autonoma de Buenos Aires,Comuna 15,210515,17,2025,11,9091
Argentina,Ciudad Autonoma de Buenos Aires,Comuna 15,210516,17,2025,7,8911
Argentina,Ciudad Autonoma de Buenos Aires,Comuna 15,210517,17,2025,9,8753
Argentina,Ciudad Autonoma de Buenos Aires,Comuna 15,210518,17,2025,6,8161
Argentina,Ciudad Autonoma de Buenos Aires,Comuna 15,210519,17,2025,10,8739
Argentina,Ciudad Autonoma de Buenos Aires,Comuna 15,210520,17,2025,11,8787
Argentina,Ciudad Autonoma de Buenos Aires,Comuna 15,210521,17,2025,9,11421
Argentina,Ciudad Autonoma de Buenos Aires,Comuna 2,201401,17,2025,0,554
Argentina,Ciudad Autonoma de Buenos Aires,Comuna 2,201402,17,2025,5,5022
Argentina,Ciudad Autonoma de Buenos Aires,Comuna 2,201403,17,2025,7,5681
Argentina,Ciudad Autonoma de Buenos Aires,Comuna 2,201404,17,2025,5,6670
Argentina,Ciudad Autonoma de Buenos Aires,Comuna 2,201405,17,2025,5,6654
Argentina,Ciudad Autonoma de Buenos Aires,Comuna 2,201406,17,2025,5,6504
Argentina,Ciudad Autonoma de Buenos Aires,Comuna 2,201407,17,2025,9,7631
Argentina,Ciudad Autonoma de Buenos Aires,Comuna 2,201408,17,2025,9,9285
Argentina,Ciudad Autonoma de Buenos Aires,Comuna 2,201409,17,2025,9,8985
Argentina,Ciudad Autonoma de Buenos Aires,Comuna 2,201410,17,2025,6,7067
Argentina,Ciudad Autonoma de Buenos Aires,Comuna 2,201411,17,2025,1,5593
Argentina,Ciudad Autonoma de Buenos Aires,Comuna 2,201412,17,2025,5,5734
Argentina,Ciudad Autonoma de Buenos Aires,Comuna 2,201413,17,2025,7,7043
Argentina,Ciudad Autonoma de Buenos Aires,Comuna 2,201414,17,2025,8,8370
Argentina,Ciudad Autonoma de Buenos Aires,Comuna 2,201415,17,2025,6,6053
Argentina,Ciudad Autonoma de Buenos Aires,Comuna 2,201416,17,2025,7,5917
Argentina,Ciudad Autonoma de Buenos Aires,Comuna 2,201417,17,2025,9,7963
Argentina,Ciudad Autonoma de Buenos Aires,Comuna 2,201418,17,2025,7,6383
Argentina,Ciudad Autonoma de Buenos Aires,Comuna 2,201419,17,2025,6,6436
Argentina,Ciudad Autonoma de Buenos Aires,Comuna 2,201420,17,2025,8,7134
Argentina,Ciudad Autonoma de Buenos Aires,Comuna 2,201421,17,2025,2,5726
Argentina,Ciudad Autonoma de Buenos Aires,Comuna 2,201422,17,2025,4,5002
Argentina,Ciudad Autonoma de Buenos Aires,Comuna 2,201423,17,2025,7,5517
Argentina,Ciudad Autonoma de Buenos Aires,Comuna 2,201424,17,2025,6,5483
Argentina,Ciudad Autonoma de Buenos Aires,Comuna 2,201425,17,2025,6,8202
Argentina,Ciudad Autonoma de Buenos Aires,Comuna 5,203501,17,2025,9,9107
Argentina,Ciudad Autonoma de Buenos Aires,Comuna 5,203502,17,2025,5,8659
Argentina,Ciudad Autonoma de Buenos Aires,Comuna 5,203503,17,2025,9,9246
Argentina,Ciudad Autonoma de Buenos Aires,Comuna 5,203504,17,2025,8,8180
Argentina,Ciudad Autonoma de Buenos Aires,Comuna 5,203505,17,2025,4,6557
Argentina,Ciudad Autonoma de Buenos Aires,Comuna 5,203506,17,2025,9,7989
Argentina,Ciudad Autonoma de Buenos Aires,Comuna 5,203507,17,2025,8,7616
Argentina,Ciudad Autonoma de Buenos Aires,Comuna 5,203508,17,2025,7,8744
Argentina,Ciudad Autonoma de Buenos Aires,Comuna 5,203509,17,2025,7,7892
Argentina,Ciudad Autonoma de Buenos Aires,Comuna 5,203510,17,2025,15,8718
Argentina,Ciudad Autonoma de Buenos Aires,Comuna 5,203511,17,2025,11,9263
Argentina,Ciudad Autonoma de Buenos Aires,Comuna 5,203512,17,2025,3,7201
Argentina,Ciudad Autonoma de Buenos Aires,Comuna 5,203513,17,2025,6,7410
Argentina,Ciudad Autonoma de Buenos Aires,Comuna 5,203514,17,2025,5,8821
Argentina,Ciudad Autonoma de Buenos Aires,Comuna 5,203515,17,2025,9,7651
Argentina,Ciudad Autonoma de Buenos Aires,Comuna 5,203516,17,2025,11,10461
Argentina,Ciudad Autonoma de Buenos Aires,Comuna 5,203517,17,2025,10,9254
Argentina,Ciudad Autonoma de Buenos Aires,Comuna 5,203518,17,2025,7,9162
Argentina,Ciudad Autonoma de Buenos Aires,Comuna 5,203519,17,2025,15,9340
Argentina,Ciudad Autonoma de Buenos Aires,Comuna 5,203520,17,2025,11,11091
Argentina,Ciudad Autonoma de Buenos Aires,Comuna 5,203521,17,2025,16,8855
Argentina,Ciudad Autonoma de Buenos Aires,Comuna 5,203522,17,2025,9,11232
Argentina,Ciudad Autonoma de Buenos Aires,Comuna 6,204201,17,2025,10,9911
Argentina,Ciudad Autonoma de Buenos Aires,Comuna 6,204202,17,2025,9,10787
Argentina,Ciudad Autonoma de Buenos Aires,Comuna 6,204203,17,2025,10,8899
Argentina,Ciudad Autonoma de Buenos Aires,Comuna 6,204204,17,2025,10,11727
Argentina,Ciudad Autonoma de Buenos Aires,Comuna 6,204205,17,2025,14,10329
Argentina,Ciudad Autonoma de Buenos Aires,Comuna 6,204206,17,2025,15,10367
Argentina,Ciudad Autonoma de Buenos Aires,Comuna 6,204207,17,2025,9,12185
Argentina,Ciudad Autonoma de Buenos Aires,Comuna 6,204208,17,2025,7,9497
Argentina,Ciudad Autonoma de Buenos Aires,Comuna 6,204209,17,2025,5,7356
Argentina,Ciudad Autonoma de Buenos Aires,Comuna 6,204210,17,2025,9,8697
Argentina,Ciudad Autonoma de Buenos Aires,Comuna 6,204211,17,2025,8,9646
Argentina,Ciudad Autonoma de Buenos Aires,Comuna 6,204212,17,2025,7,7926
Argentina,Ciudad Autonoma de Buenos Aires,Comuna 6,204213,17,2025,8,10037
Argentina,Ciudad Autonoma de Buenos Aires,Comuna 6,204214,17,2025,15,9669
Argentina,Ciudad Autonoma de Buenos Aires,Comuna 6,204215,17,2025,12,9168
Argentina,Ciudad Autonoma de Buenos Aires,Comuna 6,204216,17,2025,13,12982
Argentina,Ciudad Autonoma de Buenos Aires,Comuna 6,204217,17,2025,13,7259
Argentina,Ciudad Autonoma de Buenos Aires,Comuna 6,204218,17,2025,6,8066
Argentina,Ciudad Autonoma de Buenos Aires,Comuna 6,204219,17,2025,6,7952
Argentina,Ciudad Autonoma de Buenos Aires,Comuna 6,204220,17,2025,14,8895
Argentina,Ciudad Autonoma de Buenos Aires,Comuna 6,204221,17,2025,8,10409
Argentina,Ciudad Autonoma de Buenos Aires,Comuna 7,204901,17,2025,8,6665
Argentina,Ciudad Autonoma de Buenos Aires,Comuna 7,204902,17,2025,7,8593
Argentina,Ciudad Autonoma de Buenos Aires,Comuna 7,204903,17,2025,11,10871
Argentina,Ciudad Autonoma de Buenos Aires,Comuna 7,204904,17,2025,10,9795
Argentina,Ciudad Autonoma de Buenos Aires,Comuna 7,204905,17,2025,11,8999
Argentina,Ciudad Autonoma de Buenos Aires,Comuna 7,204906,17,2025,6,7524
Argentina,Ciudad Autonoma de Buenos Aires,Comuna 7,204907,17,2025,10,9257
Argentina,Ciudad Autonoma de Buenos Aires,Comuna 7,204908,17,2025,6,7685
Argentina,Ciudad Autonoma de Buenos Aires,Comuna 7,204909,17,2025,10,9705
Argentina,Ciudad Autonoma de Buenos Aires,Comuna 7,204910,17,2025,6,8735
Argentina,Ciudad Autonoma de Buenos Aires,Comuna 7,204911,17,2025,16,10501
Argentina,Ciudad Autonoma de Buenos Aires,Comuna 7,204912,17,2025,6,7467
Argentina,Ciudad Autonoma de Buenos Aires,Comuna 7,204913,17,2025,13,11414
Argentina,Ciudad Autonoma de Buenos Aires,Comuna 7,204914,17,2025,10,11132
Argentina,Ciudad Autonoma de Buenos Aires,Comuna 7,204915,17,2025,6,9647
Argentina,Ciudad Autonoma de Buenos Aires,Comuna 7,204916,17,2025,11,8094
Argentina,Ciudad Autonoma de Buenos Aires,Comuna 7,204917,17,2025,6,2971
Argentina,Ciudad Autonoma de Buenos Aires,Comuna 7,204918,17,2025,4,3398
Argentina,Ciudad Autonoma de Buenos Aires,Comuna 7,204919,17,2025,5,6454
Argentina,Ciudad Autonoma de Buenos Aires,Comuna 7,204920,17,2025,15,12736
Argentina,Ciudad Autonoma de Buenos Aires,Comuna 7,204921,17,2025,11,11351
Argentina,Ciudad Autonoma de Buenos Aires,Comuna 7,204922,17,2025,15,11303
Argentina,Ciudad Autonoma de Buenos Aires,Comuna 7,204923,17,2025,6,7839
Argentina,Ciudad Autonoma de Buenos Aires,Comuna 7,204924,17,2025,16,11126
Argentina,Ciudad Autonoma de Buenos Aires,Comuna 10,207001,18,2025,8,6651
Argentina,Ciudad Autonoma de Buenos Aires,Comuna 10,207002,18,2025,4,7094
Argentina,Ciudad Autonoma de Buenos Aires,Comuna 10,207003,18,2025,7,6682
Argentina,Ciudad Autonoma de Buenos Aires,Comuna 10,207004,18,2025,9,9342
Argentina,Ciudad Autonoma de Buenos Aires,Comuna 10,207005,18,2025,10,11787
Argentina,Ciudad Autonoma de Buenos Aires,Comuna 10,207006,18,2025,18,12408
Argentina,Ciudad Autonoma de Buenos Aires,Comuna 10,207007,18,2025,11,11630
Argentina,Ciudad Autonoma de Buenos Aires,Comuna 10,207008,18,2025,11,9038
Argentina,Ciudad Autonoma de Buenos Aires,Comuna 10,207009,18,2025,8,8752
Argentina,Ciudad Autonoma de Buenos Aires,Comuna 10,207010,18,2025,5,10398
Argentina,Ciudad Autonoma de Buenos Aires,Comuna 10,207011,18,2025,9,8554
Argentina,Ciudad Autonoma de Buenos Aires,Comuna 10,207012,18,2025,6,6677
Argentina,Ciudad Autonoma de Buenos Aires,Comuna 10,207013,18,2025,10,8285
Argentina,Ciudad Autonoma de Buenos Aires,Comuna 10,207014,18,2025,18,9092
Argentina,Ciudad Autonoma de Buenos Aires,Comuna 10,207015,18,2025,6,7248
Argentina,Ciudad Autonoma de Buenos Aires,Comuna 10,207016,18,2025,7,8724
Argentina,Ciudad Autonoma de Buenos Aires,Comuna 10,207017,18,2025,10,9635
Argentina,Ciudad Autonoma de Buenos Aires,Comuna 10,207018,18,2025,8,8682
Argentina,Ciudad Autonoma de Buenos Aires,Comuna 10,207019,18,2025,8,11217
Argentina,Ciudad Autonoma de Buenos Aires,Comuna 11,207701,18,2025,8,11069
Argentina,Ciudad Autonoma de Buenos Aires,Comuna 11,207702,18,2025,9,10205
Argentina,Ciudad Autonoma de Buenos Aires,Comuna 11,207703,18,2025,11,9103
Argentina,Ciudad Autonoma de Buenos Aires,Comuna 11,207704,18,2025,6,10387
Argentina,Ciudad Autonoma de Buenos Aires,Comuna 11,207705,18,2025,9,7955
Argentina,Ciudad Autonoma de Buenos Aires,Comuna 11,207706,18,2025,10,11455
Argentina,Ciudad Autonoma de Buenos Aires,Comuna 11,207707,18,2025,10,11428
Argentina,Ciudad Autonoma de Buenos Aires,Comuna 11,207708,18,2025,10,8072
Argentina,Ciudad Autonoma de Buenos Aires,Comuna 11,207709,18,2025,7,9257
Argentina,Ciudad Autonoma de Buenos Aires,Comuna 11,207710,18,2025,18,11259
Argentina,Ciudad Autonoma de Buenos Aires,Comuna 11,207711,18,2025,12,8065
Argentina,Ciudad Autonoma de Buenos Aires,Comuna 11,207712,18,2025,11,8059
Argentina,Ciudad Autonoma de Buenos Aires,Comuna 11,207713,18,2025,9,9254
Argentina,Ciudad Autonoma de Buenos Aires,Comuna 11,207714,18,2025,7,7270
Argentina,Ciudad Autonoma de Buenos Aires,Comuna 11,207715,18,2025,8,10022
Argentina,Ciudad Autonoma de Buenos Aires,Comuna 11,207716,18,2025,11,9462
Argentina,Ciudad Autonoma de Buenos Aires,Comuna 11,207717,18,2025,2,6323
Argentina,Ciudad Autonoma de Buenos Aires,Comuna 11,207718,18,2025,6,9010
Argentina,Ciudad Autonoma de Buenos Aires,Comuna 11,207719,18,2025,11,7194
Argentina,Ciudad Autonoma de Buenos Aires,Comuna 11,207720,18,2025,9,9079
Argentina,Ciudad Autonoma de Buenos Aires,Comuna 11,207721,18,2025,6,9075
Argentina,Ciudad Autonoma de Buenos Aires,Comuna 11,207722,18,2025,11,8902
Argentina,Ciudad Autonoma de Buenos Aires,Comuna 12,208401,18,2025,34,9341
Argentina,Ciudad Autonoma de Buenos Aires,Comuna 12,208402,18,2025,27,8793
Argentina,Ciudad Autonoma de Buenos Aires,Comuna 12,208403,18,2025,26,9271
Argentina,Ciudad Autonoma de Buenos Aires,Comuna 12,208404,18,2025,23,8702
Argentina,Ciudad Autonoma de Buenos Aires,Comuna 12,208405,18,2025,29,8415
Argentina,Ciudad Autonoma de Buenos Aires,Comuna 12,208406,18,2025,25,9143
Argentina,Ciudad Autonoma de Buenos Aires,Comuna 12,208407,18,2025,20,10293
Argentina,Ciudad Autonoma de Buenos Aires,Comuna 12,208408,18,2025,28,10510
Argentina,Ciudad Autonoma de Buenos Aires,Comuna 12,208409,18,2025,17,8365
Argentina,Ciudad Autonoma de Buenos Aires,Comuna 12,208410,18,2025,45,11926
Argentina,Ciudad Autonoma de Buenos Aires,Comuna 12,208411,18,2025,23,10276
Argentina,Ciudad Autonoma de Buenos Aires,Comuna 12,208412,18,2025,29,8291
Argentina,Ciudad Autonoma de Buenos Aires,Comuna 12,208413,18,2025,31,9891
Argentina,Ciudad Autonoma de Buenos Aires,Comuna 12,208414,18,2025,35,12202
Argentina,Ciudad Autonoma de Buenos Aires,Comuna 12,208415,18,2025,27,13785
Argentina,Ciudad Autonoma de Buenos Aires,Comuna 12,208416,18,2025,42,16395
Argentina,Ciudad Autonoma de Buenos Aires,Comuna 12,208417,18,2025,36,9935
Argentina,Ciudad Autonoma de Buenos Aires,Comuna 12,208418,18,2025,42,13227
Argentina,Ciudad Autonoma de Buenos Aires,Comuna 12,208419,18,2025,31,12268
Argentina,Ciudad Autonoma de Buenos Aires,Comuna 12,208420,18,2025,24,9926
Argentina,Ciudad Autonoma de Buenos Aires,Comuna 12,208421,18,2025,38,11426
Argentina,Ciudad Autonoma de Buenos Aires,Comuna 12,208422,18,2025,32,12983
Argentina,Ciudad Autonoma de Buenos Aires,Comuna 13,209101,18,2025,22,11656
Argentina,Ciudad Autonoma de Buenos Aires,Comuna 13,209102,18,2025,21,10984
Argentina,Ciudad Autonoma de Buenos Aires,Comuna 13,209103,18,2025,33,10868
Argentina,Ciudad Autonoma de Buenos Aires,Comuna 13,209104,18,2025,31,13113
Argentina,Ciudad Autonoma de Buenos Aires,Comuna 13,209105,18,2025,22,10421
Argentina,Ciudad Autonoma de Buenos Aires,Comuna 13,209106,18,2025,19,7917
Argentina,Ciudad Autonoma de Buenos Aires,Comuna 13,209107,18,2025,21,8294
Argentina,Ciudad Autonoma de Buenos Aires,Comuna 13,209108,18,2025,16,9153
Argentina,Ciudad Autonoma de Buenos Aires,Comuna 13,209109,18,2025,22,8207
Argentina,Ciudad Autonoma de Buenos Aires,Comuna 13,209110,18,2025,24,10807
Argentina,Ciudad Autonoma de Buenos Aires,Comuna 13,209111,18,2025,9,4808
Argentina,Ciudad Autonoma de Buenos Aires,Comuna 13,209112,18,2025,22,8591
Argentina,Ciudad Autonoma de Buenos Aires,Comuna 13,209113,18,2025,21,10772
Argentina,Ciudad Autonoma de Buenos Aires,Comuna 13,209114,18,2025,20,7311
Argentina,Ciudad Autonoma de Buenos Aires,Comuna 13,209115,18,2025,14,9651
Argentina,Ciudad Autonoma de Buenos Aires,Comuna 13,209116,18,2025,21,10427
Argentina,Ciudad Autonoma de Buenos Aires,Comuna 13,209117,18,2025,18,11221
Argentina,Ciudad Autonoma de Buenos Aires,Comuna 13,209118,18,2025,18,8113
Argentina,Ciudad Autonoma de Buenos Aires,Comuna 13,209119,18,2025,23,8504
Argentina,Ciudad Autonoma de Buenos Aires,Comuna 13,209120,18,2025,10,9333
Argentina,Ciudad Autonoma de Buenos Aires,Comuna 13,209121,18,2025,15,8521
Argentina,Ciudad Autonoma de Buenos Aires,Comuna 13,209122,18,2025,22,8416
Argentina,Ciudad Autonoma de Buenos Aires,Comuna 13,209123,18,2025,17,9675
Argentina,Ciudad Autonoma de Buenos Aires,Comuna 13,209124,18,2025,17,7611
Argentina,Ciudad Autonoma de Buenos Aires,Comuna 13,209125,18,2025,19,6503
Argentina,Ciudad Autonoma de Buenos Aires,Comuna 13,209126,18,2025,16,8070
Argentina,Ciudad Autonoma de Buenos Aires,Comuna 13,209127,18,2025,18,7860
Argentina,Ciudad Autonoma de Buenos Aires,Comuna 13,209128,18,2025,10,7714
Argentina,Ciudad Autonoma de Buenos Aires,Comuna 13,209129,18,2025,12,7809
Argentina,Ciudad Autonoma de Buenos Aires,Comuna 14,209801,18,2025,7,8008
Argentina,Ciudad Autonoma de Buenos Aires,Comuna 14,209802,18,2025,6,8651
Argentina,Ciudad Autonoma de Buenos Aires,Comuna 14,209803,18,2025,14,9921
Argentina,Ciudad Autonoma de Buenos Aires,Comuna 14,209804,18,2025,10,9128
Argentina,Ciudad Autonoma de Buenos Aires,Comuna 14,209805,18,2025,11,7958
Argentina,Ciudad Autonoma de Buenos Aires,Comuna 14,209806,18,2025,14,9397
Argentina,Ciudad Autonoma de Buenos Aires,Comuna 14,209807,18,2025,9,9307
Argentina,Ciudad Autonoma de Buenos Aires,Comuna 14,209808,18,2025,8,8700
Argentina,Ciudad Autonoma de Buenos Aires,Comuna 14,209809,18,2025,13,12492
Argentina,Ciudad Autonoma de Buenos Aires,Comuna 14,209810,18,2025,0,190
Argentina,Ciudad Autonoma de Buenos Aires,Comuna 14,209811,18,2025,8,12051
Argentina,Ciudad Autonoma de Buenos Aires,Comuna 14,209812,18,2025,5,7962
Argentina,Ciudad Autonoma de Buenos Aires,Comuna 14,209813,18,2025,6,7376
Argentina,Ciudad Autonoma de Buenos Aires,Comuna 14,209814,18,2025,7,7484
Argentina,Ciudad Autonoma de Buenos Aires,Comuna 14,209815,18,2025,3,8094
Argentina,Ciudad Autonoma de Buenos Aires,Comuna 14,209816,18,2025,12,6773
Argentina,Ciudad Autonoma de Buenos Aires,Comuna 14,209817,18,2025,5,7231
Argentina,Ciudad Autonoma de Buenos Aires,Comuna 14,209818,18,2025,5,6981
Argentina,Ciudad Autonoma de Buenos Aires,Comuna 14,209819,18,2025,5,5589
Argentina,Ciudad Autonoma de Buenos Aires,Comuna 14,209820,18,2025,6,6758
Argentina,Ciudad Autonoma de Buenos Aires,Comuna 14,209821,18,2025,9,7312
Argentina,Ciudad Autonoma de Buenos Aires,Comuna 14,209822,18,2025,9,8363
Argentina,Ciudad Autonoma de Buenos Aires,Comuna 14,209823,18,2025,13,11012
Argentina,Ciudad Autonoma de Buenos Aires,Comuna 14,209824,18,2025,11,6199
Argentina,Ciudad Autonoma de Buenos Aires,Comuna 14,209825,18,2025,14,7637
Argentina,Ciudad Autonoma de Buenos Aires,Comuna 14,209826,18,2025,2,6558
Argentina,Ciudad Autonoma de Buenos Aires,Comuna 14,209827,18,2025,9,6199
Argentina,Ciudad Autonoma de Buenos Aires,Comuna 14,209828,18,2025,6,9243
Argentina,Ciudad Autonoma de Buenos Aires,Comuna 14,209829,18,2025,8,8453
Argentina,Ciudad Autonoma de Buenos Aires,Comuna 14,209830,18,2025,8,8109
Argentina,Ciudad Autonoma de Buenos Aires,Comuna 14,209831,18,2025,9,8116
Argentina,Ciudad Autonoma de Buenos Aires,Comuna 15,210501,18,2025,12,9594
Argentina,Ciudad Autonoma de Buenos Aires,Comuna 15,210502,18,2025,2,6548
Argentina,Ciudad Autonoma de Buenos Aires,Comuna 15,210503,18,2025,9,10235
Argentina,Ciudad Autonoma de Buenos Aires,Comuna 15,210504,18,2025,8,12235
Argentina,Ciudad Autonoma de Buenos Aires,Comuna 15,210505,18,2025,20,12207
Argentina,Ciudad Autonoma de Buenos Aires,Comuna 15,210506,18,2025,1,4156
Argentina,Ciudad Autonoma de Buenos Aires,Comuna 15,210507,18,2025,13,12285
Argentina,Ciudad Autonoma de Buenos Aires,Comuna 15,210508,18,2025,9,8807
Argentina,Ciudad Autonoma de Buenos Aires,Comuna 15,210509,18,2025,8,8645
Argentina,Ciudad Autonoma de Buenos Aires,Comuna 15,210510,18,2025,17,10813
Argentina,Ciudad Autonoma de Buenos Aires,Comuna 15,210511,18,2025,6,11863
Argentina,Ciudad Autonoma de Buenos Aires,Comuna 15,210512,18,2025,8,7208
Argentina,Ciudad Autonoma de Buenos Aires,Comuna 15,210513,18,2025,14,7242
Argentina,Ciudad Autonoma de Buenos Aires,Comuna 15,210514,18,2025,7,9564
Argentina,Ciudad Autonoma de Buenos Aires,Comuna 15,210515,18,2025,5,9091
Argentina,Ciudad Autonoma de Buenos Aires,Comuna 15,210516,18,2025,7,8911
Argentina,Ciudad Autonoma de Buenos Aires,Comuna 15,210517,18,2025,3,8753
Argentina,Ciudad Autonoma de Buenos Aires,Comuna 15,210518,18,2025,7,8161
Argentina,Ciudad Autonoma de Buenos Aires,Comuna 15,210519,18,2025,14,8739
Argentina,Ciudad Autonoma de Buenos Aires,Comuna 15,210520,18,2025,8,8787
Argentina,Ciudad Autonoma de Buenos Aires,Comuna 15,210521,18,2025,9,11421
Argentina,Ciudad Autonoma de Buenos Aires,Comuna 2,201401,18,2025,0,554
Argentina,Ciudad Autonoma de Buenos Aires,Comuna 2,201402,18,2025,2,5022
Argentina,Ciudad Autonoma de Buenos Aires,Comuna 2,201403,18,2025,7,5681
Argentina,Ciudad Autonoma de Buenos Aires,Comuna 2,201404,18,2025,7,6670
Argentina,Ciudad Autonoma de Buenos Aires,Comuna 2,201405,18,2025,5,6654
Argentina,Ciudad Autonoma de Buenos Aires,Comuna 2,201406,18,2025,6,6504
Argentina,Ciudad Autonoma de Buenos Aires,Comuna 2,201407,18,2025,7,7631
Argentina,Ciudad Autonoma de Buenos Aires,Comuna 2,201408,18,2025,7,9285
Argentina,Ciudad Autonoma de Buenos Aires,Comuna 2,201409,18,2025,8,8985
Argentina,Ciudad Autonoma de Buenos Aires,Comuna 2,201410,18,2025,5,7067
Argentina,Ciudad Autonoma de Buenos Aires,Comuna 2,201411,18,2025,12,5593
Argentina,Ciudad Autonoma de Buenos Aires,Comuna 2,201412,18,2025,6,5734
Argentina,Ciudad Autonoma de Buenos Aires,Comuna 2,201413,18,2025,10,7043
Argentina,Ciudad Autonoma de Buenos Aires,Comuna 2,201414,18,2025,9,8370
Argentina,Ciudad Autonoma de Buenos Aires,Comuna 2,201415,18,2025,5,6053
Argentina,Ciudad Autonoma de Buenos Aires,Comuna 2,201416,18,2025,8,5917
Argentina,Ciudad Autonoma de Buenos Aires,Comuna 2,201417,18,2025,7,7963
Argentina,Ciudad Autonoma de Buenos Aires,Comuna 2,201418,18,2025,8,6383
Argentina,Ciudad Autonoma de Buenos Aires,Comuna 2,201419,18,2025,4,6436
Argentina,Ciudad Autonoma de Buenos Aires,Comuna 2,201420,18,2025,8,7134
Argentina,Ciudad Autonoma de Buenos Aires,Comuna 2,201421,18,2025,1,5726
Argentina,Ciudad Autonoma de Buenos Aires,Comuna 2,201422,18,2025,5,5002
Argentina,Ciudad Autonoma de Buenos Aires,Comuna 2,201423,18,2025,5,5517
Argentina,Ciudad Autonoma de Buenos Aires,Comuna 2,201424,18,2025,4,5483
Argentina,Ciudad Autonoma de Buenos Aires,Comuna 2,201425,18,2025,11,8202
Argentina,Ciudad Autonoma de Buenos Aires,Comuna 5,203501,18,2025,11,9107
Argentina,Ciudad Autonoma de Buenos Aires,Comuna 5,203502,18,2025,10,8659
Argentina,Ciudad Autonoma de Buenos Aires,Comuna 5,203503,18,2025,9,9246
Argentina,Ciudad Autonoma de Buenos Aires,Comuna 5,203504,18,2025,5,8180
Argentina,Ciudad Autonoma de Buenos Aires,Comuna 5,203505,18,2025,9,6557
Argentina,Ciudad Autonoma de Buenos Aires,Comuna 5,203506,18,2025,3,7989
Argentina,Ciudad Autonoma de Buenos Aires,Comuna 5,203507,18,2025,8,7616
Argentina,Ciudad Autonoma de Buenos Aires,Comuna 5,203508,18,2025,17,8744
Argentina,Ciudad Autonoma de Buenos Aires,Comuna 5,203509,18,2025,8,7892
Argentina,Ciudad Autonoma de Buenos Aires,Comuna 5,203510,18,2025,9,8718
Argentina,Ciudad Autonoma de Buenos Aires,Comuna 5,203511,18,2025,15,9263
Argentina,Ciudad Autonoma de Buenos Aires,Comuna 5,203512,18,2025,9,7201
Argentina,Ciudad Autonoma de Buenos Aires,Comuna 5,203513,18,2025,11,7410
Argentina,Ciudad Autonoma de Buenos Aires,Comuna 5,203514,18,2025,6,8821
Argentina,Ciudad Autonoma de Buenos Aires,Comuna 5,203515,18,2025,11,7651
Argentina,Ciudad Autonoma de Buenos Aires,Comuna 5,203516,18,2025,13,10461
Argentina,Ciudad Autonoma de Buenos Aires,Comuna 5,203517,18,2025,8,9254
Argentina,Ciudad Autonoma de Buenos Aires,Comuna 5,203518,18,2025,7,9162
Argentina,Ciudad Autonoma de Buenos Aires,Comuna 5,203519,18,2025,11,9340
Argentina,Ciudad Autonoma de Buenos Aires,Comuna 5,203520,18,2025,6,11091
Argentina,Ciudad Autonoma de Buenos Aires,Comuna 5,203521,18,2025,15,8855
Argentina,Ciudad Autonoma de Buenos Aires,Comuna 5,203522,18,2025,19,11232
Argentina,Ciudad Autonoma de Buenos Aires,Comuna 6,204201,18,2025,14,9911
Argentina,Ciudad Autonoma de Buenos Aires,Comuna 6,204202,18,2025,9,10787
Argentina,Ciudad Autonoma de Buenos Aires,Comuna 6,204203,18,2025,10,8899
Argentina,Ciudad Autonoma de Buenos Aires,Comuna 6,204204,18,2025,11,11727
Argentina,Ciudad Autonoma de Buenos Aires,Comuna 6,204205,18,2025,14,10329
Argentina,Ciudad Autonoma de Buenos Aires,Comuna 6,204206,18,2025,12,10367
Argentina,Ciudad Autonoma de Buenos Aires,Comuna 6,204207,18,2025,20,12185
Argentina,Ciudad Autonoma de Buenos Aires,Comuna 6,204208,18,2025,5,9497
Argentina,Ciudad Autonoma de Buenos Aires,Comuna 6,204209,18,2025,7,7356
Argentina,Ciudad Autonoma de Buenos Aires,Comuna 6,204210,18,2025,11,8697
Argentina,Ciudad Autonoma de Buenos Aires,Comuna 6,204211,18,2025,13,9646
Argentina,Ciudad Autonoma de Buenos Aires,Comuna 6,204212,18,2025,6,7926
Argentina,Ciudad Autonoma de Buenos Aires,Comuna 6,204213,18,2025,14,10037
Argentina,Ciudad Autonoma de Buenos Aires,Comuna 6,204214,18,2025,9,9669
Argentina,Ciudad Autonoma de Buenos Aires,Comuna 6,204215,18,2025,9,9168
Argentina,Ciudad Autonoma de Buenos Aires,Comuna 6,204216,18,2025,13,12982
Argentina,Ciudad Autonoma de Buenos Aires,Comuna 6,204217,18,2025,7,7259
Argentina,Ciudad Autonoma de Buenos Aires,Comuna 6,204218,18,2025,9,8066
Argentina,Ciudad Autonoma de Buenos Aires,Comuna 6,204219,18,2025,14,7952
Argentina,Ciudad Autonoma de Buenos Aires,Comuna 6,204220,18,2025,6,8895
Argentina,Ciudad Autonoma de Buenos Aires,Comuna 6,204221,18,2025,10,10409
Argentina,Ciudad Autonoma de Buenos Aires,Comuna 7,204901,18,2025,10,6665
Argentina,Ciudad Autonoma de Buenos Aires,Comuna 7,204902,18,2025,13,8593
Argentina,Ciudad Autonoma de Buenos Aires,Comuna 7,204903,18,2025,9,10871
Argentina,Ciudad Autonoma de Buenos Aires,Comuna 7,204904,18,2025,11,9795
Argentina,Ciudad Autonoma de Buenos Aires,Comuna 7,204905,18,2025,8,8999
Argentina,Ciudad Autonoma de Buenos Aires,Comuna 7,204906,18,2025,6,7524
Argentina,Ciudad Autonoma de Buenos Aires,Comuna 7,204907,18,2025,15,9257
Argentina,Ciudad Autonoma de Buenos Aires,Comuna 7,204908,18,2025,6,7685
Argentina,Ciudad Autonoma de Buenos Aires,Comuna 7,204909,18,2025,8,9705
Argentina,Ciudad Autonoma de Buenos Aires,Comuna 7,204910,18,2025,7,8735
Argentina,Ciudad Autonoma de Buenos Aires,Comuna 7,204911,18,2025,9,10501
Argentina,Ciudad Autonoma de Buenos Aires,Comuna 7,204912,18,2025,9,7467
Argentina,Ciudad Autonoma de Buenos Aires,Comuna 7,204913,18,2025,11,11414
Argentina,Ciudad Autonoma de Buenos Aires,Comuna 7,204914,18,2025,7,11132
Argentina,Ciudad Autonoma de Buenos Aires,Comuna 7,204915,18,2025,12,9647
Argentina,Ciudad Autonoma de Buenos Aires,Comuna 7,204916,18,2025,5,8094
Argentina,Ciudad Autonoma de Buenos Aires,Comuna 7,204917,18,2025,3,2971
Argentina,Ciudad Autonoma de Buenos Aires,Comuna 7,204918,18,2025,2,3398
Argentina,Ciudad Autonoma de Buenos Aires,Comuna 7,204919,18,2025,8,6454
Argentina,Ciudad Autonoma de Buenos Aires,Comuna 7,204920,18,2025,12,12736
Argentina,Ciudad Autonoma de Buenos Aires,Comuna 7,204921,18,2025,14,11351
Argentina,Ciudad Autonoma de Buenos Aires,Comuna 7,204922,18,2025,18,11303
Argentina,Ciudad Autonoma de Buenos Aires,Comuna 7,204923,18,2025,5,7839
Argentina,Ciudad Autonoma de Buenos Aires,Comuna 7,204924,18,2025,12,11126
Argentina,Ciudad Autonoma de Buenos Aires,Comuna 10,207001,19,2025,8,6651
Argentina,Ciudad Autonoma de Buenos Aires,Comuna 10,207002,19,2025,8,7094
Argentina,Ciudad Autonoma de Buenos Aires,Comuna 10,207003,19,2025,15,6682
Argentina,Ciudad Autonoma de Buenos Aires,Comuna 10,207004,19,2025,10,9342
Argentina,Ciudad Autonoma de Buenos Aires,Comuna 10,207005,19,2025,10,11787
Argentina,Ciudad Autonoma de Buenos Aires,Comuna 10,207006,19,2025,20,12408
Argentina,Ciudad Autonoma de Buenos Aires,Comuna 10,207007,19,2025,13,11630
Argentina,Ciudad Autonoma de Buenos Aires,Comuna 10,207008,19,2025,14,9038
Argentina,Ciudad Autonoma de Buenos Aires,Comuna 10,207009,19,2025,8,8752
Argentina,Ciudad Autonoma de Buenos Aires,Comuna 10,207010,19,2025,16,10398
Argentina,Ciudad Autonoma de Buenos Aires,Comuna 10,207011,19,2025,8,8554
Argentina,Ciudad Autonoma de Buenos Aires,Comuna 10,207012,19,2025,5,6677
Argentina,Ciudad Autonoma de Buenos Aires,Comuna 10,207013,19,2025,13,8285
Argentina,Ciudad Autonoma de Buenos Aires,Comuna 10,207014,19,2025,9,9092
Argentina,Ciudad Autonoma de Buenos Aires,Comuna 10,207015,19,2025,5,7248
Argentina,Ciudad Autonoma de Buenos Aires,Comuna 10,207016,19,2025,11,8724
Argentina,Ciudad Autonoma de Buenos Aires,Comuna 10,207017,19,2025,9,9635
Argentina,Ciudad Autonoma de Buenos Aires,Comuna 10,207018,19,2025,17,8682
Argentina,Ciudad Autonoma de Buenos Aires,Comuna 10,207019,19,2025,10,11217
Argentina,Ciudad Autonoma de Buenos Aires,Comuna 11,207701,19,2025,9,11069
Argentina,Ciudad Autonoma de Buenos Aires,Comuna 11,207702,19,2025,8,10205
Argentina,Ciudad Autonoma de Buenos Aires,Comuna 11,207703,19,2025,6,9103
Argentina,Ciudad Autonoma de Buenos Aires,Comuna 11,207704,19,2025,10,10387
Argentina,Ciudad Autonoma de Buenos Aires,Comuna 11,207705,19,2025,10,7955
Argentina,Ciudad Autonoma de Buenos Aires,Comuna 11,207706,19,2025,13,11455
Argentina,Ciudad Autonoma de Buenos Aires,Comuna 11,207707,19,2025,12,11428
Argentina,Ciudad Autonoma de Buenos Aires,Comuna 11,207708,19,2025,9,8072
Argentina,Ciudad Autonoma de Buenos Aires,Comuna 11,207709,19,2025,11,9257
Argentina,Ciudad Autonoma de Buenos Aires,Comuna 11,207710,19,2025,20,11259
Argentina,Ciudad Autonoma de Buenos Aires,Comuna 11,207711,19,2025,7,8065
Argentina,Ciudad Autonoma de Buenos Aires,Comuna 11,207712,19,2025,9,8059
Argentina,Ciudad Autonoma de Buenos Aires,Comuna 11,207713,19,2025,7,9254
Argentina,Ciudad Autonoma de Buenos Aires,Comuna 11,207714,19,2025,4,7270
Argentina,Ciudad Autonoma de Buenos Aires,Comuna 11,207715,19,2025,12,10022
Argentina,Ciudad Autonoma de Buenos Aires,Comuna 11,207716,19,2025,7,9462
Argentina,Ciudad Autonoma de Buenos Aires,Comuna 11,207717,19,2025,7,6323
Argentina,Ciudad Autonoma de Buenos Aires,Comuna 11,207718,19,2025,9,9010
Argentina,Ciudad Autonoma de Buenos Aires,Comuna 11,207719,19,2025,4,7194
Argentina,Ciudad Autonoma de Buenos Aires,Comuna 11,207720,19,2025,9,9079
Argentina,Ciudad Autonoma de Buenos Aires,Comuna 11,207721,19,2025,9,9075
Argentina,Ciudad Autonoma de Buenos Aires,Comuna 11,207722,19,2025,9,8902
Argentina,Ciudad Autonoma de Buenos Aires,Comuna 12,208401,19,2025,25,9341
Argentina,Ciudad Autonoma de Buenos Aires,Comuna 12,208402,19,2025,27,8793
Argentina,Ciudad Autonoma de Buenos Aires,Comuna 12,208403,19,2025,14,9271
Argentina,Ciudad Autonoma de Buenos Aires,Comuna 12,208404,19,2025,17,8702
Argentina,Ciudad Autonoma de Buenos Aires,Comuna 12,208405,19,2025,25,8415
Argentina,Ciudad Autonoma de Buenos Aires,Comuna 12,208406,19,2025,27,9143
Argentina,Ciudad Autonoma de Buenos Aires,Comuna 12,208407,19,2025,29,10293
Argentina,Ciudad Autonoma de Buenos Aires,Comuna 12,208408,19,2025,29,10510
Argentina,Ciudad Autonoma de Buenos Aires,Comuna 12,208409,19,2025,28,8365
Argentina,Ciudad Autonoma de Buenos Aires,Comuna 12,208410,19,2025,39,11926
Argentina,Ciudad Autonoma de Buenos Aires,Comuna 12,208411,19,2025,28,10276
Argentina,Ciudad Autonoma de Buenos Aires,Comuna 12,208412,19,2025,17,8291
Argentina,Ciudad Autonoma de Buenos Aires,Comuna 12,208413,19,2025,29,9891
Argentina,Ciudad Autonoma de Buenos Aires,Comuna 12,208414,19,2025,36,12202
Argentina,Ciudad Autonoma de Buenos Aires,Comuna 12,208415,19,2025,39,13785
Argentina,Ciudad Autonoma de Buenos Aires,Comuna 12,208416,19,2025,64,16395
Argentina,Ciudad Autonoma de Buenos Aires,Comuna 12,208417,19,2025,30,9935
Argentina,Ciudad Autonoma de Buenos Aires,Comuna 12,208418,19,2025,37,13227
Argentina,Ciudad Autonoma de Buenos Aires,Comuna 12,208419,19,2025,43,12268
Argentina,Ciudad Autonoma de Buenos Aires,Comuna 12,208420,19,2025,31,9926
Argentina,Ciudad Autonoma de Buenos Aires,Comuna 12,208421,19,2025,36,11426
Argentina,Ciudad Autonoma de Buenos Aires,Comuna 12,208422,19,2025,32,12983
Argentina,Ciudad Autonoma de Buenos Aires,Comuna 13,209101,19,2025,21,11656
Argentina,Ciudad Autonoma de Buenos Aires,Comuna 13,209102,19,2025,23,10984
Argentina,Ciudad Autonoma de Buenos Aires,Comuna 13,209103,19,2025,15,10868
Argentina,Ciudad Autonoma de Buenos Aires,Comuna 13,209104,19,2025,22,13113
Argentina,Ciudad Autonoma de Buenos Aires,Comuna 13,209105,19,2025,20,10421
Argentina,Ciudad Autonoma de Buenos Aires,Comuna 13,209106,19,2025,14,7917
Argentina,Ciudad Autonoma de Buenos Aires,Comuna 13,209107,19,2025,20,8294
Argentina,Ciudad Autonoma de Buenos Aires,Comuna 13,209108,19,2025,16,9153
Argentina,Ciudad Autonoma de Buenos Aires,Comuna 13,209109,19,2025,22,8207
Argentina,Ciudad Autonoma de Buenos Aires,Comuna 13,209110,19,2025,28,10807
Argentina,Ciudad Autonoma de Buenos Aires,Comuna 13,209111,19,2025,14,4808
Argentina,Ciudad Autonoma de Buenos Aires,Comuna 13,209112,19,2025,19,8591
Argentina,Ciudad Autonoma de Buenos Aires,Comuna 13,209113,19,2025,21,10772
Argentina,Ciudad Autonoma de Buenos Aires,Comuna 13,209114,19,2025,15,7311
Argentina,Ciudad Autonoma de Buenos Aires,Comuna 13,209115,19,2025,22,9651
Argentina,Ciudad Autonoma de Buenos Aires,Comuna 13,209116,19,2025,14,10427
Argentina,Ciudad Autonoma de Buenos Aires,Comuna 13,209117,19,2025,24,11221
Argentina,Ciudad Autonoma de Buenos Aires,Comuna 13,209118,19,2025,15,8113
Argentina,Ciudad Autonoma de Buenos Aires,Comuna 13,209119,19,2025,11,8504
Argentina,Ciudad Autonoma de Buenos Aires,Comuna 13,209120,19,2025,14,9333
Argentina,Ciudad Autonoma de Buenos Aires,Comuna 13,209121,19,2025,16,8521
Argentina,Ciudad Autonoma de Buenos Aires,Comuna 13,209122,19,2025,17,8416
Argentina,Ciudad Autonoma de Buenos Aires,Comuna 13,209123,19,2025,26,9675
Argentina,Ciudad Autonoma de Buenos Aires,Comuna 13,209124,19,2025,18,7611
Argentina,Ciudad Autonoma de Buenos Aires,Comuna 13,209125,19,2025,10,6503
Argentina,Ciudad Autonoma de Buenos Aires,Comuna 13,209126,19,2025,15,8070
Argentina,Ciudad Autonoma de Buenos Aires,Comuna 13,209127,19,2025,11,7860
Argentina,Ciudad Autonoma de Buenos Aires,Comuna 13,209128,19,2025,16,7714
Argentina,Ciudad Autonoma de Buenos Aires,Comuna 13,209129,19,2025,19,7809
Argentina,Ciudad Autonoma de Buenos Aires,Comuna 14,209801,19,2025,10,8008
Argentina,Ciudad Autonoma de Buenos Aires,Comuna 14,209802,19,2025,3,8651
Argentina,Ciudad Autonoma de Buenos Aires,Comuna 14,209803,19,2025,11,9921
Argentina,Ciudad Autonoma de Buenos Aires,Comuna 14,209804,19,2025,9,9128
Argentina,Ciudad Autonoma de Buenos Aires,Comuna 14,209805,19,2025,5,7958
Argentina,Ciudad Autonoma de Buenos Aires,Comuna 14,209806,19,2025,10,9397
Argentina,Ciudad Autonoma de Buenos Aires,Comuna 14,209807,19,2025,14,9307
Argentina,Ciudad Autonoma de Buenos Aires,Comuna 14,209808,19,2025,7,8700
Argentina,Ciudad Autonoma de Buenos Aires,Comuna 14,209809,19,2025,11,12492
Argentina,Ciudad Autonoma de Buenos Aires,Comuna 14,209810,19,2025,1,190
Argentina,Ciudad Autonoma de Buenos Aires,Comuna 14,209811,19,2025,14,12051
Argentina,Ciudad Autonoma de Buenos Aires,Comuna 14,209812,19,2025,12,7962
Argentina,Ciudad Autonoma de Buenos Aires,Comuna 14,209813,19,2025,11,7376
Argentina,Ciudad Autonoma de Buenos Aires,Comuna 14,209814,19,2025,7,7484
Argentina,Ciudad Autonoma de Buenos Aires,Comuna 14,209815,19,2025,10,8094
Argentina,Ciudad Autonoma de Buenos Aires,Comuna 14,209816,19,2025,6,6773
Argentina,Ciudad Autonoma de Buenos Aires,Comuna 14,209817,19,2025,7,7231
Argentina,Ciudad Autonoma de Buenos Aires,Comuna 14,209818,19,2025,7,6981
Argentina,Ciudad Autonoma de Buenos Aires,Comuna 14,209819,19,2025,6,5589
Argentina,Ciudad Autonoma de Buenos Aires,Comuna 14,209820,19,2025,3,6758
Argentina,Ciudad Autonoma de Buenos Aires,Comuna 14,209821,19,2025,11,7312
Argentina,Ciudad Autonoma de Buenos Aires,Comuna 14,209822,19,2025,7,8363
Argentina,Ciudad Autonoma de Buenos Aires,Comuna 14,209823,19,2025,7,11012
Argentina,Ciudad Autonoma de Buenos Aires,Comuna 14,209824,19,2025,5,6199
Argentina,Ciudad Autonoma de Buenos Aires,Comuna 14,209825,19,2025,10,7637
Argentina,Ciudad Autonoma de Buenos Aires,Comuna 14,209826,19,2025,8,6558
Argentina,Ciudad Autonoma de Buenos Aires,Comuna 14,209827,19,2025,6,6199
Argentina,Ciudad Autonoma de Buenos Aires,Comuna 14,209828,19,2025,7,9243
Argentina,Ciudad Autonoma de Buenos Aires,Comuna 14,209829,19,2025,10,8453
Argentina,Ciudad Autonoma de Buenos Aires,Comuna 14,209830,19,2025,5,8109
Argentina,Ciudad Autonoma de Buenos Aires,Comuna 14,209831,19,2025,7,8116
Argentina,Ciudad Autonoma de Buenos Aires,Comuna 15,210501,19,2025,20,9594
Argentina,Ciudad Autonoma de Buenos Aires,Comuna 15,210502,19,2025,9,6548
Argentina,Ciudad Autonoma de Buenos Aires,Comuna 15,210503,19,2025,6,10235
Argentina,Ciudad Autonoma de Buenos Aires,Comuna 15,210504,19,2025,15,12235
Argentina,Ciudad Autonoma de Buenos Aires,Comuna 15,210505,19,2025,11,12207
Argentina,Ciudad Autonoma de Buenos Aires,Comuna 15,210506,19,2025,3,4156
Argentina,Ciudad Autonoma de Buenos Aires,Comuna 15,210507,19,2025,11,12285
Argentina,Ciudad Autonoma de Buenos Aires,Comuna 15,210508,19,2025,9,8807
Argentina,Ciudad Autonoma de Buenos Aires,Comuna 15,210509,19,2025,10,8645
Argentina,Ciudad Autonoma de Buenos Aires,Comuna 15,210510,19,2025,17,10813
Argentina,Ciudad Autonoma de Buenos Aires,Comuna 15,210511,19,2025,10,11863
Argentina,Ciudad Autonoma de Buenos Aires,Comuna 15,210512,19,2025,8,7208
Argentina,Ciudad Autonoma de Buenos Aires,Comuna 15,210513,19,2025,10,7242
Argentina,Ciudad Autonoma de Buenos Aires,Comuna 15,210514,19,2025,10,9564
Argentina,Ciudad Autonoma de Buenos Aires,Comuna 15,210515,19,2025,14,9091
Argentina,Ciudad Autonoma de Buenos Aires,Comuna 15,210516,19,2025,4,8911
Argentina,Ciudad Autonoma de Buenos Aires,Comuna 15,210517,19,2025,9,8753
Argentina,Ciudad Autonoma de Buenos Aires,Comuna 15,210518,19,2025,13,8161
Argentina,Ciudad Autonoma de Buenos Aires,Comuna 15,210519,19,2025,7,8739
Argentina,Ciudad Autonoma de Buenos Aires,Comuna 15,210520,19,2025,12,8787
Argentina,Ciudad Autonoma de Buenos Aires,Comuna 15,210521,19,2025,6,11421
Argentina,Ciudad Autonoma de Buenos Aires,Comuna 2,201401,19,2025,1,554
Argentina,Ciudad Autonoma de Buenos Aires,Comuna 2,201402,19,2025,8,5022
Argentina,Ciudad Autonoma de Buenos Aires,Comuna 2,201403,19,2025,11,5681
Argentina,Ciudad Autonoma de Buenos Aires,Comuna 2,201404,19,2025,7,6670
Argentina,Ciudad Autonoma de Buenos Aires,Comuna 2,201405,19,2025,7,6654
Argentina,Ciudad Autonoma de Buenos Aires,Comuna 2,201406,19,2025,10,6504
Argentina,Ciudad Autonoma de Buenos Aires,Comuna 2,201407,19,2025,7,7631
Argentina,Ciudad Autonoma de Buenos Aires,Comuna 2,201408,19,2025,8,9285
Argentina,Ciudad Autonoma de Buenos Aires,Comuna 2,201409,19,2025,8,8985
Argentina,Ciudad Autonoma de Buenos Aires,Comuna 2,201410,19,2025,4,7067
Argentina,Ciudad Autonoma de Buenos Aires,Comuna 2,201411,19,2025,6,5593
Argentina,Ciudad Autonoma de Buenos Aires,Comuna 2,201412,19,2025,6,5734
Argentina,Ciudad Autonoma de Buenos Aires,Comuna 2,201413,19,2025,12,7043
Argentina,Ciudad Autonoma de Buenos Aires,Comuna 2,201414,19,2025,10,8370
Argentina,Ciudad Autonoma de Buenos Aires,Comuna 2,201415,19,2025,7,6053
Argentina,Ciudad Autonoma de Buenos Aires,Comuna 2,201416,19,2025,9,5917
Argentina,Ciudad Autonoma de Buenos Aires,Comuna 2,201417,19,2025,8,7963
Argentina,Ciudad Autonoma de Buenos Aires,Comuna 2,201418,19,2025,10,6383
Argentina,Ciudad Autonoma de Buenos Aires,Comuna 2,201419,19,2025,6,6436
Argentina,Ciudad Autonoma de Buenos Aires,Comuna 2,201420,19,2025,6,7134
Argentina,Ciudad Autonoma de Buenos Aires,Comuna 2,201421,19,2025,6,5726
Argentina,Ciudad Autonoma de Buenos Aires,Comuna 2,201422,19,2025,4,5002
Argentina,Ciudad Autonoma de Buenos Aires,Comuna 2,201423,19,2025,6,5517
Argentina,Ciudad Autonoma de Buenos Aires,Comuna 2,201424,19,2025,5,5483
Argentina,Ciudad Autonoma de Buenos Aires,Comuna 2,201425,19,2025,5,8202
Argentina,Ciudad Autonoma de Buenos Aires,Comuna 5,203501,19,2025,8,9107
Argentina,Ciudad Autonoma de Buenos Aires,Comuna 5,203502,19,2025,8,8659
Argentina,Ciudad Autonoma de Buenos Aires,Comuna 5,203503,19,2025,12,9246
Argentina,Ciudad Autonoma de Buenos Aires,Comuna 5,203504,19,2025,6,8180
Argentina,Ciudad Autonoma de Buenos Aires,Comuna 5,203505,19,2025,6,6557
Argentina,Ciudad Autonoma de Buenos Aires,Comuna 5,203506,19,2025,7,7989
Argentina,Ciudad Autonoma de Buenos Aires,Comuna 5,203507,19,2025,11,7616
Argentina,Ciudad Autonoma de Buenos Aires,Comuna 5,203508,19,2025,4,8744
Argentina,Ciudad Autonoma de Buenos Aires,Comuna 5,203509,19,2025,10,7892
Argentina,Ciudad Autonoma de Buenos Aires,Comuna 5,203510,19,2025,8,8718
Argentina,Ciudad Autonoma de Buenos Aires,Comuna 5,203511,19,2025,9,9263
Argentina,Ciudad Autonoma de Buenos Aires,Comuna 5,203512,19,2025,7,7201
Argentina,Ciudad Autonoma de Buenos Aires,Comuna 5,203513,19,2025,6,7410
Argentina,Ciudad Autonoma de Buenos Aires,Comuna 5,203514,19,2025,13,8821
Argentina,Ciudad Autonoma de Buenos Aires,Comuna 5,203515,19,2025,10,7651
Argentina,Ciudad Autonoma de Buenos Aires,Comuna 5,203516,19,2025,12,10461
Argentina,Ciudad Autonoma de Buenos Aires,Comuna 5,203517,19,2025,6,9254
Argentina,Ciudad Autonoma de Buenos Aires,Comuna 5,203518,19,2025,6,9162
Argentina,Ciudad Autonoma de Buenos Aires,Comuna 5,203519,19,2025,10,9340
Argentina,Ciudad Autonoma de Buenos Aires,Comuna 5,203520,19,2025,14,11091
Argentina,Ciudad Autonoma de Buenos Aires,Comuna 5,203521,19,2025,9,8855
Argentina,Ciudad Autonoma de Buenos Aires,Comuna 5,203522,19,2025,14,11232
Argentina,Ciudad Autonoma de Buenos Aires,Comuna 6,204201,19,2025,8,9911
Argentina,Ciudad Autonoma de Buenos Aires,Comuna 6,204202,19,2025,12,10787
Argentina,Ciudad Autonoma de Buenos Aires,Comuna 6,204203,19,2025,9,8899
Argentina,Ciudad Autonoma de Buenos Aires,Comuna 6,204204,19,2025,10,11727
Argentina,Ciudad Autonoma de Buenos Aires,Comuna 6,204205,19,2025,18,10329
Argentina,Ciudad Autonoma de Buenos Aires,Comuna 6,204206,19,2025,16,10367
Argentina,Ciudad Autonoma de Buenos Aires,Comuna 6,204207,19,2025,4,12185
Argentina,Ciudad Autonoma de Buenos Aires,Comuna 6,204208,19,2025,8,9497
Argentina,Ciudad Autonoma de Buenos Aires,Comuna 6,204209,19,2025,5,7356
Argentina,Ciudad Autonoma de Buenos Aires,Comuna 6,204210,19,2025,10,8697
Argentina,Ciudad Autonoma de Buenos Aires,Comuna 6,204211,19,2025,13,9646
Argentina,Ciudad Autonoma de Buenos Aires,Comuna 6,204212,19,2025,9,7926
Argentina,Ciudad Autonoma de Buenos Aires,Comuna 6,204213,19,2025,11,10037
Argentina,Ciudad Autonoma de Buenos Aires,Comuna 6,204214,19,2025,11,9669
Argentina,Ciudad Autonoma de Buenos Aires,Comuna 6,204215,19,2025,12,9168
Argentina,Ciudad Autonoma de Buenos Aires,Comuna 6,204216,19,2025,10,12982
Argentina,Ciudad Autonoma de Buenos Aires,Comuna 6,204217,19,2025,11,7259
Argentina,Ciudad Autonoma de Buenos Aires,Comuna 6,204218,19,2025,7,8066
Argentina,Ciudad Autonoma de Buenos Aires,Comuna 6,204219,19,2025,5,7952
Argentina,Ciudad Autonoma de Buenos Aires,Comuna 6,204220,19,2025,11,8895
Argentina,Ciudad Autonoma de Buenos Aires,Comuna 6,204221,19,2025,9,10409
Argentina,Ciudad Autonoma de Buenos Aires,Comuna 7,204901,19,2025,9,6665
Argentina,Ciudad Autonoma de Buenos Aires,Comuna 7,204902,19,2025,8,8593
Argentina,Ciudad Autonoma de Buenos Aires,Comuna 7,204903,19,2025,16,10871
Argentina,Ciudad Autonoma de Buenos Aires,Comuna 7,204904,19,2025,7,9795
Argentina,Ciudad Autonoma de Buenos Aires,Comuna 7,204905,19,2025,8,8999
Argentina,Ciudad Autonoma de Buenos Aires,Comuna 7,204906,19,2025,6,7524
Argentina,Ciudad Autonoma de Buenos Aires,Comuna 7,204907,19,2025,14,9257
Argentina,Ciudad Autonoma de Buenos Aires,Comuna 7,204908,19,2025,15,7685
Argentina,Ciudad Autonoma de Buenos Aires,Comuna 7,204909,19,2025,10,9705
Argentina,Ciudad Autonoma de Buenos Aires,Comuna 7,204910,19,2025,10,8735
Argentina,Ciudad Autonoma de Buenos Aires,Comuna 7,204911,19,2025,9,10501
Argentina,Ciudad Autonoma de Buenos Aires,Comuna 7,204912,19,2025,6,7467
Argentina,Ciudad Autonoma de Buenos Aires,Comuna 7,204913,19,2025,10,11414
Argentina,Ciudad Autonoma de Buenos Aires,Comuna 7,204914,19,2025,11,11132
Argentina,Ciudad Autonoma de Buenos Aires,Comuna 7,204915,19,2025,9,9647
Argentina,Ciudad Autonoma de Buenos Aires,Comuna 7,204916,19,2025,8,8094
Argentina,Ciudad Autonoma de Buenos Aires,Comuna 7,204917,19,2025,1,2971
Argentina,Ciudad Autonoma de Buenos Aires,Comuna 7,204918,19,2025,3,3398
Argentina,Ciudad Autonoma de Buenos Aires,Comuna 7,204919,19,2025,15,6454
Argentina,Ciudad Autonoma de Buenos Aires,Comuna 7,204920,19,2025,14,12736
Argentina,Ciudad Autonoma de Buenos Aires,Comuna 7,204921,19,2025,11,11351
Argentina,Ciudad Autonoma de Buenos Aires,Comuna 7,204922,19,2025,8,11303
Argentina,Ciudad Autonoma de Buenos Aires,Comuna 7,204923,19,2025,3,7839
Argentina,Ciudad Autonoma de Buenos Aires,Comuna 7,204924,19,2025,10,11126
Argentina,Ciudad Autonoma de Buenos Aires,Comuna 10,207001,20,2025,6,6651
Argentina,Ciudad Autonoma de Buenos Aires,Comuna 10,207002,20,2025,8,7094
Argentina,Ciudad Autonoma de Buenos Aires,Comuna 10,207003,20,2025,5,6682
Argentina,Ciudad Autonoma de Buenos Aires,Comuna 10,207004,20,2025,4,9342
Argentina,Ciudad Autonoma de Buenos Aires,Comuna 10,207005,20,2025,8,11787
Argentina,Ciudad Autonoma de Buenos Aires,Comuna 10,207006,20,2025,13,12408
Argentina,Ciudad Autonoma de Buenos Aires,Comuna 10,207007,20,2025,6,11630
Argentina,Ciudad Autonoma de Buenos Aires,Comuna 10,207008,20,2025,11,9038
Argentina,Ciudad Autonoma de Buenos Aires,Comuna 10,207009,20,2025,11,8752
Argentina,Ciudad Autonoma de Buenos Aires,Comuna 10,207010,20,2025,7,10398
Argentina,Ciudad Autonoma de Buenos Aires,Comuna 10,207011,20,2025,8,8554
Argentina,Ciudad Autonoma de Buenos Aires,Comuna 10,207012,20,2025,11,6677
Argentina,Ciudad Autonoma de Buenos Aires,Comuna 10,207013,20,2025,13,8285
Argentina,Ciudad Autonoma de Buenos Aires,Comuna 10,207014,20,2025,6,9092
Argentina,Ciudad Autonoma de Buenos Aires,Comuna 10,207015,20,2025,8,7248
Argentina,Ciudad Autonoma de Buenos Aires,Comuna 10,207016,20,2025,13,8724
Argentina,Ciudad Autonoma de Buenos Aires,Comuna 10,207017,20,2025,17,9635
Argentina,Ciudad Autonoma de Buenos Aires,Comuna 10,207018,20,2025,7,8682
Argentina,Ciudad Autonoma de Buenos Aires,Comuna 10,207019,20,2025,14,11217
Argentina,Ciudad Autonoma de Buenos Aires,Comuna 11,207701,20,2025,11,11069
Argentina,Ciudad Autonoma de Buenos Aires,Comuna 11,207702,20,2025,14,10205
Argentina,Ciudad Autonoma de Buenos Aires,Comuna 11,207703,20,2025,9,9103
Argentina,Ciudad Autonoma de Buenos Aires,Comuna 11,207704,20,2025,7,10387
Argentina,Ciudad Autonoma de Buenos Aires,Comuna 11,207705,20,2025,6,7955
Argentina,Ciudad Autonoma de Buenos Aires,Comuna 11,207706,20,2025,11,11455
Argentina,Ciudad Autonoma de Buenos Aires,Comuna 11,207707,20,2025,15,11428
Argentina,Ciudad Autonoma de Buenos Aires,Comuna 11,207708,20,2025,15,8072
Argentina,Ciudad Autonoma de Buenos Aires,Comuna 11,207709,20,2025,5,9257
Argentina,Ciudad Autonoma de Buenos Aires,Comuna 11,207710,20,2025,10,11259
Argentina,Ciudad Autonoma de Buenos Aires,Comuna 11,207711,20,2025,9,8065
Argentina,Ciudad Autonoma de Buenos Aires,Comuna 11,207712,20,2025,7,8059
Argentina,Ciudad Autonoma de Buenos Aires,Comuna 11,207713,20,2025,5,9254
Argentina,Ciudad Autonoma de Buenos Aires,Comuna 11,207714,20,2025,3,7270
Argentina,Ciudad Autonoma de Buenos Aires,Comuna 11,207715,20,2025,13,10022
Argentina,Ciudad Autonoma de Buenos Aires,Comuna 11,207716,20,2025,9,9462
Argentina,Ciudad Autonoma de Buenos Aires,Comuna 11,207717,20,2025,8,6323
Argentina,Ciudad Autonoma de Buenos Aires,Comuna 11,207718,20,2025,8,9010
Argentina,Ciudad Autonoma de Buenos Aires,Comuna 11,207719,20,2025,10,7194
Argentina,Ciudad Autonoma de Buenos Aires,Comuna 11,207720,20,2025,10,9079
Argentina,Ciudad Autonoma de Buenos Aires,Comuna 11,207721,20,2025,12,9075
Argentina,Ciudad Autonoma de Buenos Aires,Comuna 11,207722,20,2025,8,8902
Argentina,Ciudad Autonoma de Buenos Aires,Comuna 12,208401,20,2025,19,9341
Argentina,Ciudad Autonoma de Buenos Aires,Comuna 12,208402,20,2025,25,8793
Argentina,Ciudad Autonoma de Buenos Aires,Comuna 12,208403,20,2025,23,9271
Argentina,Ciudad Autonoma de Buenos Aires,Comuna 12,208404,20,2025,22,8702
Argentina,Ciudad Autonoma de Buenos Aires,Comuna 12,208405,20,2025,23,8415
Argentina,Ciudad Autonoma de Buenos Aires,Comuna 12,208406,20,2025,21,9143
Argentina,Ciudad Autonoma de Buenos Aires,Comuna 12,208407,20,2025,35,10293
Argentina,Ciudad Autonoma de Buenos Aires,Comuna 12,208408,20,2025,30,10510
Argentina,Ciudad Autonoma de Buenos Aires,Comuna 12,208409,20,2025,13,8365
Argentina,Ciudad Autonoma de Buenos Aires,Comuna 12,208410,20,2025,45,11926
Argentina,Ciudad Autonoma de Buenos Aires,Comuna 12,208411,20,2025,30,10276
Argentina,Ciudad Autonoma de Buenos Aires,Comuna 12,208412,20,2025,30,8291
Argentina,Ciudad Autonoma de Buenos Aires,Comuna 12,208413,20,2025,24,9891
Argentina,Ciudad Autonoma de Buenos Aires,Comuna 12,208414,20,2025,39,12202
Argentina,Ciudad Autonoma de Buenos Aires,Comuna 12,208415,20,2025,47,13785
Argentina,Ciudad Autonoma de Buenos Aires,Comuna 12,208416,20,2025,53,16395
Argentina,Ciudad Autonoma de Buenos Aires,Comuna 12,208417,20,2025,25,9935
Argentina,Ciudad Autonoma de Buenos Aires,Comuna 12,208418,20,2025,42,13227
Argentina,Ciudad Autonoma de Buenos Aires,Comuna 12,208419,20,2025,37,12268
Argentina,Ciudad Autonoma de Buenos Aires,Comuna 12,208420,20,2025,26,9926
Argentina,Ciudad Autonoma de Buenos Aires,Comuna 12,208421,20,2025,37,11426
Argentina,Ciudad Autonoma de Buenos Aires,Comuna 12,208422,20,2025,37,12983
Argentina,Ciudad Autonoma de Buenos Aires,Comuna 13,209101,20,2025,22,11656
Argentina,Ciudad Autonoma de Buenos Aires,Comuna 13,209102,20,2025,21,10984
Argentina,Ciudad Autonoma de Buenos Aires,Comuna 13,209103,20,2025,22,10868
Argentina,Ciudad Autonoma de Buenos Aires,Comuna 13,209104,20,2025,20,13113
Argentina,Ciudad Autonoma de Buenos Aires,Comuna 13,209105,20,2025,19,10421
Argentina,Ciudad Autonoma de Buenos Aires,Comuna 13,209106,20,2025,14,7917
Argentina,Ciudad Autonoma de Buenos Aires,Comuna 13,209107,20,2025,15,8294
Argentina,Ciudad Autonoma de Buenos Aires,Comuna 13,209108,20,2025,18,9153
Argentina,Ciudad Autonoma de Buenos Aires,Comuna 13,209109,20,2025,19,8207
Argentina,Ciudad Autonoma de Buenos Aires,Comuna 13,209110,20,2025,27,10807
Argentina,Ciudad Autonoma de Buenos Aires,Comuna 13,209111,20,2025,11,4808
Argentina,Ciudad Autonoma de Buenos Aires,Comuna 13,209112,20,2025,17,8591
Argentina,Ciudad Autonoma de Buenos Aires,Comuna 13,209113,20,2025,16,10772
Argentina,Ciudad Autonoma de Buenos Aires,Comuna 13,209114,20,2025,17,7311
Argentina,Ciudad Autonoma de Buenos Aires,Comuna 13,209115,20,2025,14,9651
Argentina,Ciudad Autonoma de Buenos Aires,Comuna 13,209116,20,2025,25,10427
Argentina,Ciudad Autonoma de Buenos Aires,Comuna 13,209117,20,2025,24,11221
Argentina,Ciudad Autonoma de Buenos Aires,Comuna 13,209118,20,2025,17,8113
Argentina,Ciudad Autonoma de Buenos Aires,Comuna 13,209119,20,2025,18,8504
Argentina,Ciudad Autonoma de Buenos Aires,Comuna 13,209120,20,2025,11,9333
Argentina,Ciudad Autonoma de Buenos Aires,Comuna 13,209121,20,2025,20,8521
Argentina,Ciudad Autonoma de Buenos Aires,Comuna 13,209122,20,2025,17,8416
Argentina,Ciudad Autonoma de Buenos Aires,Comuna 13,209123,20,2025,22,9675
Argentina,Ciudad Autonoma de Buenos Aires,Comuna 13,209124,20,2025,14,7611
Argentina,Ciudad Autonoma de Buenos Aires,Comuna 13,209125,20,2025,15,6503
Argentina,Ciudad Autonoma de Buenos Aires,Comuna 13,209126,20,2025,16,8070
Argentina,Ciudad Autonoma de Buenos Aires,Comuna 13,209127,20,2025,18,7860
Argentina,Ciudad Autonoma de Buenos Aires,Comuna 13,209128,20,2025,13,7714
Argentina,Ciudad Autonoma de Buenos Aires,Comuna 13,209129,20,2025,12,7809
Argentina,Ciudad Autonoma de Buenos Aires,Comuna 14,209801,20,2025,10,8008
Argentina,Ciudad Autonoma de Buenos Aires,Comuna 14,209802,20,2025,12,8651
Argentina,Ciudad Autonoma de Buenos Aires,Comuna 14,209803,20,2025,22,9921
Argentina,Ciudad Autonoma de Buenos Aires,Comuna 14,209804,20,2025,12,9128
Argentina,Ciudad Autonoma de Buenos Aires,Comuna 14,209805,20,2025,11,7958
Argentina,Ciudad Autonoma de Buenos Aires,Comuna 14,209806,20,2025,16,9397
Argentina,Ciudad Autonoma de Buenos Aires,Comuna 14,209807,20,2025,16,9307
Argentina,Ciudad Autonoma de Buenos Aires,Comuna 14,209808,20,2025,16,8700
Argentina,Ciudad Autonoma de Buenos Aires,Comuna 14,209809,20,2025,20,12492
Argentina,Ciudad Autonoma de Buenos Aires,Comuna 14,209810,20,2025,0,190
Argentina,Ciudad Autonoma de Buenos Aires,Comuna 14,209811,20,2025,12,12051
Argentina,Ciudad Autonoma de Buenos Aires,Comuna 14,209812,20,2025,12,7962
Argentina,Ciudad Autonoma de Buenos Aires,Comuna 14,209813,20,2025,10,7376
Argentina,Ciudad Autonoma de Buenos Aires,Comuna 14,209814,20,2025,14,7484
Argentina,Ciudad Autonoma de Buenos Aires,Comuna 14,209815,20,2025,16,8094
Argentina,Ciudad Autonoma de Buenos Aires,Comuna 14,209816,20,2025,6,6773
Argentina,Ciudad Autonoma de Buenos Aires,Comuna 14,209817,20,2025,16,7231
Argentina,Ciudad Autonoma de Buenos Aires,Comuna 14,209818,20,2025,14,6981
Argentina,Ciudad Autonoma de Buenos Aires,Comuna 14,209819,20,2025,10,5589
Argentina,Ciudad Autonoma de Buenos Aires,Comuna 14,209820,20,2025,11,6758
Argentina,Ciudad Autonoma de Buenos Aires,Comuna 14,209821,20,2025,8,7312
Argentina,Ciudad Autonoma de Buenos Aires,Comuna 14,209822,20,2025,11,8363
Argentina,Ciudad Autonoma de Buenos Aires,Comuna 14,209823,20,2025,25,11012
Argentina,Ciudad Autonoma de Buenos Aires,Comuna 14,209824,20,2025,8,6199
Argentina,Ciudad Autonoma de Buenos Aires,Comuna 14,209825,20,2025,12,7637
Argentina,Ciudad Autonoma de Buenos Aires,Comuna 14,209826,20,2025,9,6558
Argentina,Ciudad Autonoma de Buenos Aires,Comuna 14,209827,20,2025,6,6199
Argentina,Ciudad Autonoma de Buenos Aires,Comuna 14,209828,20,2025,17,9243
Argentina,Ciudad Autonoma de Buenos Aires,Comuna 14,209829,20,2025,14,8453
Argentina,Ciudad Autonoma de Buenos Aires,Comuna 14,209830,20,2025,18,8109
Argentina,Ciudad Autonoma de Buenos Aires,Comuna 14,209831,20,2025,15,8116
Argentina,Ciudad Autonoma de Buenos Aires,Comuna 15,210501,20,2025,12,9594
Argentina,Ciudad Autonoma de Buenos Aires,Comuna 15,210502,20,2025,10,6548
Argentina,Ciudad Autonoma de Buenos Aires,Comuna 15,210503,20,2025,17,10235
Argentina,Ciudad Autonoma de Buenos Aires,Comuna 15,210504,20,2025,18,12235
Argentina,Ciudad Autonoma de Buenos Aires,Comuna 15,210505,20,2025,16,12207
Argentina,Ciudad Autonoma de Buenos Aires,Comuna 15,210506,20,2025,6,4156
Argentina,Ciudad Autonoma de Buenos Aires,Comuna 15,210507,20,2025,18,12285
Argentina,Ciudad Autonoma de Buenos Aires,Comuna 15,210508,20,2025,8,8807
Argentina,Ciudad Autonoma de Buenos Aires,Comuna 15,210509,20,2025,21,8645
Argentina,Ciudad Autonoma de Buenos Aires,Comuna 15,210510,20,2025,16,10813
Argentina,Ciudad Autonoma de Buenos Aires,Comuna 15,210511,20,2025,21,11863
Argentina,Ciudad Autonoma de Buenos Aires,Comuna 15,210512,20,2025,12,7208
Argentina,Ciudad Autonoma de Buenos Aires,Comuna 15,210513,20,2025,15,7242
Argentina,Ciudad Autonoma de Buenos Aires,Comuna 15,210514,20,2025,10,9564
Argentina,Ciudad Autonoma de Buenos Aires,Comuna 15,210515,20,2025,13,9091
Argentina,Ciudad Autonoma de Buenos Aires,Comuna 15,210516,20,2025,7,8911
Argentina,Ciudad Autonoma de Buenos Aires,Comuna 15,210517,20,2025,13,8753
Argentina,Ciudad Autonoma de Buenos Aires,Comuna 15,210518,20,2025,11,8161
Argentina,Ciudad Autonoma de Buenos Aires,Comuna 15,210519,20,2025,8,8739
Argentina,Ciudad Autonoma de Buenos Aires,Comuna 15,210520,20,2025,12,8787
Argentina,Ciudad Autonoma de Buenos Aires,Comuna 15,210521,20,2025,15,11421
Argentina,Ciudad Autonoma de Buenos Aires,Comuna 2,201401,20,2025,0,554
Argentina,Ciudad Autonoma de Buenos Aires,Comuna 2,201402,20,2025,10,5022
Argentina,Ciudad Autonoma de Buenos Aires,Comuna 2,201403,20,2025,4,5681
Argentina,Ciudad Autonoma de Buenos Aires,Comuna 2,201404,20,2025,3,6670
Argentina,Ciudad Autonoma de Buenos Aires,Comuna 2,201405,20,2025,3,6654
Argentina,Ciudad Autonoma de Buenos Aires,Comuna 2,201406,20,2025,7,6504
Argentina,Ciudad Autonoma de Buenos Aires,Comuna 2,201407,20,2025,8,7631
Argentina,Ciudad Autonoma de Buenos Aires,Comuna 2,201408,20,2025,7,9285
Argentina,Ciudad Autonoma de Buenos Aires,Comuna 2,201409,20,2025,11,8985
Argentina,Ciudad Autonoma de Buenos Aires,Comuna 2,201410,20,2025,5,7067
Argentina,Ciudad Autonoma de Buenos Aires,Comuna 2,201411,20,2025,4,5593
Argentina,Ciudad Autonoma de Buenos Aires,Comuna 2,201412,20,2025,9,5734
Argentina,Ciudad Autonoma de Buenos Aires,Comuna 2,201413,20,2025,6,7043
Argentina,Ciudad Autonoma de Buenos Aires,Comuna 2,201414,20,2025,6,8370
Argentina,Ciudad Autonoma de Buenos Aires,Comuna 2,201415,20,2025,8,6053
Argentina,Ciudad Autonoma de Buenos Aires,Comuna 2,201416,20,2025,7,5917
Argentina,Ciudad Autonoma de Buenos Aires,Comuna 2,201417,20,2025,8,7963
Argentina,Ciudad Autonoma de Buenos Aires,Comuna 2,201418,20,2025,5,6383
Argentina,Ciudad Autonoma de Buenos Aires,Comuna 2,201419,20,2025,3,6436
Argentina,Ciudad Autonoma de Buenos Aires,Comuna 2,201420,20,2025,9,7134
Argentina,Ciudad Autonoma de Buenos Aires,Comuna 2,201421,20,2025,7,5726
Argentina,Ciudad Autonoma de Buenos Aires,Comuna 2,201422,20,2025,5,5002
Argentina,Ciudad Autonoma de Buenos Aires,Comuna 2,201423,20,2025,4,5517
Argentina,Ciudad Autonoma de Buenos Aires,Comuna 2,201424,20,2025,6,5483
Argentina,Ciudad Autonoma de Buenos Aires,Comuna 2,201425,20,2025,11,8202
Argentina,Ciudad Autonoma de Buenos Aires,Comuna 5,203501,20,2025,3,9107
Argentina,Ciudad Autonoma de Buenos Aires,Comuna 5,203502,20,2025,12,8659
Argentina,Ciudad Autonoma de Buenos Aires,Comuna 5,203503,20,2025,5,9246
Argentina,Ciudad Autonoma de Buenos Aires,Comuna 5,203504,20,2025,7,8180
Argentina,Ciudad Autonoma de Buenos Aires,Comuna 5,203505,20,2025,2,6557
Argentina,Ciudad Autonoma de Buenos Aires,Comuna 5,203506,20,2025,3,7989
Argentina,Ciudad Autonoma de Buenos Aires,Comuna 5,203507,20,2025,6,7616
Argentina,Ciudad Autonoma de Buenos Aires,Comuna 5,203508,20,2025,7,8744
Argentina,Ciudad Autonoma de Buenos Aires,Comuna 5,203509,20,2025,5,7892
Argentina,Ciudad Autonoma de Buenos Aires,Comuna 5,203510,20,2025,4,8718
Argentina,Ciudad Autonoma de Buenos Aires,Comuna 5,203511,20,2025,11,9263
Argentina,Ciudad Autonoma de Buenos Aires,Comuna 5,203512,20,2025,3,7201
Argentina,Ciudad Autonoma de Buenos Aires,Comuna 5,203513,20,2025,9,7410
Argentina,Ciudad Autonoma de Buenos Aires,Comuna 5,203514,20,2025,6,8821
Argentina,Ciudad Autonoma de Buenos Aires,Comuna 5,203515,20,2025,11,7651
Argentina,Ciudad Autonoma de Buenos Aires,Comuna 5,203516,20,2025,11,10461
Argentina,Ciudad Autonoma de Buenos Aires,Comuna 5,203517,20,2025,7,9254
Argentina,Ciudad Autonoma de Buenos Aires,Comuna 5,203518,20,2025,7,9162
Argentina,Ciudad Autonoma de Buenos Aires,Comuna 5,203519,20,2025,11,9340
Argentina,Ciudad Autonoma de Buenos Aires,Comuna 5,203520,20,2025,6,11091
Argentina,Ciudad Autonoma de Buenos Aires,Comuna 5,203521,20,2025,7,8855
Argentina,Ciudad Autonoma de Buenos Aires,Comuna 5,203522,20,2025,8,11232
Argentina,Ciudad Autonoma de Buenos Aires,Comuna 6,204201,20,2025,10,9911
Argentina,Ciudad Autonoma de Buenos Aires,Comuna 6,204202,20,2025,18,10787
Argentina,Ciudad Autonoma de Buenos Aires,Comuna 6,204203,20,2025,9,8899
Argentina,Ciudad Autonoma de Buenos Aires,Comuna 6,204204,20,2025,16,11727
Argentina,Ciudad Autonoma de Buenos Aires,Comuna 6,204205,20,2025,13,10329
Argentina,Ciudad Autonoma de Buenos Aires,Comuna 6,204206,20,2025,17,10367
Argentina,Ciudad Autonoma de Buenos Aires,Comuna 6,204207,20,2025,14,12185
Argentina,Ciudad Autonoma de Buenos Aires,Comuna 6,204208,20,2025,13,9497
Argentina,Ciudad Autonoma de Buenos Aires,Comuna 6,204209,20,2025,4,7356
Argentina,Ciudad Autonoma de Buenos Aires,Comuna 6,204210,20,2025,9,8697
Argentina,Ciudad Autonoma de Buenos Aires,Comuna 6,204211,20,2025,4,9646
Argentina,Ciudad Autonoma de Buenos Aires,Comuna 6,204212,20,2025,10,7926
Argentina,Ciudad Autonoma de Buenos Aires,Comuna 6,204213,20,2025,7,10037
Argentina,Ciudad Autonoma de Buenos Aires,Comuna 6,204214,20,2025,9,9669
Argentina,Ciudad Autonoma de Buenos Aires,Comuna 6,204215,20,2025,9,9168
Argentina,Ciudad Autonoma de Buenos Aires,Comuna 6,204216,20,2025,16,12982
Argentina,Ciudad Autonoma de Buenos Aires,Comuna 6,204217,20,2025,10,7259
Argentina,Ciudad Autonoma de Buenos Aires,Comuna 6,204218,20,2025,8,8066
Argentina,Ciudad Autonoma de Buenos Aires,Comuna 6,204219,20,2025,4,7952
Argentina,Ciudad Autonoma de Buenos Aires,Comuna 6,204220,20,2025,11,8895
Argentina,Ciudad Autonoma de Buenos Aires,Comuna 6,204221,20,2025,8,10409
Argentina,Ciudad Autonoma de Buenos Aires,Comuna 7,204901,20,2025,4,6665
Argentina,Ciudad Autonoma de Buenos Aires,Comuna 7,204902,20,2025,10,8593
Argentina,Ciudad Autonoma de Buenos Aires,Comuna 7,204903,20,2025,14,10871
Argentina,Ciudad Autonoma de Buenos Aires,Comuna 7,204904,20,2025,5,9795
Argentina,Ciudad Autonoma de Buenos Aires,Comuna 7,204905,20,2025,11,8999
Argentina,Ciudad Autonoma de Buenos Aires,Comuna 7,204906,20,2025,6,7524
Argentina,Ciudad Autonoma de Buenos Aires,Comuna 7,204907,20,2025,8,9257
Argentina,Ciudad Autonoma de Buenos Aires,Comuna 7,204908,20,2025,9,7685
Argentina,Ciudad Autonoma de Buenos Aires,Comuna 7,204909,20,2025,9,9705
Argentina,Ciudad Autonoma de Buenos Aires,Comuna 7,204910,20,2025,5,8735
Argentina,Ciudad Autonoma de Buenos Aires,Comuna 7,204911,20,2025,9,10501
Argentina,Ciudad Autonoma de Buenos Aires,Comuna 7,204912,20,2025,6,7467
Argentina,Ciudad Autonoma de Buenos Aires,Comuna 7,204913,20,2025,10,11414
Argentina,Ciudad Autonoma de Buenos Aires,Comuna 7,204914,20,2025,13,11132
Argentina,Ciudad Autonoma de Buenos Aires,Comuna 7,204915,20,2025,13,9647
Argentina,Ciudad Autonoma de Buenos Aires,Comuna 7,204916,20,2025,6,8094
Argentina,Ciudad Autonoma de Buenos Aires,Comuna 7,204917,20,2025,2,2971
Argentina,Ciudad Autonoma de Buenos Aires,Comuna 7,204918,20,2025,1,3398
Argentina,Ciudad Autonoma de Buenos Aires,Comuna 7,204919,20,2025,5,6454
Argentina,Ciudad Autonoma de Buenos Aires,Comuna 7,204920,20,2025,14,12736
Argentina,Ciudad Autonoma de Buenos Aires,Comuna 7,204921,20,2025,15,11351
Argentina,Ciudad Autonoma de Buenos Aires,Comuna 7,204922,20,2025,5,11303
Argentina,Ciudad Autonoma de Buenos Aires,Comuna 7,204923,20,2025,10,7839
Argentina,Ciudad Autonoma de Buenos Aires,Comuna 7,204924,20,2025,14,11126
Argentina,Ciudad Autonoma de Buenos Aires,Comuna 10,207001,21,2025,7,6651
Argentina,Ciudad Autonoma de Buenos Aires,Comuna 10,207002,21,2025,4,7094
Argentina,Ciudad Autonoma de Buenos Aires,Comuna 10,207003,21,2025,8,6682
Argentina,Ciudad Autonoma de Buenos Aires,Comuna 10,207004,21,2025,9,9342
Argentina,Ciudad Autonoma de Buenos Aires,Comuna 10,207005,21,2025,17,11787
Argentina,Ciudad Autonoma de Buenos Aires,Comuna 10,207006,21,2025,11,12408
Argentina,Ciudad Autonoma de Buenos Aires,Comuna 10,207007,21,2025,13,11630
Argentina,Ciudad Autonoma de Buenos Aires,Comuna 10,207008,21,2025,8,9038
Argentina,Ciudad Autonoma de Buenos Aires,Comuna 10,207009,21,2025,14,8752
Argentina,Ciudad Autonoma de Buenos Aires,Comuna 10,207010,21,2025,9,10398
Argentina,Ciudad Autonoma de Buenos Aires,Comuna 10,207011,21,2025,10,8554
Argentina,Ciudad Autonoma de Buenos Aires,Comuna 10,207012,21,2025,4,6677
Argentina,Ciudad Autonoma de Buenos Aires,Comuna 10,207013,21,2025,8,8285
Argentina,Ciudad Autonoma de Buenos Aires,Comuna 10,207014,21,2025,13,9092
Argentina,Ciudad Autonoma de Buenos Aires,Comuna 10,207015,21,2025,2,7248
Argentina,Ciudad Autonoma de Buenos Aires,Comuna 10,207016,21,2025,13,8724
Argentina,Ciudad Autonoma de Buenos Aires,Comuna 10,207017,21,2025,6,9635
Argentina,Ciudad Autonoma de Buenos Aires,Comuna 10,207018,21,2025,8,8682
Argentina,Ciudad Autonoma de Buenos Aires,Comuna 10,207019,21,2025,13,11217
Argentina,Ciudad Autonoma de Buenos Aires,Comuna 11,207701,21,2025,6,11069
Argentina,Ciudad Autonoma de Buenos Aires,Comuna 11,207702,21,2025,10,10205
Argentina,Ciudad Autonoma de Buenos Aires,Comuna 11,207703,21,2025,7,9103
Argentina,Ciudad Autonoma de Buenos Aires,Comuna 11,207704,21,2025,11,10387
Argentina,Ciudad Autonoma de Buenos Aires,Comuna 11,207705,21,2025,10,7955
Argentina,Ciudad Autonoma de Buenos Aires,Comuna 11,207706,21,2025,7,11455
Argentina,Ciudad Autonoma de Buenos Aires,Comuna 11,207707,21,2025,12,11428
Argentina,Ciudad Autonoma de Buenos Aires,Comuna 11,207708,21,2025,7,8072
Argentina,Ciudad Autonoma de Buenos Aires,Comuna 11,207709,21,2025,7,9257
Argentina,Ciudad Autonoma de Buenos Aires,Comuna 11,207710,21,2025,8,11259
Argentina,Ciudad Autonoma de Buenos Aires,Comuna 11,207711,21,2025,6,8065
Argentina,Ciudad Autonoma de Buenos Aires,Comuna 11,207712,21,2025,13,8059
Argentina,Ciudad Autonoma de Buenos Aires,Comuna 11,207713,21,2025,8,9254
Argentina,Ciudad Autonoma de Buenos Aires,Comuna 11,207714,21,2025,7,7270
Argentina,Ciudad Autonoma de Buenos Aires,Comuna 11,207715,21,2025,14,10022
Argentina,Ciudad Autonoma de Buenos Aires,Comuna 11,207716,21,2025,6,9462
Argentina,Ciudad Autonoma de Buenos Aires,Comuna 11,207717,21,2025,9,6323
Argentina,Ciudad Autonoma de Buenos Aires,Comuna 11,207718,21,2025,12,9010
Argentina,Ciudad Autonoma de Buenos Aires,Comuna 11,207719,21,2025,4,7194
Argentina,Ciudad Autonoma de Buenos Aires,Comuna 11,207720,21,2025,6,9079
Argentina,Ciudad Autonoma de Buenos Aires,Comuna 11,207721,21,2025,11,9075
Argentina,Ciudad Autonoma de Buenos Aires,Comuna 11,207722,21,2025,8,8902
Argentina,Ciudad Autonoma de Buenos Aires,Comuna 12,208401,21,2025,31,9341
Argentina,Ciudad Autonoma de Buenos Aires,Comuna 12,208402,21,2025,33,8793
Argentina,Ciudad Autonoma de Buenos Aires,Comuna 12,208403,21,2025,34,9271
Argentina,Ciudad Autonoma de Buenos Aires,Comuna 12,208404,21,2025,26,8702
Argentina,Ciudad Autonoma de Buenos Aires,Comuna 12,208405,21,2025,28,8415
Argentina,Ciudad Autonoma de Buenos Aires,Comuna 12,208406,21,2025,34,9143
Argentina,Ciudad Autonoma de Buenos Aires,Comuna 12,208407,21,2025,19,10293
Argentina,Ciudad Autonoma de Buenos Aires,Comuna 12,208408,21,2025,30,10510
Argentina,Ciudad Autonoma de Buenos Aires,Comuna 12,208409,21,2025,23,8365
Argentina,Ciudad Autonoma de Buenos Aires,Comuna 12,208410,21,2025,33,11926
Argentina,Ciudad Autonoma de Buenos Aires,Comuna 12,208411,21,2025,24,10276
Argentina,Ciudad Autonoma de Buenos Aires,Comuna 12,208412,21,2025,26,8291
Argentina,Ciudad Autonoma de Buenos Aires,Comuna 12,208413,21,2025,38,9891
Argentina,Ciudad Autonoma de Buenos Aires,Comuna 12,208414,21,2025,44,12202
Argentina,Ciudad Autonoma de Buenos Aires,Comuna 12,208415,21,2025,42,13785
Argentina,Ciudad Autonoma de Buenos Aires,Comuna 12,208416,21,2025,48,16395
Argentina,Ciudad Autonoma de Buenos Aires,Comuna 12,208417,21,2025,31,9935
Argentina,Ciudad Autonoma de Buenos Aires,Comuna 12,208418,21,2025,34,13227
Argentina,Ciudad Autonoma de Buenos Aires,Comuna 12,208419,21,2025,33,12268
Argentina,Ciudad Autonoma de Buenos Aires,Comuna 12,208420,21,2025,35,9926
Argentina,Ciudad Autonoma de Buenos Aires,Comuna 12,208421,21,2025,28,11426
Argentina,Ciudad Autonoma de Buenos Aires,Comuna 12,208422,21,2025,39,12983
Argentina,Ciudad Autonoma de Buenos Aires,Comuna 13,209101,21,2025,35,11656
Argentina,Ciudad Autonoma de Buenos Aires,Comuna 13,209102,21,2025,16,10984
Argentina,Ciudad Autonoma de Buenos Aires,Comuna 13,209103,21,2025,16,10868
Argentina,Ciudad Autonoma de Buenos Aires,Comuna 13,209104,21,2025,28,13113
Argentina,Ciudad Autonoma de Buenos Aires,Comuna 13,209105,21,2025,20,10421
Argentina,Ciudad Autonoma de Buenos Aires,Comuna 13,209106,21,2025,14,7917
Argentina,Ciudad Autonoma de Buenos Aires,Comuna 13,209107,21,2025,18,8294
Argentina,Ciudad Autonoma de Buenos Aires,Comuna 13,209108,21,2025,19,9153
Argentina,Ciudad Autonoma de Buenos Aires,Comuna 13,209109,21,2025,17,8207
Argentina,Ciudad Autonoma de Buenos Aires,Comuna 13,209110,21,2025,22,10807
Argentina,Ciudad Autonoma de Buenos Aires,Comuna 13,209111,21,2025,12,4808
Argentina,Ciudad Autonoma de Buenos Aires,Comuna 13,209112,21,2025,8,8591
Argentina,Ciudad Autonoma de Buenos Aires,Comuna 13,209113,21,2025,18,10772
Argentina,Ciudad Autonoma de Buenos Aires,Comuna 13,209114,21,2025,15,7311
Argentina,Ciudad Autonoma de Buenos Aires,Comuna 13,209115,21,2025,17,9651
Argentina,Ciudad Autonoma de Buenos Aires,Comuna 13,209116,21,2025,20,10427
Argentina,Ciudad Autonoma de Buenos Aires,Comuna 13,209117,21,2025,23,11221
Argentina,Ciudad Autonoma de Buenos Aires,Comuna 13,209118,21,2025,13,8113
Argentina,Ciudad Autonoma de Buenos Aires,Comuna 13,209119,21,2025,15,8504
Argentina,Ciudad Autonoma de Buenos Aires,Comuna 13,209120,21,2025,11,9333
Argentina,Ciudad Autonoma de Buenos Aires,Comuna 13,209121,21,2025,20,8521
Argentina,Ciudad Autonoma de Buenos Aires,Comuna 13,209122,21,2025,21,8416
Argentina,Ciudad Autonoma de Buenos Aires,Comuna 13,209123,21,2025,24,9675
Argentina,Ciudad Autonoma de Buenos Aires,Comuna 13,209124,21,2025,17,7611
Argentina,Ciudad Autonoma de Buenos Aires,Comuna 13,209125,21,2025,10,6503
Argentina,Ciudad Autonoma de Buenos Aires,Comuna 13,209126,21,2025,15,8070
Argentina,Ciudad Autonoma de Buenos Aires,Comuna 13,209127,21,2025,11,7860
Argentina,Ciudad Autonoma de Buenos Aires,Comuna 13,209128,21,2025,8,7714
Argentina,Ciudad Autonoma de Buenos Aires,Comuna 13,209129,21,2025,17,7809
Argentina,Ciudad Autonoma de Buenos Aires,Comuna 14,209801,21,2025,12,8008
Argentina,Ciudad Autonoma de Buenos Aires,Comuna 14,209802,21,2025,11,8651
Argentina,Ciudad Autonoma de Buenos Aires,Comuna 14,209803,21,2025,17,9921
Argentina,Ciudad Autonoma de Buenos Aires,Comuna 14,209804,21,2025,11,9128
Argentina,Ciudad Autonoma de Buenos Aires,Comuna 14,209805,21,2025,18,7958
Argentina,Ciudad Autonoma de Buenos Aires,Comuna 14,209806,21,2025,13,9397
Argentina,Ciudad Autonoma de Buenos Aires,Comuna 14,209807,21,2025,19,9307
Argentina,Ciudad Autonoma de Buenos Aires,Comuna 14,209808,21,2025,14,8700
Argentina,Ciudad Autonoma de Buenos Aires,Comuna 14,209809,21,2025,16,12492
Argentina,Ciudad Autonoma de Buenos Aires,Comuna 14,209810,21,2025,1,190
Argentina,Ciudad Autonoma de Buenos Aires,Comuna 14,209811,21,2025,19,12051
Argentina,Ciudad Autonoma de Buenos Aires,Comuna 14,209812,21,2025,6,7962
Argentina,Ciudad Autonoma de Buenos Aires,Comuna 14,209813,21,2025,11,7376
Argentina,Ciudad Autonoma de Buenos Aires,Comuna 14,209814,21,2025,13,7484
Argentina,Ciudad Autonoma de Buenos Aires,Comuna 14,209815,21,2025,14,8094
Argentina,Ciudad Autonoma de Buenos Aires,Comuna 14,209816,21,2025,8,6773
Argentina,Ciudad Autonoma de Buenos Aires,Comuna 14,209817,21,2025,18,7231
Argentina,Ciudad Autonoma de Buenos Aires,Comuna 14,209818,21,2025,7,6981
Argentina,Ciudad Autonoma de Buenos Aires,Comuna 14,209819,21,2025,13,5589
Argentina,Ciudad Autonoma de Buenos Aires,Comuna 14,209820,21,2025,11,6758
Argentina,Ciudad Autonoma de Buenos Aires,Comuna 14,209821,21,2025,7,7312
Argentina,Ciudad Autonoma de Buenos Aires,Comuna 14,209822,21,2025,13,8363
Argentina,Ciudad Autonoma de Buenos Aires,Comuna 14,209823,21,2025,28,11012
Argentina,Ciudad Autonoma de Buenos Aires,Comuna 14,209824,21,2025,10,6199
Argentina,Ciudad Autonoma de Buenos Aires,Comuna 14,209825,21,2025,13,7637
Argentina,Ciudad Autonoma de Buenos Aires,Comuna 14,209826,21,2025,12,6558
Argentina,Ciudad Autonoma de Buenos Aires,Comuna 14,209827,21,2025,7,6199
Argentina,Ciudad Autonoma de Buenos Aires,Comuna 14,209828,21,2025,23,9243
Argentina,Ciudad Autonoma de Buenos Aires,Comuna 14,209829,21,2025,11,8453
Argentina,Ciudad Autonoma de Buenos Aires,Comuna 14,209830,21,2025,19,8109
Argentina,Ciudad Autonoma de Buenos Aires,Comuna 14,209831,21,2025,10,8116
Argentina,Ciudad Autonoma de Buenos Aires,Comuna 15,210501,21,2025,11,9594
Argentina,Ciudad Autonoma de Buenos Aires,Comuna 15,210502,21,2025,10,6548
Argentina,Ciudad Autonoma de Buenos Aires,Comuna 15,210503,21,2025,13,10235
Argentina,Ciudad Autonoma de Buenos Aires,Comuna 15,210504,21,2025,24,12235
Argentina,Ciudad Autonoma de Buenos Aires,Comuna 15,210505,21,2025,19,12207
Argentina,Ciudad Autonoma de Buenos Aires,Comuna 15,210506,21,2025,5,4156
Argentina,Ciudad Autonoma de Buenos Aires,Comuna 15,210507,21,2025,22,12285
Argentina,Ciudad Autonoma de Buenos Aires,Comuna 15,210508,21,2025,14,8807
Argentina,Ciudad Autonoma de Buenos Aires,Comuna 15,210509,21,2025,16,8645
Argentina,Ciudad Autonoma de Buenos Aires,Comuna 15,210510,21,2025,16,10813
Argentina,Ciudad Autonoma de Buenos Aires,Comuna 15,210511,21,2025,22,11863
Argentina,Ciudad Autonoma de Buenos Aires,Comuna 15,210512,21,2025,8,7208
Argentina,Ciudad Autonoma de Buenos Aires,Comuna 15,210513,21,2025,17,7242
Argentina,Ciudad Autonoma de Buenos Aires,Comuna 15,210514,21,2025,16,9564
Argentina,Ciudad Autonoma de Buenos Aires,Comuna 15,210515,21,2025,22,9091
Argentina,Ciudad Autonoma de Buenos Aires,Comuna 15,210516,21,2025,16,8911
Argentina,Ciudad Autonoma de Buenos Aires,Comuna 15,210517,21,2025,18,8753
Argentina,Ciudad Autonoma de Buenos Aires,Comuna 15,210518,21,2025,11,8161
Argentina,Ciudad Autonoma de Buenos Aires,Comuna 15,210519,21,2025,8,8739
Argentina,Ciudad Autonoma de Buenos Aires,Comuna 15,210520,21,2025,15,8787
Argentina,Ciudad Autonoma de Buenos Aires,Comuna 15,210521,21,2025,10,11421
Argentina,Ciudad Autonoma de Buenos Aires,Comuna 2,201401,21,2025,1,554
Argentina,Ciudad Autonoma de Buenos Aires,Comuna 2,201402,21,2025,3,5022
Argentina,Ciudad Autonoma de Buenos Aires,Comuna 2,201403,21,2025,8,5681
Argentina,Ciudad Autonoma de Buenos Aires,Comuna 2,201404,21,2025,3,6670
Argentina,Ciudad Autonoma de Buenos Aires,Comuna 2,201405,21,2025,6,6654
Argentina,Ciudad Autonoma de Buenos Aires,Comuna 2,201406,21,2025,11,6504
Argentina,Ciudad Autonoma de Buenos Aires,Comuna 2,201407,21,2025,10,7631
Argentina,Ciudad Autonoma de Buenos Aires,Comuna 2,201408,21,2025,13,9285
Argentina,Ciudad Autonoma de Buenos Aires,Comuna 2,201409,21,2025,10,8985
Argentina,Ciudad Autonoma de Buenos Aires,Comuna 2,201410,21,2025,7,7067
Argentina,Ciudad Autonoma de Buenos Aires,Comuna 2,201411,21,2025,5,5593
Argentina,Ciudad Autonoma de Buenos Aires,Comuna 2,201412,21,2025,4,5734
Argentina,Ciudad Autonoma de Buenos Aires,Comuna 2,201413,21,2025,9,7043
Argentina,Ciudad Autonoma de Buenos Aires,Comuna 2,201414,21,2025,3,8370
Argentina,Ciudad Autonoma de Buenos Aires,Comuna 2,201415,21,2025,5,6053
Argentina,Ciudad Autonoma de Buenos Aires,Comuna 2,201416,21,2025,6,5917
Argentina,Ciudad Autonoma de Buenos Aires,Comuna 2,201417,21,2025,12,7963
Argentina,Ciudad Autonoma de Buenos Aires,Comuna 2,201418,21,2025,5,6383
Argentina,Ciudad Autonoma de Buenos Aires,Comuna 2,201419,21,2025,4,6436
Argentina,Ciudad Autonoma de Buenos Aires,Comuna 2,201420,21,2025,6,7134
Argentina,Ciudad Autonoma de Buenos Aires,Comuna 2,201421,21,2025,2,5726
Argentina,Ciudad Autonoma de Buenos Aires,Comuna 2,201422,21,2025,2,5002
Argentina,Ciudad Autonoma de Buenos Aires,Comuna 2,201423,21,2025,7,5517
Argentina,Ciudad Autonoma de Buenos Aires,Comuna 2,201424,21,2025,5,5483
Argentina,Ciudad Autonoma de Buenos Aires,Comuna 2,201425,21,2025,6,8202
Argentina,Ciudad Autonoma de Buenos Aires,Comuna 5,203501,21,2025,9,9107
Argentina,Ciudad Autonoma de Buenos Aires,Comuna 5,203502,21,2025,7,8659
Argentina,Ciudad Autonoma de Buenos Aires,Comuna 5,203503,21,2025,7,9246
Argentina,Ciudad Autonoma de Buenos Aires,Comuna 5,203504,21,2025,3,8180
Argentina,Ciudad Autonoma de Buenos Aires,Comuna 5,203505,21,2025,11,6557
Argentina,Ciudad Autonoma de Buenos Aires,Comuna 5,203506,21,2025,10,7989
Argentina,Ciudad Autonoma de Buenos Aires,Comuna 5,203507,21,2025,6,7616
Argentina,Ciudad Autonoma de Buenos Aires,Comuna 5,203508,21,2025,7,8744
Argentina,Ciudad Autonoma de Buenos Aires,Comuna 5,203509,21,2025,9,7892
Argentina,Ciudad Autonoma de Buenos Aires,Comuna 5,203510,21,2025,5,8718
Argentina,Ciudad Autonoma de Buenos Aires,Comuna 5,203511,21,2025,7,9263
Argentina,Ciudad Autonoma de Buenos Aires,Comuna 5,203512,21,2025,6,7201
Argentina,Ciudad Autonoma de Buenos Aires,Comuna 5,203513,21,2025,7,7410
Argentina,Ciudad Autonoma de Buenos Aires,Comuna 5,203514,21,2025,4,8821
Argentina,Ciudad Autonoma de Buenos Aires,Comuna 5,203515,21,2025,5,7651
Argentina,Ciudad Autonoma de Buenos Aires,Comuna 5,203516,21,2025,10,10461
Argentina,Ciudad Autonoma de Buenos Aires,Comuna 5,203517,21,2025,13,9254
Argentina,Ciudad Autonoma de Buenos Aires,Comuna 5,203518,21,2025,15,9162
Argentina,Ciudad Autonoma de Buenos Aires,Comuna 5,203519,21,2025,6,9340
Argentina,Ciudad Autonoma de Buenos Aires,Comuna 5,203520,21,2025,13,11091
Argentina,Ciudad Autonoma de Buenos Aires,Comuna 5,203521,21,2025,8,8855
Argentina,Ciudad Autonoma de Buenos Aires,Comuna 5,203522,21,2025,7,11232
Argentina,Ciudad Autonoma de Buenos Aires,Comuna 6,204201,21,2025,11,9911
Argentina,Ciudad Autonoma de Buenos Aires,Comuna 6,204202,21,2025,8,10787
Argentina,Ciudad Autonoma de Buenos Aires,Comuna 6,204203,21,2025,13,8899
Argentina,Ciudad Autonoma de Buenos Aires,Comuna 6,204204,21,2025,12,11727
Argentina,Ciudad Autonoma de Buenos Aires,Comuna 6,204205,21,2025,17,10329
Argentina,Ciudad Autonoma de Buenos Aires,Comuna 6,204206,21,2025,8,10367
Argentina,Ciudad Autonoma de Buenos Aires,Comuna 6,204207,21,2025,16,12185
Argentina,Ciudad Autonoma de Buenos Aires,Comuna 6,204208,21,2025,6,9497
Argentina,Ciudad Autonoma de Buenos Aires,Comuna 6,204209,21,2025,14,7356
Argentina,Ciudad Autonoma de Buenos Aires,Comuna 6,204210,21,2025,5,8697
Argentina,Ciudad Autonoma de Buenos Aires,Comuna 6,204211,21,2025,11,9646
Argentina,Ciudad Autonoma de Buenos Aires,Comuna 6,204212,21,2025,11,7926
Argentina,Ciudad Autonoma de Buenos Aires,Comuna 6,204213,21,2025,9,10037
Argentina,Ciudad Autonoma de Buenos Aires,Comuna 6,204214,21,2025,12,9669
Argentina,Ciudad Autonoma de Buenos Aires,Comuna 6,204215,21,2025,10,9168
Argentina,Ciudad Autonoma de Buenos Aires,Comuna 6,204216,21,2025,12,12982
Argentina,Ciudad Autonoma de Buenos Aires,Comuna 6,204217,21,2025,6,7259
Argentina,Ciudad Autonoma de Buenos Aires,Comuna 6,204218,21,2025,8,8066
Argentina,Ciudad Autonoma de Buenos Aires,Comuna 6,204219,21,2025,12,7952
Argentina,Ciudad Autonoma de Buenos Aires,Comuna 6,204220,21,2025,10,8895
Argentina,Ciudad Autonoma de Buenos Aires,Comuna 6,204221,21,2025,14,10409
Argentina,Ciudad Autonoma de Buenos Aires,Comuna 7,204901,21,2025,10,6665
Argentina,Ciudad Autonoma de Buenos Aires,Comuna 7,204902,21,2025,5,8593
Argentina,Ciudad Autonoma de Buenos Aires,Comuna 7,204903,21,2025,7,10871
Argentina,Ciudad Autonoma de Buenos Aires,Comuna 7,204904,21,2025,7,9795
Argentina,Ciudad Autonoma de Buenos Aires,Comuna 7,204905,21,2025,7,8999
Argentina,Ciudad Autonoma de Buenos Aires,Comuna 7,204906,21,2025,4,7524
Argentina,Ciudad Autonoma de Buenos Aires,Comuna 7,204907,21,2025,6,9257
Argentina,Ciudad Autonoma de Buenos Aires,Comuna 7,204908,21,2025,5,7685
Argentina,Ciudad Autonoma de Buenos Aires,Comuna 7,204909,21,2025,13,9705
Argentina,Ciudad Autonoma de Buenos Aires,Comuna 7,204910,21,2025,6,8735
Argentina,Ciudad Autonoma de Buenos Aires,Comuna 7,204911,21,2025,10,10501
Argentina,Ciudad Autonoma de Buenos Aires,Comuna 7,204912,21,2025,5,7467
Argentina,Ciudad Autonoma de Buenos Aires,Comuna 7,204913,21,2025,11,11414
Argentina,Ciudad Autonoma de Buenos Aires,Comuna 7,204914,21,2025,15,11132
Argentina,Ciudad Autonoma de Buenos Aires,Comuna 7,204915,21,2025,12,9647
Argentina,Ciudad Autonoma de Buenos Aires,Comuna 7,204916,21,2025,12,8094
Argentina,Ciudad Autonoma de Buenos Aires,Comuna 7,204917,21,2025,4,2971
Argentina,Ciudad Autonoma de Buenos Aires,Comuna 7,204918,21,2025,2,3398
Argentina,Ciudad Autonoma de Buenos Aires,Comuna 7,204919,21,2025,11,6454
Argentina,Ciudad Autonoma de Buenos Aires,Comuna 7,204920,21,2025,13,12736
Argentina,Ciudad Autonoma de Buenos Aires,Comuna 7,204921,21,2025,13,11351
Argentina,Ciudad Autonoma de Buenos Aires,Comuna 7,204922,21,2025,14,11303
Argentina,Ciudad Autonoma de Buenos Aires,Comuna 7,204923,21,2025,10,7839
Argentina,Ciudad Autonoma de Buenos Aires,Comuna 7,204924,21,2025,7,11126
Argentina,Ciudad Autonoma de Buenos Aires,Comuna 10,207001,22,2025,6,6651
Argentina,Ciudad Autonoma de Buenos Aires,Comuna 10,207002,22,2025,9,7094
Argentina,Ciudad Autonoma de Buenos Aires,Comuna 10,207003,22,2025,4,6682
Argentina,Ciudad Autonoma de Buenos Aires,Comuna 10,207004,22,2025,9,9342
Argentina,Ciudad Autonoma de Buenos Aires,Comuna 10,207005,22,2025,11,11787
Argentina,Ciudad Autonoma de Buenos Aires,Comuna 10,207006,22,2025,13,12408
Argentina,Ciudad Autonoma de Buenos Aires,Comuna 10,207007,22,2025,11,11630
Argentina,Ciudad Autonoma de Buenos Aires,Comuna 10,207008,22,2025,11,9038
Argentina,Ciudad Autonoma de Buenos Aires,Comuna 10,207009,22,2025,5,8752
Argentina,Ciudad Autonoma de Buenos Aires,Comuna 10,207010,22,2025,10,10398
Argentina,Ciudad Autonoma de Buenos Aires,Comuna 10,207011,22,2025,9,8554
Argentina,Ciudad Autonoma de Buenos Aires,Comuna 10,207012,22,2025,9,6677
Argentina,Ciudad Autonoma de Buenos Aires,Comuna 10,207013,22,2025,7,8285
Argentina,Ciudad Autonoma de Buenos Aires,Comuna 10,207014,22,2025,8,9092
Argentina,Ciudad Autonoma de Buenos Aires,Comuna 10,207015,22,2025,4,7248
Argentina,Ciudad Autonoma de Buenos Aires,Comuna 10,207016,22,2025,10,8724
Argentina,Ciudad Autonoma de Buenos Aires,Comuna 10,207017,22,2025,10,9635
Argentina,Ciudad Autonoma de Buenos Aires,Comuna 10,207018,22,2025,7,8682
Argentina,Ciudad Autonoma de Buenos Aires,Comuna 10,207019,22,2025,11,11217
Argentina,Ciudad Autonoma de Buenos Aires,Comuna 11,207701,22,2025,10,11069
Argentina,Ciudad Autonoma de Buenos Aires,Comuna 11,207702,22,2025,15,10205
Argentina,Ciudad Autonoma de Buenos Aires,Comuna 11,207703,22,2025,13,9103
Argentina,Ciudad Autonoma de Buenos Aires,Comuna 11,207704,22,2025,13,10387
Argentina,Ciudad Autonoma de Buenos Aires,Comuna 11,207705,22,2025,14,7955
Argentina,Ciudad Autonoma de Buenos Aires,Comuna 11,207706,22,2025,10,11455
Argentina,Ciudad Autonoma de Buenos Aires,Comuna 11,207707,22,2025,13,11428
Argentina,Ciudad Autonoma de Buenos Aires,Comuna 11,207708,22,2025,13,8072
Argentina,Ciudad Autonoma de Buenos Aires,Comuna 11,207709,22,2025,17,9257
Argentina,Ciudad Autonoma de Buenos Aires,Comuna 11,207710,22,2025,12,11259
Argentina,Ciudad Autonoma de Buenos Aires,Comuna 11,207711,22,2025,8,8065
Argentina,Ciudad Autonoma de Buenos Aires,Comuna 11,207712,22,2025,4,8059
Argentina,Ciudad Autonoma de Buenos Aires,Comuna 11,207713,22,2025,4,9254
Argentina,Ciudad Autonoma de Buenos Aires,Comuna 11,207714,22,2025,7,7270
Argentina,Ciudad Autonoma de Buenos Aires,Comuna 11,207715,22,2025,12,10022
Argentina,Ciudad Autonoma de Buenos Aires,Comuna 11,207716,22,2025,6,9462
Argentina,Ciudad Autonoma de Buenos Aires,Comuna 11,207717,22,2025,8,6323
Argentina,Ciudad Autonoma de Buenos Aires,Comuna 11,207718,22,2025,6,9010
Argentina,Ciudad Autonoma de Buenos Aires,Comuna 11,207719,22,2025,2,7194
Argentina,Ciudad Autonoma de Buenos Aires,Comuna 11,207720,22,2025,13,9079
Argentina,Ciudad Autonoma de Buenos Aires,Comuna 11,207721,22,2025,5,9075
Argentina,Ciudad Autonoma de Buenos Aires,Comuna 11,207722,22,2025,4,8902
Argentina,Ciudad Autonoma de Buenos Aires,Comuna 12,208401,22,2025,31,9341
Argentina,Ciudad Autonoma de Buenos Aires,Comuna 12,208402,22,2025,26,8793
Argentina,Ciudad Autonoma de Buenos Aires,Comuna 12,208403,22,2025,30,9271
Argentina,Ciudad Autonoma de Buenos Aires,Comuna 12,208404,22,2025,26,8702
Argentina,Ciudad Autonoma de Buenos Aires,Comuna 12,208405,22,2025,25,8415
Argentina,Ciudad Autonoma de Buenos Aires,Comuna 12,208406,22,2025,25,9143
Argentina,Ciudad Autonoma de Buenos Aires,Comuna 12,208407,22,2025,27,10293
Argentina,Ciudad Autonoma de Buenos Aires,Comuna 12,208408,22,2025,27,10510
Argentina,Ciudad Autonoma de Buenos Aires,Comuna 12,208409,22,2025,26,8365
Argentina,Ciudad Autonoma de Buenos Aires,Comuna 12,208410,22,2025,32,11926
Argentina,Ciudad Autonoma de Buenos Aires,Comuna 12,208411,22,2025,26,10276
Argentina,Ciudad Autonoma de Buenos Aires,Comuna 12,208412,22,2025,23,8291
Argentina,Ciudad Autonoma de Buenos Aires,Comuna 12,208413,22,2025,24,9891
Argentina,Ciudad Autonoma de Buenos Aires,Comuna 12,208414,22,2025,39,12202
Argentina,Ciudad Autonoma de Buenos Aires,Comuna 12,208415,22,2025,33,13785
Argentina,Ciudad Autonoma de Buenos Aires,Comuna 12,208416,22,2025,54,16395
Argentina,Ciudad Autonoma de Buenos Aires,Comuna 12,208417,22,2025,35,9935
Argentina,Ciudad Autonoma de Buenos Aires,Comuna 12,208418,22,2025,53,13227
Argentina,Ciudad Autonoma de Buenos Aires,Comuna 12,208419,22,2025,31,12268
Argentina,Ciudad Autonoma de Buenos Aires,Comuna 12,208420,22,2025,27,9926
Argentina,Ciudad Autonoma de Buenos Aires,Comuna 12,208421,22,2025,42,11426
Argentina,Ciudad Autonoma de Buenos Aires,Comuna 12,208422,22,2025,31,12983
Argentina,Ciudad Autonoma de Buenos Aires,Comuna 13,209101,22,2025,30,11656
Argentina,Ciudad Autonoma de Buenos Aires,Comuna 13,209102,22,2025,24,10984
Argentina,Ciudad Autonoma de Buenos Aires,Comuna 13,209103,22,2025,19,10868
Argentina,Ciudad Autonoma de Buenos Aires,Comuna 13,209104,22,2025,29,13113
Argentina,Ciudad Autonoma de Buenos Aires,Comuna 13,209105,22,2025,27,10421
Argentina,Ciudad Autonoma de Buenos Aires,Comuna 13,209106,22,2025,13,7917
Argentina,Ciudad Autonoma de Buenos Aires,Comuna 13,209107,22,2025,23,8294
Argentina,Ciudad Autonoma de Buenos Aires,Comuna 13,209108,22,2025,20,9153
Argentina,Ciudad Autonoma de Buenos Aires,Comuna 13,209109,22,2025,10,8207
Argentina,Ciudad Autonoma de Buenos Aires,Comuna 13,209110,22,2025,28,10807
Argentina,Ciudad Autonoma de Buenos Aires,Comuna 13,209111,22,2025,10,4808
Argentina,Ciudad Autonoma de Buenos Aires,Comuna 13,209112,22,2025,16,8591
Argentina,Ciudad Autonoma de Buenos Aires,Comuna 13,209113,22,2025,19,10772
Argentina,Ciudad Autonoma de Buenos Aires,Comuna 13,209114,22,2025,18,7311
Argentina,Ciudad Autonoma de Buenos Aires,Comuna 13,209115,22,2025,19,9651
Argentina,Ciudad Autonoma de Buenos Aires,Comuna 13,209116,22,2025,17,10427
Argentina,Ciudad Autonoma de Buenos Aires,Comuna 13,209117,22,2025,22,11221
Argentina,Ciudad Autonoma de Buenos Aires,Comuna 13,209118,22,2025,15,8113
Argentina,Ciudad Autonoma de Buenos Aires,Comuna 13,209119,22,2025,9,8504
Argentina,Ciudad Autonoma de Buenos Aires,Comuna 13,209120,22,2025,15,9333
Argentina,Ciudad Autonoma de Buenos Aires,Comuna 13,209121,22,2025,17,8521
Argentina,Ciudad Autonoma de Buenos Aires,Comuna 13,209122,22,2025,22,8416
Argentina,Ciudad Autonoma de Buenos Aires,Comuna 13,209123,22,2025,19,9675
Argentina,Ciudad Autonoma de Buenos Aires,Comuna 13,209124,22,2025,9,7611
Argentina,Ciudad Autonoma de Buenos Aires,Comuna 13,209125,22,2025,15,6503
Argentina,Ciudad Autonoma de Buenos Aires,Comuna 13,209126,22,2025,14,8070
Argentina,Ciudad Autonoma de Buenos Aires,Comuna 13,209127,22,2025,15,7860
Argentina,Ciudad Autonoma de Buenos Aires,Comuna 13,209128,22,2025,10,7714
Argentina,Ciudad Autonoma de Buenos Aires,Comuna 13,209129,22,2025,10,7809
Argentina,Ciudad Autonoma de Buenos Aires,Comuna 14,209801,22,2025,13,8008
Argentina,Ciudad Autonoma de Buenos Aires,Comuna 14,209802,22,2025,15,8651
Argentina,Ciudad Autonoma de Buenos Aires,Comuna 14,209803,22,2025,12,9921
Argentina,Ciudad Autonoma de Buenos Aires,Comuna 14,209804,22,2025,8,9128
Argentina,Ciudad Autonoma de Buenos Aires,Comuna 14,209805,22,2025,12,7958
Argentina,Ciudad Autonoma de Buenos Aires,Comuna 14,209806,22,2025,9,9397
Argentina,Ciudad Autonoma de Buenos Aires,Comuna 14,209807,22,2025,18,9307
Argentina,Ciudad Autonoma de Buenos Aires,Comuna 14,209808,22,2025,11,8700
Argentina,Ciudad Autonoma de Buenos Aires,Comuna 14,209809,22,2025,18,12492
Argentina,Ciudad Autonoma de Buenos Aires,Comuna 14,209810,22,2025,0,190
Argentina,Ciudad Autonoma de Buenos Aires,Comuna 14,209811,22,2025,21,12051
Argentina,Ciudad Autonoma de Buenos Aires,Comuna 14,209812,22,2025,7,7962
Argentina,Ciudad Autonoma de Buenos Aires,Comuna 14,209813,22,2025,8,7376
Argentina,Ciudad Autonoma de Buenos Aires,Comuna 14,209814,22,2025,8,7484
Argentina,Ciudad Autonoma de Buenos Aires,Comuna 14,209815,22,2025,15,8094
Argentina,Ciudad Autonoma de Buenos Aires,Comuna 14,209816,22,2025,7,6773
Argentina,Ciudad Autonoma de Buenos Aires,Comuna 14,209817,22,2025,11,7231
Argentina,Ciudad Autonoma de Buenos Aires,Comuna 14,209818,22,2025,8,6981
Argentina,Ciudad Autonoma de Buenos Aires,Comuna 14,209819,22,2025,7,5589
Argentina,Ciudad Autonoma de Buenos Aires,Comuna 14,209820,22,2025,12,6758
Argentina,Ciudad Autonoma de Buenos Aires,Comuna 14,209821,22,2025,14,7312
Argentina,Ciudad Autonoma de Buenos Aires,Comuna 14,209822,22,2025,10,8363
Argentina,Ciudad Autonoma de Buenos Aires,Comuna 14,209823,22,2025,16,11012
Argentina,Ciudad Autonoma de Buenos Aires,Comuna 14,209824,22,2025,13,6199
Argentina,Ciudad Autonoma de Buenos Aires,Comuna 14,209825,22,2025,11,7637
Argentina,Ciudad Autonoma de Buenos Aires,Comuna 14,209826,22,2025,17,6558
Argentina,Ciudad Autonoma de Buenos Aires,Comuna 14,209827,22,2025,11,6199
Argentina,Ciudad Autonoma de Buenos Aires,Comuna 14,209828,22,2025,16,9243
Argentina,Ciudad Autonoma de Buenos Aires,Comuna 14,209829,22,2025,20,8453
Argentina,Ciudad Autonoma de Buenos Aires,Comuna 14,209830,22,2025,21,8109
Argentina,Ciudad Autonoma de Buenos Aires,Comuna 14,209831,22,2025,12,8116
Argentina,Ciudad Autonoma de Buenos Aires,Comuna 15,210501,22,2025,15,9594
Argentina,Ciudad Autonoma de Buenos Aires,Comuna 15,210502,22,2025,9,6548
Argentina,Ciudad Autonoma de Buenos Aires,Comuna 15,210503,22,2025,8,10235
Argentina,Ciudad Autonoma de Buenos Aires,Comuna 15,210504,22,2025,21,12235
Argentina,Ciudad Autonoma de Buenos Aires,Comuna 15,210505,22,2025,23,12207
Argentina,Ciudad Autonoma de Buenos Aires,Comuna 15,210506,22,2025,6,4156
Argentina,Ciudad Autonoma de Buenos Aires,Comuna 15,210507,22,2025,19,12285
Argentina,Ciudad Autonoma de Buenos Aires,Comuna 15,210508,22,2025,10,8807
Argentina,Ciudad Autonoma de Buenos Aires,Comuna 15,210509,22,2025,17,8645
Argentina,Ciudad Autonoma de Buenos Aires,Comuna 15,210510,22,2025,17,10813
Argentina,Ciudad Autonoma de Buenos Aires,Comuna 15,210511,22,2025,17,11863
Argentina,Ciudad Autonoma de Buenos Aires,Comuna 15,210512,22,2025,12,7208
Argentina,Ciudad Autonoma de Buenos Aires,Comuna 15,210513,22,2025,5,7242
Argentina,Ciudad Autonoma de Buenos Aires,Comuna 15,210514,22,2025,14,9564
Argentina,Ciudad Autonoma de Buenos Aires,Comuna 15,210515,22,2025,13,9091
Argentina,Ciudad Autonoma de Buenos Aires,Comuna 15,210516,22,2025,13,8911
Argentina,Ciudad Autonoma de Buenos Aires,Comuna 15,210517,22,2025,9,8753
Argentina,Ciudad Autonoma de Buenos Aires,Comuna 15,210518,22,2025,14,8161
Argentina,Ciudad Autonoma de Buenos Aires,Comuna 15,210519,22,2025,11,8739
Argentina,Ciudad Autonoma de Buenos Aires,Comuna 15,210520,22,2025,11,8787
Argentina,Ciudad Autonoma de Buenos Aires,Comuna 15,210521,22,2025,12,11421
Argentina,Ciudad Autonoma de Buenos Aires,Comuna 2,201401,22,2025,1,554
Argentina,Ciudad Autonoma de Buenos Aires,Comuna 2,201402,22,2025,2,5022
Argentina,Ciudad Autonoma de Buenos Aires,Comuna 2,201403,22,2025,11,5681
Argentina,Ciudad Autonoma de Buenos Aires,Comuna 2,201404,22,2025,3,6670
Argentina,Ciudad Autonoma de Buenos Aires,Comuna 2,201405,22,2025,4,6654
Argentina,Ciudad Autonoma de Buenos Aires,Comuna 2,201406,22,2025,4,6504
Argentina,Ciudad Autonoma de Buenos Aires,Comuna 2,201407,22,2025,12,7631
Argentina,Ciudad Autonoma de Buenos Aires,Comuna 2,201408,22,2025,13,9285
Argentina,Ciudad Autonoma de Buenos Aires,Comuna 2,201409,22,2025,8,8985
Argentina,Ciudad Autonoma de Buenos Aires,Comuna 2,201410,22,2025,6,7067
Argentina,Ciudad Autonoma de Buenos Aires,Comuna 2,201411,22,2025,1,5593
Argentina,Ciudad Autonoma de Buenos Aires,Comuna 2,201412,22,2025,6,5734
Argentina,Ciudad Autonoma de Buenos Aires,Comuna 2,201413,22,2025,12,7043
Argentina,Ciudad Autonoma de Buenos Aires,Comuna 2,201414,22,2025,6,8370
Argentina,Ciudad Autonoma de Buenos Aires,Comuna 2,201415,22,2025,4,6053
Argentina,Ciudad Autonoma de Buenos Aires,Comuna 2,201416,22,2025,7,5917
Argentina,Ciudad Autonoma de Buenos Aires,Comuna 2,201417,22,2025,10,7963
Argentina,Ciudad Autonoma de Buenos Aires,Comuna 2,201418,22,2025,9,6383
Argentina,Ciudad Autonoma de Buenos Aires,Comuna 2,201419,22,2025,10,6436
Argentina,Ciudad Autonoma de Buenos Aires,Comuna 2,201420,22,2025,10,7134
Argentina,Ciudad Autonoma de Buenos Aires,Comuna 2,201421,22,2025,6,5726
Argentina,Ciudad Autonoma de Buenos Aires,Comuna 2,201422,22,2025,2,5002
Argentina,Ciudad Autonoma de Buenos Aires,Comuna 2,201423,22,2025,7,5517
Argentina,Ciudad Autonoma de Buenos Aires,Comuna 2,201424,22,2025,6,5483
Argentina,Ciudad Autonoma de Buenos Aires,Comuna 2,201425,22,2025,8,8202
Argentina,Ciudad Autonoma de Buenos Aires,Comuna 5,203501,22,2025,9,9107
Argentina,Ciudad Autonoma de Buenos Aires,Comuna 5,203502,22,2025,5,8659
Argentina,Ciudad Autonoma de Buenos Aires,Comuna 5,203503,22,2025,9,9246
Argentina,Ciudad Autonoma de Buenos Aires,Comuna 5,203504,22,2025,9,8180
Argentina,Ciudad Autonoma de Buenos Aires,Comuna 5,203505,22,2025,5,6557
Argentina,Ciudad Autonoma de Buenos Aires,Comuna 5,203506,22,2025,7,7989
Argentina,Ciudad Autonoma de Buenos Aires,Comuna 5,203507,22,2025,9,7616
Argentina,Ciudad Autonoma de Buenos Aires,Comuna 5,203508,22,2025,10,8744
Argentina,Ciudad Autonoma de Buenos Aires,Comuna 5,203509,22,2025,10,7892
Argentina,Ciudad Autonoma de Buenos Aires,Comuna 5,203510,22,2025,8,8718
Argentina,Ciudad Autonoma de Buenos Aires,Comuna 5,203511,22,2025,14,9263
Argentina,Ciudad Autonoma de Buenos Aires,Comuna 5,203512,22,2025,4,7201
Argentina,Ciudad Autonoma de Buenos Aires,Comuna 5,203513,22,2025,11,7410
Argentina,Ciudad Autonoma de Buenos Aires,Comuna 5,203514,22,2025,6,8821
Argentina,Ciudad Autonoma de Buenos Aires,Comuna 5,203515,22,2025,9,7651
Argentina,Ciudad Autonoma de Buenos Aires,Comuna 5,203516,22,2025,9,10461
Argentina,Ciudad Autonoma de Buenos Aires,Comuna 5,203517,22,2025,12,9254
Argentina,Ciudad Autonoma de Buenos Aires,Comuna 5,203518,22,2025,9,9162
Argentina,Ciudad Autonoma de Buenos Aires,Comuna 5,203519,22,2025,7,9340
Argentina,Ciudad Autonoma de Buenos Aires,Comuna 5,203520,22,2025,7,11091
Argentina,Ciudad Autonoma de Buenos Aires,Comuna 5,203521,22,2025,6,8855
Argentina,Ciudad Autonoma de Buenos Aires,Comuna 5,203522,22,2025,10,11232
Argentina,Ciudad Autonoma de Buenos Aires,Comuna 6,204201,22,2025,10,9911
Argentina,Ciudad Autonoma de Buenos Aires,Comuna 6,204202,22,2025,8,10787
Argentina,Ciudad Autonoma de Buenos Aires,Comuna 6,204203,22,2025,5,8899
Argentina,Ciudad Autonoma de Buenos Aires,Comuna 6,204204,22,2025,12,11727
Argentina,Ciudad Autonoma de Buenos Aires,Comuna 6,204205,22,2025,10,10329
Argentina,Ciudad Autonoma de Buenos Aires,Comuna 6,204206,22,2025,13,10367
Argentina,Ciudad Autonoma de Buenos Aires,Comuna 6,204207,22,2025,9,12185
Argentina,Ciudad Autonoma de Buenos Aires,Comuna 6,204208,22,2025,11,9497
Argentina,Ciudad Autonoma de Buenos Aires,Comuna 6,204209,22,2025,5,7356
Argentina,Ciudad Autonoma de Buenos Aires,Comuna 6,204210,22,2025,7,8697
Argentina,Ciudad Autonoma de Buenos Aires,Comuna 6,204211,22,2025,11,9646
Argentina,Ciudad Autonoma de Buenos Aires,Comuna 6,204212,22,2025,8,7926
Argentina,Ciudad Autonoma de Buenos Aires,Comuna 6,204213,22,2025,12,10037
Argentina,Ciudad Autonoma de Buenos Aires,Comuna 6,204214,22,2025,7,9669
Argentina,Ciudad Autonoma de Buenos Aires,Comuna 6,204215,22,2025,5,9168
Argentina,Ciudad Autonoma de Buenos Aires,Comuna 6,204216,22,2025,18,12982
Argentina,Ciudad Autonoma de Buenos Aires,Comuna 6,204217,22,2025,4,7259
Argentina,Ciudad Autonoma de Buenos Aires,Comuna 6,204218,22,2025,9,8066
Argentina,Ciudad Autonoma de Buenos Aires,Comuna 6,204219,22,2025,6,7952
Argentina,Ciudad Autonoma de Buenos Aires,Comuna 6,204220,22,2025,5,8895
Argentina,Ciudad Autonoma de Buenos Aires,Comuna 6,204221,22,2025,11,10409
Argentina,Ciudad Autonoma de Buenos Aires,Comuna 7,204901,22,2025,6,6665
Argentina,Ciudad Autonoma de Buenos Aires,Comuna 7,204902,22,2025,5,8593
Argentina,Ciudad Autonoma de Buenos Aires,Comuna 7,204903,22,2025,13,10871
Argentina,Ciudad Autonoma de Buenos Aires,Comuna 7,204904,22,2025,10,9795
Argentina,Ciudad Autonoma de Buenos Aires,Comuna 7,204905,22,2025,7,8999
Argentina,Ciudad Autonoma de Buenos Aires,Comuna 7,204906,22,2025,7,7524
Argentina,Ciudad Autonoma de Buenos Aires,Comuna 7,204907,22,2025,10,9257
Argentina,Ciudad Autonoma de Buenos Aires,Comuna 7,204908,22,2025,7,7685
Argentina,Ciudad Autonoma de Buenos Aires,Comuna 7,204909,22,2025,12,9705
Argentina,Ciudad Autonoma de Buenos Aires,Comuna 7,204910,22,2025,6,8735
Argentina,Ciudad Autonoma de Buenos Aires,Comuna 7,204911,22,2025,7,10501
Argentina,Ciudad Autonoma de Buenos Aires,Comuna 7,204912,22,2025,7,7467
Argentina,Ciudad Autonoma de Buenos Aires,Comuna 7,204913,22,2025,10,11414
Argentina,Ciudad Autonoma de Buenos Aires,Comuna 7,204914,22,2025,10,11132
Argentina,Ciudad Autonoma de Buenos Aires,Comuna 7,204915,22,2025,8,9647
Argentina,Ciudad Autonoma de Buenos Aires,Comuna 7,204916,22,2025,7,8094
Argentina,Ciudad Autonoma de Buenos Aires,Comuna 7,204917,22,2025,1,2971
Argentina,Ciudad Autonoma de Buenos Aires,Comuna 7,204918,22,2025,1,3398
Argentina,Ciudad Autonoma de Buenos Aires,Comuna 7,204919,22,2025,6,6454
Argentina,Ciudad Autonoma de Buenos Aires,Comuna 7,204920,22,2025,7,12736
Argentina,Ciudad Autonoma de Buenos Aires,Comuna 7,204921,22,2025,14,11351
Argentina,Ciudad Autonoma de Buenos Aires,Comuna 7,204922,22,2025,6,11303
Argentina,Ciudad Autonoma de Buenos Aires,Comuna 7,204923,22,2025,6,7839
Argentina,Ciudad Autonoma de Buenos Aires,Comuna 7,204924,22,2025,9,11126
Argentina,Ciudad Autonoma de Buenos Aires,Comuna 10,207001,23,2025,9,6651
Argentina,Ciudad Autonoma de Buenos Aires,Comuna 10,207002,23,2025,7,7094
Argentina,Ciudad Autonoma de Buenos Aires,Comuna 10,207003,23,2025,10,6682
Argentina,Ciudad Autonoma de Buenos Aires,Comuna 10,207004,23,2025,7,9342
Argentina,Ciudad Autonoma de Buenos Aires,Comuna 10,207005,23,2025,14,11787
Argentina,Ciudad Autonoma de Buenos Aires,Comuna 10,207006,23,2025,14,12408
Argentina,Ciudad Autonoma de Buenos Aires,Comuna 10,207007,23,2025,10,11630
Argentina,Ciudad Autonoma de Buenos Aires,Comuna 10,207008,23,2025,9,9038
Argentina,Ciudad Autonoma de Buenos Aires,Comuna 10,207009,23,2025,11,8752
Argentina,Ciudad Autonoma de Buenos Aires,Comuna 10,207010,23,2025,10,10398
Argentina,Ciudad Autonoma de Buenos Aires,Comuna 10,207011,23,2025,5,8554
Argentina,Ciudad Autonoma de Buenos Aires,Comuna 10,207012,23,2025,8,6677
Argentina,Ciudad Autonoma de Buenos Aires,Comuna 10,207013,23,2025,6,8285
Argentina,Ciudad Autonoma de Buenos Aires,Comuna 10,207014,23,2025,13,9092
Argentina,Ciudad Autonoma de Buenos Aires,Comuna 10,207015,23,2025,4,7248
Argentina,Ciudad Autonoma de Buenos Aires,Comuna 10,207016,23,2025,6,8724
Argentina,Ciudad Autonoma de Buenos Aires,Comuna 10,207017,23,2025,11,9635
Argentina,Ciudad Autonoma de Buenos Aires,Comuna 10,207018,23,2025,5,8682
Argentina,Ciudad Autonoma de Buenos Aires,Comuna 10,207019,23,2025,11,11217
Argentina,Ciudad Autonoma de Buenos Aires,Comuna 11,207701,23,2025,15,11069
Argentina,Ciudad Autonoma de Buenos Aires,Comuna 11,207702,23,2025,9,10205
Argentina,Ciudad Autonoma de Buenos Aires,Comuna 11,207703,23,2025,10,9103
Argentina,Ciudad Autonoma de Buenos Aires,Comuna 11,207704,23,2025,11,10387
Argentina,Ciudad Autonoma de Buenos Aires,Comuna 11,207705,23,2025,8,7955
Argentina,Ciudad Autonoma de Buenos Aires,Comuna 11,207706,23,2025,13,11455
Argentina,Ciudad Autonoma de Buenos Aires,Comuna 11,207707,23,2025,10,11428
Argentina,Ciudad Autonoma de Buenos Aires,Comuna 11,207708,23,2025,5,8072
Argentina,Ciudad Autonoma de Buenos Aires,Comuna 11,207709,23,2025,9,9257
Argentina,Ciudad Autonoma de Buenos Aires,Comuna 11,207710,23,2025,12,11259
Argentina,Ciudad Autonoma de Buenos Aires,Comuna 11,207711,23,2025,9,8065
Argentina,Ciudad Autonoma de Buenos Aires,Comuna 11,207712,23,2025,10,8059
Argentina,Ciudad Autonoma de Buenos Aires,Comuna 11,207713,23,2025,9,9254
Argentina,Ciudad Autonoma de Buenos Aires,Comuna 11,207714,23,2025,10,7270
Argentina,Ciudad Autonoma de Buenos Aires,Comuna 11,207715,23,2025,8,10022
Argentina,Ciudad Autonoma de Buenos Aires,Comuna 11,207716,23,2025,7,9462
Argentina,Ciudad Autonoma de Buenos Aires,Comuna 11,207717,23,2025,6,6323
Argentina,Ciudad Autonoma de Buenos Aires,Comuna 11,207718,23,2025,11,9010
Argentina,Ciudad Autonoma de Buenos Aires,Comuna 11,207719,23,2025,10,7194
Argentina,Ciudad Autonoma de Buenos Aires,Comuna 11,207720,23,2025,10,9079
Argentina,Ciudad Autonoma de Buenos Aires,Comuna 11,207721,23,2025,12,9075
Argentina,Ciudad Autonoma de Buenos Aires,Comuna 11,207722,23,2025,13,8902
Argentina,Ciudad Autonoma de Buenos Aires,Comuna 12,208401,23,2025,27,9341
Argentina,Ciudad Autonoma de Buenos Aires,Comuna 12,208402,23,2025,29,8793
Argentina,Ciudad Autonoma de Buenos Aires,Comuna 12,208403,23,2025,29,9271
Argentina,Ciudad Autonoma de Buenos Aires,Comuna 12,208404,23,2025,27,8702
Argentina,Ciudad Autonoma de Buenos Aires,Comuna 12,208405,23,2025,25,8415
Argentina,Ciudad Autonoma de Buenos Aires,Comuna 12,208406,23,2025,30,9143
Argentina,Ciudad Autonoma de Buenos Aires,Comuna 12,208407,23,2025,24,10293
Argentina,Ciudad Autonoma de Buenos Aires,Comuna 12,208408,23,2025,32,10510
Argentina,Ciudad Autonoma de Buenos Aires,Comuna 12,208409,23,2025,23,8365
Argentina,Ciudad Autonoma de Buenos Aires,Comuna 12,208410,23,2025,27,11926
Argentina,Ciudad Autonoma de Buenos Aires,Comuna 12,208411,23,2025,30,10276
Argentina,Ciudad Autonoma de Buenos Aires,Comuna 12,208412,23,2025,25,8291
Argentina,Ciudad Autonoma de Buenos Aires,Comuna 12,208413,23,2025,37,9891
Argentina,Ciudad Autonoma de Buenos Aires,Comuna 12,208414,23,2025,31,12202
Argentina,Ciudad Autonoma de Buenos Aires,Comuna 12,208415,23,2025,43,13785
Argentina,Ciudad Autonoma de Buenos Aires,Comuna 12,208416,23,2025,51,16395
Argentina,Ciudad Autonoma de Buenos Aires,Comuna 12,208417,23,2025,23,9935
Argentina,Ciudad Autonoma de Buenos Aires,Comuna 12,208418,23,2025,39,13227
Argentina,Ciudad Autonoma de Buenos Aires,Comuna 12,208419,23,2025,36,12268
Argentina,Ciudad Autonoma de Buenos Aires,Comuna 12,208420,23,2025,36,9926
Argentina,Ciudad Autonoma de Buenos Aires,Comuna 12,208421,23,2025,34,11426
Argentina,Ciudad Autonoma de Buenos Aires,Comuna 12,208422,23,2025,46,12983
Argentina,Ciudad Autonoma de Buenos Aires,Comuna 13,209101,23,2025,24,11656
Argentina,Ciudad Autonoma de Buenos Aires,Comuna 13,209102,23,2025,26,10984
Argentina,Ciudad Autonoma de Buenos Aires,Comuna 13,209103,23,2025,24,10868
Argentina,Ciudad Autonoma de Buenos Aires,Comuna 13,209104,23,2025,24,13113
Argentina,Ciudad Autonoma de Buenos Aires,Comuna 13,209105,23,2025,18,10421
Argentina,Ciudad Autonoma de Buenos Aires,Comuna 13,209106,23,2025,23,7917
Argentina,Ciudad Autonoma de Buenos Aires,Comuna 13,209107,23,2025,15,8294
Argentina,Ciudad Autonoma de Buenos Aires,Comuna 13,209108,23,2025,26,9153
Argentina,Ciudad Autonoma de Buenos Aires,Comuna 13,209109,23,2025,17,8207
Argentina,Ciudad Autonoma de Buenos Aires,Comuna 13,209110,23,2025,19,10807
Argentina,Ciudad Autonoma de Buenos Aires,Comuna 13,209111,23,2025,11,4808
Argentina,Ciudad Autonoma de Buenos Aires,Comuna 13,209112,23,2025,21,8591
Argentina,Ciudad Autonoma de Buenos Aires,Comuna 13,209113,23,2025,23,10772
Argentina,Ciudad Autonoma de Buenos Aires,Comuna 13,209114,23,2025,15,7311
Argentina,Ciudad Autonoma de Buenos Aires,Comuna 13,209115,23,2025,14,9651
Argentina,Ciudad Autonoma de Buenos Aires,Comuna 13,209116,23,2025,38,10427
Argentina,Ciudad Autonoma de Buenos Aires,Comuna 13,209117,23,2025,25,11221
Argentina,Ciudad Autonoma de Buenos Aires,Comuna 13,209118,23,2025,18,8113
Argentina,Ciudad Autonoma de Buenos Aires,Comuna 13,209119,23,2025,21,8504
Argentina,Ciudad Autonoma de Buenos Aires,Comuna 13,209120,23,2025,24,9333
Argentina,Ciudad Autonoma de Buenos Aires,Comuna 13,209121,23,2025,11,8521
Argentina,Ciudad Autonoma de Buenos Aires,Comuna 13,209122,23,2025,14,8416
Argentina,Ciudad Autonoma de Buenos Aires,Comuna 13,209123,23,2025,16,9675
Argentina,Ciudad Autonoma de Buenos Aires,Comuna 13,209124,23,2025,16,7611
Argentina,Ciudad Autonoma de Buenos Aires,Comuna 13,209125,23,2025,15,6503
Argentina,Ciudad Autonoma de Buenos Aires,Comuna 13,209126,23,2025,14,8070
Argentina,Ciudad Autonoma de Buenos Aires,Comuna 13,209127,23,2025,12,7860
Argentina,Ciudad Autonoma de Buenos Aires,Comuna 13,209128,23,2025,14,7714
Argentina,Ciudad Autonoma de Buenos Aires,Comuna 13,209129,23,2025,19,7809
Argentina,Ciudad Autonoma de Buenos Aires,Comuna 14,209801,23,2025,13,8008
Argentina,Ciudad Autonoma de Buenos Aires,Comuna 14,209802,23,2025,7,8651
Argentina,Ciudad Autonoma de Buenos Aires,Comuna 14,209803,23,2025,11,9921
Argentina,Ciudad Autonoma de Buenos Aires,Comuna 14,209804,23,2025,17,9128
Argentina,Ciudad Autonoma de Buenos Aires,Comuna 14,209805,23,2025,12,7958
Argentina,Ciudad Autonoma de Buenos Aires,Comuna 14,209806,23,2025,12,9397
Argentina,Ciudad Autonoma de Buenos Aires,Comuna 14,209807,23,2025,16,9307
Argentina,Ciudad Autonoma de Buenos Aires,Comuna 14,209808,23,2025,11,8700
Argentina,Ciudad Autonoma de Buenos Aires,Comuna 14,209809,23,2025,25,12492
Argentina,Ciudad Autonoma de Buenos Aires,Comuna 14,209810,23,2025,0,190
Argentina,Ciudad Autonoma de Buenos Aires,Comuna 14,209811,23,2025,21,12051
Argentina,Ciudad Autonoma de Buenos Aires,Comuna 14,209812,23,2025,10,7962
Argentina,Ciudad Autonoma de Buenos Aires,Comuna 14,209813,23,2025,12,7376
Argentina,Ciudad Autonoma de Buenos Aires,Comuna 14,209814,23,2025,6,7484
Argentina,Ciudad Autonoma de Buenos Aires,Comuna 14,209815,23,2025,8,8094
Argentina,Ciudad Autonoma de Buenos Aires,Comuna 14,209816,23,2025,13,6773
Argentina,Ciudad Autonoma de Buenos Aires,Comuna 14,209817,23,2025,12,7231
Argentina,Ciudad Autonoma de Buenos Aires,Comuna 14,209818,23,2025,9,6981
Argentina,Ciudad Autonoma de Buenos Aires,Comuna 14,209819,23,2025,10,5589
Argentina,Ciudad Autonoma de Buenos Aires,Comuna 14,209820,23,2025,10,6758
Argentina,Ciudad Autonoma de Buenos Aires,Comuna 14,209821,23,2025,11,7312
Argentina,Ciudad Autonoma de Buenos Aires,Comuna 14,209822,23,2025,7,8363
Argentina,Ciudad Autonoma de Buenos Aires,Comuna 14,209823,23,2025,18,11012
Argentina,Ciudad Autonoma de Buenos Aires,Comuna 14,209824,23,2025,9,6199
Argentina,Ciudad Autonoma de Buenos Aires,Comuna 14,209825,23,2025,14,7637
Argentina,Ciudad Autonoma de Buenos Aires,Comuna 14,209826,23,2025,10,6558
Argentina,Ciudad Autonoma de Buenos Aires,Comuna 14,209827,23,2025,6,6199
Argentina,Ciudad Autonoma de Buenos Aires,Comuna 14,209828,23,2025,21,9243
Argentina,Ciudad Autonoma de Buenos Aires,Comuna 14,209829,23,2025,8,8453
Argentina,Ciudad Autonoma de Buenos Aires,Comuna 14,209830,23,2025,16,8109
Argentina,Ciudad Autonoma de Buenos Aires,Comuna 14,209831,23,2025,11,8116
Argentina,Ciudad Autonoma de Buenos Aires,Comuna 15,210501,23,2025,22,9594
Argentina,Ciudad Autonoma de Buenos Aires,Comuna 15,210502,23,2025,5,6548
Argentina,Ciudad Autonoma de Buenos Aires,Comuna 15,210503,23,2025,5,10235
Argentina,Ciudad Autonoma de Buenos Aires,Comuna 15,210504,23,2025,12,12235
Argentina,Ciudad Autonoma de Buenos Aires,Comuna 15,210505,23,2025,23,12207
Argentina,Ciudad Autonoma de Buenos Aires,Comuna 15,210506,23,2025,5,4156
Argentina,Ciudad Autonoma de Buenos Aires,Comuna 15,210507,23,2025,21,12285
Argentina,Ciudad Autonoma de Buenos Aires,Comuna 15,210508,23,2025,17,8807
Argentina,Ciudad Autonoma de Buenos Aires,Comuna 15,210509,23,2025,7,8645
Argentina,Ciudad Autonoma de Buenos Aires,Comuna 15,210510,23,2025,16,10813
Argentina,Ciudad Autonoma de Buenos Aires,Comuna 15,210511,23,2025,28,11863
Argentina,Ciudad Autonoma de Buenos Aires,Comuna 15,210512,23,2025,15,7208
Argentina,Ciudad Autonoma de Buenos Aires,Comuna 15,210513,23,2025,12,7242
Argentina,Ciudad Autonoma de Buenos Aires,Comuna 15,210514,23,2025,14,9564
Argentina,Ciudad Autonoma de Buenos Aires,Comuna 15,210515,23,2025,13,9091
Argentina,Ciudad Autonoma de Buenos Aires,Comuna 15,210516,23,2025,11,8911
Argentina,Ciudad Autonoma de Buenos Aires,Comuna 15,210517,23,2025,9,8753
Argentina,Ciudad Autonoma de Buenos Aires,Comuna 15,210518,23,2025,14,8161
Argentina,Ciudad Autonoma de Buenos Aires,Comuna 15,210519,23,2025,18,8739
Argentina,Ciudad Autonoma de Buenos Aires,Comuna 15,210520,23,2025,10,8787
Argentina,Ciudad Autonoma de Buenos Aires,Comuna 15,210521,23,2025,13,11421
Argentina,Ciudad Autonoma de Buenos Aires,Comuna 2,201401,23,2025,0,554
Argentina,Ciudad Autonoma de Buenos Aires,Comuna 2,201402,23,2025,5,5022
Argentina,Ciudad Autonoma de Buenos Aires,Comuna 2,201403,23,2025,5,5681
Argentina,Ciudad Autonoma de Buenos Aires,Comuna 2,201404,23,2025,4,6670
Argentina,Ciudad Autonoma de Buenos Aires,Comuna 2,201405,23,2025,6,6654
Argentina,Ciudad Autonoma de Buenos Aires,Comuna 2,201406,23,2025,5,6504
Argentina,Ciudad Autonoma de Buenos Aires,Comuna 2,201407,23,2025,9,7631
Argentina,Ciudad Autonoma de Buenos Aires,Comuna 2,201408,23,2025,8,9285
Argentina,Ciudad Autonoma de Buenos Aires,Comuna 2,201409,23,2025,8,8985
Argentina,Ciudad Autonoma de Buenos Aires,Comuna 2,201410,23,2025,8,7067
Argentina,Ciudad Autonoma de Buenos Aires,Comuna 2,201411,23,2025,4,5593
Argentina,Ciudad Autonoma de Buenos Aires,Comuna 2,201412,23,2025,5,5734
Argentina,Ciudad Autonoma de Buenos Aires,Comuna 2,201413,23,2025,7,7043
Argentina,Ciudad Autonoma de Buenos Aires,Comuna 2,201414,23,2025,6,8370
Argentina,Ciudad Autonoma de Buenos Aires,Comuna 2,201415,23,2025,8,6053
Argentina,Ciudad Autonoma de Buenos Aires,Comuna 2,201416,23,2025,6,5917
Argentina,Ciudad Autonoma de Buenos Aires,Comuna 2,201417,23,2025,11,7963
Argentina,Ciudad Autonoma de Buenos Aires,Comuna 2,201418,23,2025,6,6383
Argentina,Ciudad Autonoma de Buenos Aires,Comuna 2,201419,23,2025,8,6436
Argentina,Ciudad Autonoma de Buenos Aires,Comuna 2,201420,23,2025,8,7134
Argentina,Ciudad Autonoma de Buenos Aires,Comuna 2,201421,23,2025,6,5726
Argentina,Ciudad Autonoma de Buenos Aires,Comuna 2,201422,23,2025,5,5002
Argentina,Ciudad Autonoma de Buenos Aires,Comuna 2,201423,23,2025,3,5517
Argentina,Ciudad Autonoma de Buenos Aires,Comuna 2,201424,23,2025,3,5483
Argentina,Ciudad Autonoma de Buenos Aires,Comuna 2,201425,23,2025,7,8202
Argentina,Ciudad Autonoma de Buenos Aires,Comuna 5,203501,23,2025,13,9107
Argentina,Ciudad Autonoma de Buenos Aires,Comuna 5,203502,23,2025,10,8659
Argentina,Ciudad Autonoma de Buenos Aires,Comuna 5,203503,23,2025,8,9246
Argentina,Ciudad Autonoma de Buenos Aires,Comuna 5,203504,23,2025,8,8180
Argentina,Ciudad Autonoma de Buenos Aires,Comuna 5,203505,23,2025,1,6557
Argentina,Ciudad Autonoma de Buenos Aires,Comuna 5,203506,23,2025,6,7989
Argentina,Ciudad Autonoma de Buenos Aires,Comuna 5,203507,23,2025,8,7616
Argentina,Ciudad Autonoma de Buenos Aires,Comuna 5,203508,23,2025,8,8744
Argentina,Ciudad Autonoma de Buenos Aires,Comuna 5,203509,23,2025,5,7892
Argentina,Ciudad Autonoma de Buenos Aires,Comuna 5,203510,23,2025,15,8718
Argentina,Ciudad Autonoma de Buenos Aires,Comuna 5,203511,23,2025,7,9263
Argentina,Ciudad Autonoma de Buenos Aires,Comuna 5,203512,23,2025,6,7201
Argentina,Ciudad Autonoma de Buenos Aires,Comuna 5,203513,23,2025,6,7410
Argentina,Ciudad Autonoma de Buenos Aires,Comuna 5,203514,23,2025,9,8821
Argentina,Ciudad Autonoma de Buenos Aires,Comuna 5,203515,23,2025,8,7651
Argentina,Ciudad Autonoma de Buenos Aires,Comuna 5,203516,23,2025,5,10461
Argentina,Ciudad Autonoma de Buenos Aires,Comuna 5,203517,23,2025,10,9254
Argentina,Ciudad Autonoma de Buenos Aires,Comuna 5,203518,23,2025,9,9162
Argentina,Ciudad Autonoma de Buenos Aires,Comuna 5,203519,23,2025,12,9340
Argentina,Ciudad Autonoma de Buenos Aires,Comuna 5,203520,23,2025,7,11091
Argentina,Ciudad Autonoma de Buenos Aires,Comuna 5,203521,23,2025,11,8855
Argentina,Ciudad Autonoma de Buenos Aires,Comuna 5,203522,23,2025,7,11232
Argentina,Ciudad Autonoma de Buenos Aires,Comuna 6,204201,23,2025,9,9911
Argentina,Ciudad Autonoma de Buenos Aires,Comuna 6,204202,23,2025,14,10787
Argentina,Ciudad Autonoma de Buenos Aires,Comuna 6,204203,23,2025,13,8899
Argentina,Ciudad Autonoma de Buenos Aires,Comuna 6,204204,23,2025,6,11727
Argentina,Ciudad Autonoma de Buenos Aires,Comuna 6,204205,23,2025,9,10329
Argentina,Ciudad Autonoma de Buenos Aires,Comuna 6,204206,23,2025,15,10367
Argentina,Ciudad Autonoma de Buenos Aires,Comuna 6,204207,23,2025,13,12185
Argentina,Ciudad Autonoma de Buenos Aires,Comuna 6,204208,23,2025,12,9497
Argentina,Ciudad Autonoma de Buenos Aires,Comuna 6,204209,23,2025,12,7356
Argentina,Ciudad Autonoma de Buenos Aires,Comuna 6,204210,23,2025,15,8697
Argentina,Ciudad Autonoma de Buenos Aires,Comuna 6,204211,23,2025,11,9646
Argentina,Ciudad Autonoma de Buenos Aires,Comuna 6,204212,23,2025,2,7926
Argentina,Ciudad Autonoma de Buenos Aires,Comuna 6,204213,23,2025,15,10037
Argentina,Ciudad Autonoma de Buenos Aires,Comuna 6,204214,23,2025,11,9669
Argentina,Ciudad Autonoma de Buenos Aires,Comuna 6,204215,23,2025,13,9168
Argentina,Ciudad Autonoma de Buenos Aires,Comuna 6,204216,23,2025,6,12982
Argentina,Ciudad Autonoma de Buenos Aires,Comuna 6,204217,23,2025,4,7259
Argentina,Ciudad Autonoma de Buenos Aires,Comuna 6,204218,23,2025,9,8066
Argentina,Ciudad Autonoma de Buenos Aires,Comuna 6,204219,23,2025,8,7952
Argentina,Ciudad Autonoma de Buenos Aires,Comuna 6,204220,23,2025,11,8895
Argentina,Ciudad Autonoma de Buenos Aires,Comuna 6,204221,23,2025,5,10409
Argentina,Ciudad Autonoma de Buenos Aires,Comuna 7,204901,23,2025,6,6665
Argentina,Ciudad Autonoma de Buenos Aires,Comuna 7,204902,23,2025,7,8593
Argentina,Ciudad Autonoma de Buenos Aires,Comuna 7,204903,23,2025,13,10871
Argentina,Ciudad Autonoma de Buenos Aires,Comuna 7,204904,23,2025,10,9795
Argentina,Ciudad Autonoma de Buenos Aires,Comuna 7,204905,23,2025,17,8999
Argentina,Ciudad Autonoma de Buenos Aires,Comuna 7,204906,23,2025,2,7524
Argentina,Ciudad Autonoma de Buenos Aires,Comuna 7,204907,23,2025,11,9257
Argentina,Ciudad Autonoma de Buenos Aires,Comuna 7,204908,23,2025,8,7685
Argentina,Ciudad Autonoma de Buenos Aires,Comuna 7,204909,23,2025,5,9705
Argentina,Ciudad Autonoma de Buenos Aires,Comuna 7,204910,23,2025,5,8735
Argentina,Ciudad Autonoma de Buenos Aires,Comuna 7,204911,23,2025,8,10501
Argentina,Ciudad Autonoma de Buenos Aires,Comuna 7,204912,23,2025,9,7467
Argentina,Ciudad Autonoma de Buenos Aires,Comuna 7,204913,23,2025,15,11414
Argentina,Ciudad Autonoma de Buenos Aires,Comuna 7,204914,23,2025,12,11132
Argentina,Ciudad Autonoma de Buenos Aires,Comuna 7,204915,23,2025,11,9647
Argentina,Ciudad Autonoma de Buenos Aires,Comuna 7,204916,23,2025,5,8094
Argentina,Ciudad Autonoma de Buenos Aires,Comuna 7,204917,23,2025,5,2971
Argentina,Ciudad Autonoma de Buenos Aires,Comuna 7,204918,23,2025,5,3398
Argentina,Ciudad Autonoma de Buenos Aires,Comuna 7,204919,23,2025,2,6454
Argentina,Ciudad Autonoma de Buenos Aires,Comuna 7,204920,23,2025,12,12736
Argentina,Ciudad Autonoma de Buenos Aires,Comuna 7,204921,23,2025,12,11351
Argentina,Ciudad Autonoma de Buenos Aires,Comuna 7,204922,23,2025,9,11303
Argentina,Ciudad Autonoma de Buenos Aires,Comuna 7,204923,23,2025,16,7839
Argentina,Ciudad Autonoma de Buenos Aires,Comuna 7,204924,23,2025,13,11126
Argentina,Ciudad Autonoma de Buenos Aires,Comuna 10,207001,24,2025,5,6651
Argentina,Ciudad Autonoma de Buenos Aires,Comuna 10,207002,24,2025,2,7094
Argentina,Ciudad Autonoma de Buenos Aires,Comuna 10,207003,24,2025,8,6682
Argentina,Ciudad Autonoma de Buenos Aires,Comuna 10,207004,24,2025,9,9342
Argentina,Ciudad Autonoma de Buenos Aires,Comuna 10,207005,24,2025,13,11787
Argentina,Ciudad Autonoma de Buenos Aires,Comuna 10,207006,24,2025,7,12408
Argentina,Ciudad Autonoma de Buenos Aires,Comuna 10,207007,24,2025,11,11630
Argentina,Ciudad Autonoma de Buenos Aires,Comuna 10,207008,24,2025,9,9038
Argentina,Ciudad Autonoma de Buenos Aires,Comuna 10,207009,24,2025,4,8752
Argentina,Ciudad Autonoma de Buenos Aires,Comuna 10,207010,24,2025,9,10398
Argentina,Ciudad Autonoma de Buenos Aires,Comuna 10,207011,24,2025,11,8554
Argentina,Ciudad Autonoma de Buenos Aires,Comuna 10,207012,24,2025,4,6677
Argentina,Ciudad Autonoma de Buenos Aires,Comuna 10,207013,24,2025,11,8285
Argentina,Ciudad Autonoma de Buenos Aires,Comuna 10,207014,24,2025,8,9092
Argentina,Ciudad Autonoma de Buenos Aires,Comuna 10,207015,24,2025,5,7248
Argentina,Ciudad Autonoma de Buenos Aires,Comuna 10,207016,24,2025,5,8724
Argentina,Ciudad Autonoma de Buenos Aires,Comuna 10,207017,24,2025,10,9635
Argentina,Ciudad Autonoma de Buenos Aires,Comuna 10,207018,24,2025,6,8682
Argentina,Ciudad Autonoma de Buenos Aires,Comuna 10,207019,24,2025,7,11217
Argentina,Ciudad Autonoma de Buenos Aires,Comuna 11,207701,24,2025,9,11069
Argentina,Ciudad Autonoma de Buenos Aires,Comuna 11,207702,24,2025,12,10205
Argentina,Ciudad Autonoma de Buenos Aires,Comuna 11,207703,24,2025,13,9103
Argentina,Ciudad Autonoma de Buenos Aires,Comuna 11,207704,24,2025,9,10387
Argentina,Ciudad Autonoma de Buenos Aires,Comuna 11,207705,24,2025,10,7955
Argentina,Ciudad Autonoma de Buenos Aires,Comuna 11,207706,24,2025,11,11455
Argentina,Ciudad Autonoma de Buenos Aires,Comuna 11,207707,24,2025,13,11428
Argentina,Ciudad Autonoma de Buenos Aires,Comuna 11,207708,24,2025,10,8072
Argentina,Ciudad Autonoma de Buenos Aires,Comuna 11,207709,24,2025,6,9257
Argentina,Ciudad Autonoma de Buenos Aires,Comuna 11,207710,24,2025,15,11259
Argentina,Ciudad Autonoma de Buenos Aires,Comuna 11,207711,24,2025,7,8065
Argentina,Ciudad Autonoma de Buenos Aires,Comuna 11,207712,24,2025,9,8059
Argentina,Ciudad Autonoma de Buenos Aires,Comuna 11,207713,24,2025,11,9254
Argentina,Ciudad Autonoma de Buenos Aires,Comuna 11,207714,24,2025,10,7270
Argentina,Ciudad Autonoma de Buenos Aires,Comuna 11,207715,24,2025,7,10022
Argentina,Ciudad Autonoma de Buenos Aires,Comuna 11,207716,24,2025,14,9462
Argentina,Ciudad Autonoma de Buenos Aires,Comuna 11,207717,24,2025,6,6323
Argentina,Ciudad Autonoma de Buenos Aires,Comuna 11,207718,24,2025,13,9010
Argentina,Ciudad Autonoma de Buenos Aires,Comuna 11,207719,24,2025,8,7194
Argentina,Ciudad Autonoma de Buenos Aires,Comuna 11,207720,24,2025,9,9079
Argentina,Ciudad Autonoma de Buenos Aires,Comuna 11,207721,24,2025,7,9075
Argentina,Ciudad Autonoma de Buenos Aires,Comuna 11,207722,24,2025,12,8902
Argentina,Ciudad Autonoma de Buenos Aires,Comuna 12,208401,24,2025,41,9341
Argentina,Ciudad Autonoma de Buenos Aires,Comuna 12,208402,24,2025,28,8793
Argentina,Ciudad Autonoma de Buenos Aires,Comuna 12,208403,24,2025,29,9271
Argentina,Ciudad Autonoma de Buenos Aires,Comuna 12,208404,24,2025,24,8702
Argentina,Ciudad Autonoma de Buenos Aires,Comuna 12,208405,24,2025,20,8415
Argentina,Ciudad Autonoma de Buenos Aires,Comuna 12,208406,24,2025,30,9143
Argentina,Ciudad Autonoma de Buenos Aires,Comuna 12,208407,24,2025,42,10293
Argentina,Ciudad Autonoma de Buenos Aires,Comuna 12,208408,24,2025,37,10510
Argentina,Ciudad Autonoma de Buenos Aires,Comuna 12,208409,24,2025,33,8365
Argentina,Ciudad Autonoma de Buenos Aires,Comuna 12,208410,24,2025,28,11926
Argentina,Ciudad Autonoma de Buenos Aires,Comuna 12,208411,24,2025,35,10276
Argentina,Ciudad Autonoma de Buenos Aires,Comuna 12,208412,24,2025,19,8291
Argentina,Ciudad Autonoma de Buenos Aires,Comuna 12,208413,24,2025,37,9891
Argentina,Ciudad Autonoma de Buenos Aires,Comuna 12,208414,24,2025,36,12202
Argentina,Ciudad Autonoma de Buenos Aires,Comuna 12,208415,24,2025,38,13785
Argentina,Ciudad Autonoma de Buenos Aires,Comuna 12,208416,24,2025,51,16395
Argentina,Ciudad Autonoma de Buenos Aires,Comuna 12,208417,24,2025,32,9935
Argentina,Ciudad Autonoma de Buenos Aires,Comuna 12,208418,24,2025,47,13227
Argentina,Ciudad Autonoma de Buenos Aires,Comuna 12,208419,24,2025,46,12268
Argentina,Ciudad Autonoma de Buenos Aires,Comuna 12,208420,24,2025,23,9926
Argentina,Ciudad Autonoma de Buenos Aires,Comuna 12,208421,24,2025,32,11426
Argentina,Ciudad Autonoma de Buenos Aires,Comuna 12,208422,24,2025,34,12983
Argentina,Ciudad Autonoma de Buenos Aires,Comuna 13,209101,24,2025,27,11656
Argentina,Ciudad Autonoma de Buenos Aires,Comuna 13,209102,24,2025,26,10984
Argentina,Ciudad Autonoma de Buenos Aires,Comuna 13,209103,24,2025,26,10868
Argentina,Ciudad Autonoma de Buenos Aires,Comuna 13,209104,24,2025,24,13113
Argentina,Ciudad Autonoma de Buenos Aires,Comuna 13,209105,24,2025,23,10421
Argentina,Ciudad Autonoma de Buenos Aires,Comuna 13,209106,24,2025,12,7917
Argentina,Ciudad Autonoma de Buenos Aires,Comuna 13,209107,24,2025,12,8294
Argentina,Ciudad Autonoma de Buenos Aires,Comuna 13,209108,24,2025,16,9153
Argentina,Ciudad Autonoma de Buenos Aires,Comuna 13,209109,24,2025,13,8207
Argentina,Ciudad Autonoma de Buenos Aires,Comuna 13,209110,24,2025,22,10807
Argentina,Ciudad Autonoma de Buenos Aires,Comuna 13,209111,24,2025,6,4808
Argentina,Ciudad Autonoma de Buenos Aires,Comuna 13,209112,24,2025,19,8591
Argentina,Ciudad Autonoma de Buenos Aires,Comuna 13,209113,24,2025,18,10772
Argentina,Ciudad Autonoma de Buenos Aires,Comuna 13,209114,24,2025,21,7311
Argentina,Ciudad Autonoma de Buenos Aires,Comuna 13,209115,24,2025,16,9651
Argentina,Ciudad Autonoma de Buenos Aires,Comuna 13,209116,24,2025,18,10427
Argentina,Ciudad Autonoma de Buenos Aires,Comuna 13,209117,24,2025,19,11221
Argentina,Ciudad Autonoma de Buenos Aires,Comuna 13,209118,24,2025,18,8113
Argentina,Ciudad Autonoma de Buenos Aires,Comuna 13,209119,24,2025,10,8504
Argentina,Ciudad Autonoma de Buenos Aires,Comuna 13,209120,24,2025,24,9333
Argentina,Ciudad Autonoma de Buenos Aires,Comuna 13,209121,24,2025,20,8521
Argentina,Ciudad Autonoma de Buenos Aires,Comuna 13,209122,24,2025,15,8416
Argentina,Ciudad Autonoma de Buenos Aires,Comuna 13,209123,24,2025,18,9675
Argentina,Ciudad Autonoma de Buenos Aires,Comuna 13,209124,24,2025,12,7611
Argentina,Ciudad Autonoma de Buenos Aires,Comuna 13,209125,24,2025,8,6503
Argentina,Ciudad Autonoma de Buenos Aires,Comuna 13,209126,24,2025,14,8070
Argentina,Ciudad Autonoma de Buenos Aires,Comuna 13,209127,24,2025,15,7860
Argentina,Ciudad Autonoma de Buenos Aires,Comuna 13,209128,24,2025,10,7714
Argentina,Ciudad Autonoma de Buenos Aires,Comuna 13,209129,24,2025,14,7809
Argentina,Ciudad Autonoma de Buenos Aires,Comuna 14,209801,24,2025,12,8008
Argentina,Ciudad Autonoma de Buenos Aires,Comuna 14,209802,24,2025,13,8651
Argentina,Ciudad Autonoma de Buenos Aires,Comuna 14,209803,24,2025,11,9921
Argentina,Ciudad Autonoma de Buenos Aires,Comuna 14,209804,24,2025,15,9128
Argentina,Ciudad Autonoma de Buenos Aires,Comuna 14,209805,24,2025,9,7958
Argentina,Ciudad Autonoma de Buenos Aires,Comuna 14,209806,24,2025,15,9397
Argentina,Ciudad Autonoma de Buenos Aires,Comuna 14,209807,24,2025,15,9307
Argentina,Ciudad Autonoma de Buenos Aires,Comuna 14,209808,24,2025,9,8700
Argentina,Ciudad Autonoma de Buenos Aires,Comuna 14,209809,24,2025,15,12492
Argentina,Ciudad Autonoma de Buenos Aires,Comuna 14,209810,24,2025,0,190
Argentina,Ciudad Autonoma de Buenos Aires,Comuna 14,209811,24,2025,16,12051
Argentina,Ciudad Autonoma de Buenos Aires,Comuna 14,209812,24,2025,9,7962
Argentina,Ciudad Autonoma de Buenos Aires,Comuna 14,209813,24,2025,14,7376
Argentina,Ciudad Autonoma de Buenos Aires,Comuna 14,209814,24,2025,14,7484
Argentina,Ciudad Autonoma de Buenos Aires,Comuna 14,209815,24,2025,12,8094
Argentina,Ciudad Autonoma de Buenos Aires,Comuna 14,209816,24,2025,9,6773
Argentina,Ciudad Autonoma de Buenos Aires,Comuna 14,209817,24,2025,12,7231
Argentina,Ciudad Autonoma de Buenos Aires,Comuna 14,209818,24,2025,9,6981
Argentina,Ciudad Autonoma de Buenos Aires,Comuna 14,209819,24,2025,11,5589
Argentina,Ciudad Autonoma de Buenos Aires,Comuna 14,209820,24,2025,13,6758
Argentina,Ciudad Autonoma de Buenos Aires,Comuna 14,209821,24,2025,16,7312
Argentina,Ciudad Autonoma de Buenos Aires,Comuna 14,209822,24,2025,4,8363
Argentina,Ciudad Autonoma de Buenos Aires,Comuna 14,209823,24,2025,12,11012
Argentina,Ciudad Autonoma de Buenos Aires,Comuna 14,209824,24,2025,11,6199
Argentina,Ciudad Autonoma de Buenos Aires,Comuna 14,209825,24,2025,13,7637
Argentina,Ciudad Autonoma de Buenos Aires,Comuna 14,209826,24,2025,6,6558
Argentina,Ciudad Autonoma de Buenos Aires,Comuna 14,209827,24,2025,10,6199
Argentina,Ciudad Autonoma de Buenos Aires,Comuna 14,209828,24,2025,11,9243
Argentina,Ciudad Autonoma de Buenos Aires,Comuna 14,209829,24,2025,11,8453
Argentina,Ciudad Autonoma de Buenos Aires,Comuna 14,209830,24,2025,13,8109
Argentina,Ciudad Autonoma de Buenos Aires,Comuna 14,209831,24,2025,9,8116
Argentina,Ciudad Autonoma de Buenos Aires,Comuna 15,210501,24,2025,18,9594
Argentina,Ciudad Autonoma de Buenos Aires,Comuna 15,210502,24,2025,10,6548
Argentina,Ciudad Autonoma de Buenos Aires,Comuna 15,210503,24,2025,14,10235
Argentina,Ciudad Autonoma de Buenos Aires,Comuna 15,210504,24,2025,20,12235
Argentina,Ciudad Autonoma de Buenos Aires,Comuna 15,210505,24,2025,19,12207
Argentina,Ciudad Autonoma de Buenos Aires,Comuna 15,210506,24,2025,7,4156
Argentina,Ciudad Autonoma de Buenos Aires,Comuna 15,210507,24,2025,15,12285
Argentina,Ciudad Autonoma de Buenos Aires,Comuna 15,210508,24,2025,10,8807
Argentina,Ciudad Autonoma de Buenos Aires,Comuna 15,210509,24,2025,14,8645
Argentina,Ciudad Autonoma de Buenos Aires,Comuna 15,210510,24,2025,19,10813
Argentina,Ciudad Autonoma de Buenos Aires,Comuna 15,210511,24,2025,13,11863
Argentina,Ciudad Autonoma de Buenos Aires,Comuna 15,210512,24,2025,9,7208
Argentina,Ciudad Autonoma de Buenos Aires,Comuna 15,210513,24,2025,7,7242
Argentina,Ciudad Autonoma de Buenos Aires,Comuna 15,210514,24,2025,10,9564
Argentina,Ciudad Autonoma de Buenos Aires,Comuna 15,210515,24,2025,11,9091
Argentina,Ciudad Autonoma de Buenos Aires,Comuna 15,210516,24,2025,15,8911
Argentina,Ciudad Autonoma de Buenos Aires,Comuna 15,210517,24,2025,14,8753
Argentina,Ciudad Autonoma de Buenos Aires,Comuna 15,210518,24,2025,15,8161
Argentina,Ciudad Autonoma de Buenos Aires,Comuna 15,210519,24,2025,17,8739
Argentina,Ciudad Autonoma de Buenos Aires,Comuna 15,210520,24,2025,19,8787
Argentina,Ciudad Autonoma de Buenos Aires,Comuna 15,210521,24,2025,16,11421
Argentina,Ciudad Autonoma de Buenos Aires,Comuna 2,201401,24,2025,3,554
Argentina,Ciudad Autonoma de Buenos Aires,Comuna 2,201402,24,2025,7,5022
Argentina,Ciudad Autonoma de Buenos Aires,Comuna 2,201403,24,2025,9,5681
Argentina,Ciudad Autonoma de Buenos Aires,Comuna 2,201404,24,2025,8,6670
Argentina,Ciudad Autonoma de Buenos Aires,Comuna 2,201405,24,2025,4,6654
Argentina,Ciudad Autonoma de Buenos Aires,Comuna 2,201406,24,2025,5,6504
Argentina,Ciudad Autonoma de Buenos Aires,Comuna 2,201407,24,2025,11,7631
Argentina,Ciudad Autonoma de Buenos Aires,Comuna 2,201408,24,2025,1,9285
Argentina,Ciudad Autonoma de Buenos Aires,Comuna 2,201409,24,2025,9,8985
Argentina,Ciudad Autonoma de Buenos Aires,Comuna 2,201410,24,2025,11,7067
Argentina,Ciudad Autonoma de Buenos Aires,Comuna 2,201411,24,2025,7,5593
Argentina,Ciudad Autonoma de Buenos Aires,Comuna 2,201412,24,2025,4,5734
Argentina,Ciudad Autonoma de Buenos Aires,Comuna 2,201413,24,2025,5,7043
Argentina,Ciudad Autonoma de Buenos Aires,Comuna 2,201414,24,2025,13,8370
Argentina,Ciudad Autonoma de Buenos Aires,Comuna 2,201415,24,2025,2,6053
Argentina,Ciudad Autonoma de Buenos Aires,Comuna 2,201416,24,2025,5,5917
Argentina,Ciudad Autonoma de Buenos Aires,Comuna 2,201417,24,2025,9,7963
Argentina,Ciudad Autonoma de Buenos Aires,Comuna 2,201418,24,2025,7,6383
Argentina,Ciudad Autonoma de Buenos Aires,Comuna 2,201419,24,2025,6,6436
Argentina,Ciudad Autonoma de Buenos Aires,Comuna 2,201420,24,2025,5,7134
Argentina,Ciudad Autonoma de Buenos Aires,Comuna 2,201421,24,2025,7,5726
Argentina,Ciudad Autonoma de Buenos Aires,Comuna 2,201422,24,2025,5,5002
Argentina,Ciudad Autonoma de Buenos Aires,Comuna 2,201423,24,2025,5,5517
Argentina,Ciudad Autonoma de Buenos Aires,Comuna 2,201424,24,2025,4,5483
Argentina,Ciudad Autonoma de Buenos Aires,Comuna 2,201425,24,2025,5,8202
Argentina,Ciudad Autonoma de Buenos Aires,Comuna 5,203501,24,2025,11,9107
Argentina,Ciudad Autonoma de Buenos Aires,Comuna 5,203502,24,2025,11,8659
Argentina,Ciudad Autonoma de Buenos Aires,Comuna 5,203503,24,2025,13,9246
Argentina,Ciudad Autonoma de Buenos Aires,Comuna 5,203504,24,2025,5,8180
Argentina,Ciudad Autonoma de Buenos Aires,Comuna 5,203505,24,2025,1,6557
Argentina,Ciudad Autonoma de Buenos Aires,Comuna 5,203506,24,2025,11,7989
Argentina,Ciudad Autonoma de Buenos Aires,Comuna 5,203507,24,2025,10,7616
Argentina,Ciudad Autonoma de Buenos Aires,Comuna 5,203508,24,2025,3,8744
Argentina,Ciudad Autonoma de Buenos Aires,Comuna 5,203509,24,2025,9,7892
Argentina,Ciudad Autonoma de Buenos Aires,Comuna 5,203510,24,2025,10,8718
Argentina,Ciudad Autonoma de Buenos Aires,Comuna 5,203511,24,2025,14,9263
Argentina,Ciudad Autonoma de Buenos Aires,Comuna 5,203512,24,2025,5,7201
Argentina,Ciudad Autonoma de Buenos Aires,Comuna 5,203513,24,2025,5,7410
Argentina,Ciudad Autonoma de Buenos Aires,Comuna 5,203514,24,2025,8,8821
Argentina,Ciudad Autonoma de Buenos Aires,Comuna 5,203515,24,2025,5,7651
Argentina,Ciudad Autonoma de Buenos Aires,Comuna 5,203516,24,2025,10,10461
Argentina,Ciudad Autonoma de Buenos Aires,Comuna 5,203517,24,2025,14,9254
Argentina,Ciudad Autonoma de Buenos Aires,Comuna 5,203518,24,2025,12,9162
Argentina,Ciudad Autonoma de Buenos Aires,Comuna 5,203519,24,2025,9,9340
Argentina,Ciudad Autonoma de Buenos Aires,Comuna 5,203520,24,2025,7,11091
Argentina,Ciudad Autonoma de Buenos Aires,Comuna 5,203521,24,2025,9,8855
Argentina,Ciudad Autonoma de Buenos Aires,Comuna 5,203522,24,2025,20,11232
Argentina,Ciudad Autonoma de Buenos Aires,Comuna 6,204201,24,2025,8,9911
Argentina,Ciudad Autonoma de Buenos Aires,Comuna 6,204202,24,2025,9,10787
Argentina,Ciudad Autonoma de Buenos Aires,Comuna 6,204203,24,2025,10,8899
Argentina,Ciudad Autonoma de Buenos Aires,Comuna 6,204204,24,2025,11,11727
Argentina,Ciudad Autonoma de Buenos Aires,Comuna 6,204205,24,2025,10,10329
Argentina,Ciudad Autonoma de Buenos Aires,Comuna 6,204206,24,2025,16,10367
Argentina,Ciudad Autonoma de Buenos Aires,Comuna 6,204207,24,2025,10,12185
Argentina,Ciudad Autonoma de Buenos Aires,Comuna 6,204208,24,2025,13,9497
Argentina,Ciudad Autonoma de Buenos Aires,Comuna 6,204209,24,2025,8,7356
Argentina,Ciudad Autonoma de Buenos Aires,Comuna 6,204210,24,2025,13,8697
Argentina,Ciudad Autonoma de Buenos Aires,Comuna 6,204211,24,2025,12,9646
Argentina,Ciudad Autonoma de Buenos Aires,Comuna 6,204212,24,2025,8,7926
Argentina,Ciudad Autonoma de Buenos Aires,Comuna 6,204213,24,2025,14,10037
Argentina,Ciudad Autonoma de Buenos Aires,Comuna 6,204214,24,2025,8,9669
Argentina,Ciudad Autonoma de Buenos Aires,Comuna 6,204215,24,2025,8,9168
Argentina,Ciudad Autonoma de Buenos Aires,Comuna 6,204216,24,2025,9,12982
Argentina,Ciudad Autonoma de Buenos Aires,Comuna 6,204217,24,2025,5,7259
Argentina,Ciudad Autonoma de Buenos Aires,Comuna 6,204218,24,2025,8,8066
Argentina,Ciudad Autonoma de Buenos Aires,Comuna 6,204219,24,2025,7,7952
Argentina,Ciudad Autonoma de Buenos Aires,Comuna 6,204220,24,2025,9,8895
Argentina,Ciudad Autonoma de Buenos Aires,Comuna 6,204221,24,2025,10,10409
Argentina,Ciudad Autonoma de Buenos Aires,Comuna 7,204901,24,2025,8,6665
Argentina,Ciudad Autonoma de Buenos Aires,Comuna 7,204902,24,2025,8,8593
Argentina,Ciudad Autonoma de Buenos Aires,Comuna 7,204903,24,2025,11,10871
Argentina,Ciudad Autonoma de Buenos Aires,Comuna 7,204904,24,2025,8,9795
Argentina,Ciudad Autonoma de Buenos Aires,Comuna 7,204905,24,2025,9,8999
Argentina,Ciudad Autonoma de Buenos Aires,Comuna 7,204906,24,2025,7,7524
Argentina,Ciudad Autonoma de Buenos Aires,Comuna 7,204907,24,2025,12,9257
Argentina,Ciudad Autonoma de Buenos Aires,Comuna 7,204908,24,2025,10,7685
Argentina,Ciudad Autonoma de Buenos Aires,Comuna 7,204909,24,2025,14,9705
Argentina,Ciudad Autonoma de Buenos Aires,Comuna 7,204910,24,2025,10,8735
Argentina,Ciudad Autonoma de Buenos Aires,Comuna 7,204911,24,2025,9,10501
Argentina,Ciudad Autonoma de Buenos Aires,Comuna 7,204912,24,2025,10,7467
Argentina,Ciudad Autonoma de Buenos Aires,Comuna 7,204913,24,2025,9,11414
Argentina,Ciudad Autonoma de Buenos Aires,Comuna 7,204914,24,2025,15,11132
Argentina,Ciudad Autonoma de Buenos Aires,Comuna 7,204915,24,2025,7,9647
Argentina,Ciudad Autonoma de Buenos Aires,Comuna 7,204916,24,2025,8,8094
Argentina,Ciudad Autonoma de Buenos Aires,Comuna 7,204917,24,2025,5,2971
Argentina,Ciudad Autonoma de Buenos Aires,Comuna 7,204918,24,2025,0,3398
Argentina,Ciudad Autonoma de Buenos Aires,Comuna 7,204919,24,2025,3,6454
Argentina,Ciudad Autonoma de Buenos Aires,Comuna 7,204920,24,2025,15,12736
Argentina,Ciudad Autonoma de Buenos Aires,Comuna 7,204921,24,2025,15,11351
Argentina,Ciudad Autonoma de Buenos Aires,Comuna 7,204922,24,2025,8,11303
Argentina,Ciudad Autonoma de Buenos Aires,Comuna 7,204923,24,2025,10,7839
Argentina,Ciudad Autonoma de Buenos Aires,Comuna 7,204924,24,2025,8,11126
Argentina,Ciudad Autonoma de Buenos Aires,Comuna 10,207001,25,2025,12,6651
Argentina,Ciudad Autonoma de Buenos Aires,Comuna 10,207002,25,2025,7,7094
Argentina,Ciudad Autonoma de Buenos Aires,Comuna 10,207003,25,2025,5,6682
Argentina,Ciudad Autonoma de Buenos Aires,Comuna 10,207004,25,2025,7,9342
Argentina,Ciudad Autonoma de Buenos Aires,Comuna 10,207005,25,2025,9,11787
Argentina,Ciudad Autonoma de Buenos Aires,Comuna 10,207006,25,2025,12,12408
Argentina,Ciudad Autonoma de Buenos Aires,Comuna 10,207007,25,2025,7,11630
Argentina,Ciudad Autonoma de Buenos Aires,Comuna 10,207008,25,2025,9,9038
Argentina,Ciudad Autonoma de Buenos Aires,Comuna 10,207009,25,2025,9,8752
Argentina,Ciudad Autonoma de Buenos Aires,Comuna 10,207010,25,2025,12,10398
Argentina,Ciudad Autonoma de Buenos Aires,Comuna 10,207011,25,2025,15,8554
Argentina,Ciudad Autonoma de Buenos Aires,Comuna 10,207012,25,2025,6,6677
Argentina,Ciudad Autonoma de Buenos Aires,Comuna 10,207013,25,2025,8,8285
Argentina,Ciudad Autonoma de Buenos Aires,Comuna 10,207014,25,2025,10,9092
Argentina,Ciudad Autonoma de Buenos Aires,Comuna 10,207015,25,2025,7,7248
Argentina,Ciudad Autonoma de Buenos Aires,Comuna 10,207016,25,2025,8,8724
Argentina,Ciudad Autonoma de Buenos Aires,Comuna 10,207017,25,2025,8,9635
Argentina,Ciudad Autonoma de Buenos Aires,Comuna 10,207018,25,2025,10,8682
Argentina,Ciudad Autonoma de Buenos Aires,Comuna 10,207019,25,2025,8,11217
Argentina,Ciudad Autonoma de Buenos Aires,Comuna 11,207701,25,2025,7,11069
Argentina,Ciudad Autonoma de Buenos Aires,Comuna 11,207702,25,2025,11,10205
Argentina,Ciudad Autonoma de Buenos Aires,Comuna 11,207703,25,2025,12,9103
Argentina,Ciudad Autonoma de Buenos Aires,Comuna 11,207704,25,2025,6,10387
Argentina,Ciudad Autonoma de Buenos Aires,Comuna 11,207705,25,2025,8,7955
Argentina,Ciudad Autonoma de Buenos Aires,Comuna 11,207706,25,2025,10,11455
Argentina,Ciudad Autonoma de Buenos Aires,Comuna 11,207707,25,2025,14,11428
Argentina,Ciudad Autonoma de Buenos Aires,Comuna 11,207708,25,2025,7,8072
Argentina,Ciudad Autonoma de Buenos Aires,Comuna 11,207709,25,2025,9,9257
Argentina,Ciudad Autonoma de Buenos Aires,Comuna 11,207710,25,2025,10,11259
Argentina,Ciudad Autonoma de Buenos Aires,Comuna 11,207711,25,2025,9,8065
Argentina,Ciudad Autonoma de Buenos Aires,Comuna 11,207712,25,2025,7,8059
Argentina,Ciudad Autonoma de Buenos Aires,Comuna 11,207713,25,2025,6,9254
Argentina,Ciudad Autonoma de Buenos Aires,Comuna 11,207714,25,2025,8,7270
Argentina,Ciudad Autonoma de Buenos Aires,Comuna 11,207715,25,2025,4,10022
Argentina,Ciudad Autonoma de Buenos Aires,Comuna 11,207716,25,2025,11,9462
Argentina,Ciudad Autonoma de Buenos Aires,Comuna 11,207717,25,2025,5,6323
Argentina,Ciudad Autonoma de Buenos Aires,Comuna 11,207718,25,2025,12,9010
Argentina,Ciudad Autonoma de Buenos Aires,Comuna 11,207719,25,2025,4,7194
Argentina,Ciudad Autonoma de Buenos Aires,Comuna 11,207720,25,2025,6,9079
Argentina,Ciudad Autonoma de Buenos Aires,Comuna 11,207721,25,2025,9,9075
Argentina,Ciudad Autonoma de Buenos Aires,Comuna 11,207722,25,2025,7,8902
Argentina,Ciudad Autonoma de Buenos Aires,Comuna 12,208401,25,2025,38,9341
Argentina,Ciudad Autonoma de Buenos Aires,Comuna 12,208402,25,2025,25,8793
Argentina,Ciudad Autonoma de Buenos Aires,Comuna 12,208403,25,2025,21,9271
Argentina,Ciudad Autonoma de Buenos Aires,Comuna 12,208404,25,2025,24,8702
Argentina,Ciudad Autonoma de Buenos Aires,Comuna 12,208405,25,2025,21,8415
Argentina,Ciudad Autonoma de Buenos Aires,Comuna 12,208406,25,2025,31,9143
Argentina,Ciudad Autonoma de Buenos Aires,Comuna 12,208407,25,2025,25,10293
Argentina,Ciudad Autonoma de Buenos Aires,Comuna 12,208408,25,2025,35,10510
Argentina,Ciudad Autonoma de Buenos Aires,Comuna 12,208409,25,2025,27,8365
Argentina,Ciudad Autonoma de Buenos Aires,Comuna 12,208410,25,2025,37,11926
Argentina,Ciudad Autonoma de Buenos Aires,Comuna 12,208411,25,2025,30,10276
Argentina,Ciudad Autonoma de Buenos Aires,Comuna 12,208412,25,2025,29,8291
Argentina,Ciudad Autonoma de Buenos Aires,Comuna 12,208413,25,2025,34,9891
Argentina,Ciudad Autonoma de Buenos Aires,Comuna 12,208414,25,2025,31,12202
Argentina,Ciudad Autonoma de Buenos Aires,Comuna 12,208415,25,2025,41,13785
Argentina,Ciudad Autonoma de Buenos Aires,Comuna 12,208416,25,2025,46,16395
Argentina,Ciudad Autonoma de Buenos Aires,Comuna 12,208417,25,2025,36,9935
Argentina,Ciudad Autonoma de Buenos Aires,Comuna 12,208418,25,2025,47,13227
Argentina,Ciudad Autonoma de Buenos Aires,Comuna 12,208419,25,2025,30,12268
Argentina,Ciudad Autonoma de Buenos Aires,Comuna 12,208420,25,2025,38,9926
Argentina,Ciudad Autonoma de Buenos Aires,Comuna 12,208421,25,2025,32,11426
Argentina,Ciudad Autonoma de Buenos Aires,Comuna 12,208422,25,2025,31,12983
Argentina,Ciudad Autonoma de Buenos Aires,Comuna 13,209101,25,2025,25,11656
Argentina,Ciudad Autonoma de Buenos Aires,Comuna 13,209102,25,2025,23,10984
Argentina,Ciudad Autonoma de Buenos Aires,Comuna 13,209103,25,2025,26,10868
Argentina,Ciudad Autonoma de Buenos Aires,Comuna 13,209104,25,2025,24,13113
Argentina,Ciudad Autonoma de Buenos Aires,Comuna 13,209105,25,2025,15,10421
Argentina,Ciudad Autonoma de Buenos Aires,Comuna 13,209106,25,2025,21,7917
Argentina,Ciudad Autonoma de Buenos Aires,Comuna 13,209107,25,2025,26,8294
Argentina,Ciudad Autonoma de Buenos Aires,Comuna 13,209108,25,2025,14,9153
Argentina,Ciudad Autonoma de Buenos Aires,Comuna 13,209109,25,2025,15,8207
Argentina,Ciudad Autonoma de Buenos Aires,Comuna 13,209110,25,2025,17,10807
Argentina,Ciudad Autonoma de Buenos Aires,Comuna 13,209111,25,2025,10,4808
Argentina,Ciudad Autonoma de Buenos Aires,Comuna 13,209112,25,2025,16,8591
Argentina,Ciudad Autonoma de Buenos Aires,Comuna 13,209113,25,2025,19,10772
Argentina,Ciudad Autonoma de Buenos Aires,Comuna 13,209114,25,2025,13,7311
Argentina,Ciudad Autonoma de Buenos Aires,Comuna 13,209115,25,2025,12,9651
Argentina,Ciudad Autonoma de Buenos Aires,Comuna 13,209116,25,2025,17,10427
Argentina,Ciudad Autonoma de Buenos Aires,Comuna 13,209117,25,2025,21,11221
Argentina,Ciudad Autonoma de Buenos Aires,Comuna 13,209118,25,2025,14,8113
Argentina,Ciudad Autonoma de Buenos Aires,Comuna 13,209119,25,2025,14,8504
Argentina,Ciudad Autonoma de Buenos Aires,Comuna 13,209120,25,2025,28,9333
Argentina,Ciudad Autonoma de Buenos Aires,Comuna 13,209121,25,2025,27,8521
Argentina,Ciudad Autonoma de Buenos Aires,Comuna 13,209122,25,2025,21,8416
Argentina,Ciudad Autonoma de Buenos Aires,Comuna 13,209123,25,2025,24,9675
Argentina,Ciudad Autonoma de Buenos Aires,Comuna 13,209124,25,2025,11,7611
Argentina,Ciudad Autonoma de Buenos Aires,Comuna 13,209125,25,2025,15,6503
Argentina,Ciudad Autonoma de Buenos Aires,Comuna 13,209126,25,2025,10,8070
Argentina,Ciudad Autonoma de Buenos Aires,Comuna 13,209127,25,2025,13,7860
Argentina,Ciudad Autonoma de Buenos Aires,Comuna 13,209128,25,2025,14,7714
Argentina,Ciudad Autonoma de Buenos Aires,Comuna 13,209129,25,2025,19,7809
Argentina,Ciudad Autonoma de Buenos Aires,Comuna 14,209801,25,2025,9,8008
Argentina,Ciudad Autonoma de Buenos Aires,Comuna 14,209802,25,2025,13,8651
Argentina,Ciudad Autonoma de Buenos Aires,Comuna 14,209803,25,2025,14,9921
Argentina,Ciudad Autonoma de Buenos Aires,Comuna 14,209804,25,2025,11,9128
Argentina,Ciudad Autonoma de Buenos Aires,Comuna 14,209805,25,2025,7,7958
Argentina,Ciudad Autonoma de Buenos Aires,Comuna 14,209806,25,2025,12,9397
Argentina,Ciudad Autonoma de Buenos Aires,Comuna 14,209807,25,2025,12,9307
Argentina,Ciudad Autonoma de Buenos Aires,Comuna 14,209808,25,2025,14,8700
Argentina,Ciudad Autonoma de Buenos Aires,Comuna 14,209809,25,2025,19,12492
Argentina,Ciudad Autonoma de Buenos Aires,Comuna 14,209810,25,2025,0,190
Argentina,Ciudad Autonoma de Buenos Aires,Comuna 14,209811,25,2025,24,12051
Argentina,Ciudad Autonoma de Buenos Aires,Comuna 14,209812,25,2025,13,7962
Argentina,Ciudad Autonoma de Buenos Aires,Comuna 14,209813,25,2025,8,7376
Argentina,Ciudad Autonoma de Buenos Aires,Comuna 14,209814,25,2025,10,7484
Argentina,Ciudad Autonoma de Buenos Aires,Comuna 14,209815,25,2025,14,8094
Argentina,Ciudad Autonoma de Buenos Aires,Comuna 14,209816,25,2025,14,6773
Argentina,Ciudad Autonoma de Buenos Aires,Comuna 14,209817,25,2025,11,7231
Argentina,Ciudad Autonoma de Buenos Aires,Comuna 14,209818,25,2025,12,6981
Argentina,Ciudad Autonoma de Buenos Aires,Comuna 14,209819,25,2025,5,5589
Argentina,Ciudad Autonoma de Buenos Aires,Comuna 14,209820,25,2025,4,6758
Argentina,Ciudad Autonoma de Buenos Aires,Comuna 14,209821,25,2025,10,7312
Argentina,Ciudad Autonoma de Buenos Aires,Comuna 14,209822,25,2025,13,8363
Argentina,Ciudad Autonoma de Buenos Aires,Comuna 14,209823,25,2025,20,11012
Argentina,Ciudad Autonoma de Buenos Aires,Comuna 14,209824,25,2025,6,6199
Argentina,Ciudad Autonoma de Buenos Aires,Comuna 14,209825,25,2025,12,7637
Argentina,Ciudad Autonoma de Buenos Aires,Comuna 14,209826,25,2025,6,6558
Argentina,Ciudad Autonoma de Buenos Aires,Comuna 14,209827,25,2025,9,6199
Argentina,Ciudad Autonoma de Buenos Aires,Comuna 14,209828,25,2025,18,9243
Argentina,Ciudad Autonoma de Buenos Aires,Comuna 14,209829,25,2025,12,8453
Argentina,Ciudad Autonoma de Buenos Aires,Comuna 14,209830,25,2025,10,8109
Argentina,Ciudad Autonoma de Buenos Aires,Comuna 14,209831,25,2025,15,8116
Argentina,Ciudad Autonoma de Buenos Aires,Comuna 15,210501,25,2025,19,9594
Argentina,Ciudad Autonoma de Buenos Aires,Comuna 15,210502,25,2025,10,6548
Argentina,Ciudad Autonoma de Buenos Aires,Comuna 15,210503,25,2025,12,10235
Argentina,Ciudad Autonoma de Buenos Aires,Comuna 15,210504,25,2025,17,12235
Argentina,Ciudad Autonoma de Buenos Aires,Comuna 15,210505,25,2025,17,12207
Argentina,Ciudad Autonoma de Buenos Aires,Comuna 15,210506,25,2025,7,4156
Argentina,Ciudad Autonoma de Buenos Aires,Comuna 15,210507,25,2025,25,12285
Argentina,Ciudad Autonoma de Buenos Aires,Comuna 15,210508,25,2025,16,8807
Argentina,Ciudad Autonoma de Buenos Aires,Comuna 15,210509,25,2025,19,8645
Argentina,Ciudad Autonoma de Buenos Aires,Comuna 15,210510,25,2025,9,10813
Argentina,Ciudad Autonoma de Buenos Aires,Comuna 15,210511,25,2025,16,11863
Argentina,Ciudad Autonoma de Buenos Aires,Comuna 15,210512,25,2025,6,7208
Argentina,Ciudad Autonoma de Buenos Aires,Comuna 15,210513,25,2025,11,7242
Argentina,Ciudad Autonoma de Buenos Aires,Comuna 15,210514,25,2025,12,9564
Argentina,Ciudad Autonoma de Buenos Aires,Comuna 15,210515,25,2025,12,9091
Argentina,Ciudad Autonoma de Buenos Aires,Comuna 15,210516,25,2025,17,8911
Argentina,Ciudad Autonoma de Buenos Aires,Comuna 15,210517,25,2025,11,8753
Argentina,Ciudad Autonoma de Buenos Aires,Comuna 15,210518,25,2025,13,8161
Argentina,Ciudad Autonoma de Buenos Aires,Comuna 15,210519,25,2025,12,8739
Argentina,Ciudad Autonoma de Buenos Aires,Comuna 15,210520,25,2025,10,8787
Argentina,Ciudad Autonoma de Buenos Aires,Comuna 15,210521,25,2025,15,11421
Argentina,Ciudad Autonoma de Buenos Aires,Comuna 2,201401,25,2025,0,554
Argentina,Ciudad Autonoma de Buenos Aires,Comuna 2,201402,25,2025,6,5022
Argentina,Ciudad Autonoma de Buenos Aires,Comuna 2,201403,25,2025,4,5681
Argentina,Ciudad Autonoma de Buenos Aires,Comuna 2,201404,25,2025,2,6670
Argentina,Ciudad Autonoma de Buenos Aires,Comuna 2,201405,25,2025,9,6654
Argentina,Ciudad Autonoma de Buenos Aires,Comuna 2,201406,25,2025,5,6504
Argentina,Ciudad Autonoma de Buenos Aires,Comuna 2,201407,25,2025,4,7631
Argentina,Ciudad Autonoma de Buenos Aires,Comuna 2,201408,25,2025,5,9285
Argentina,Ciudad Autonoma de Buenos Aires,Comuna 2,201409,25,2025,5,8985
Argentina,Ciudad Autonoma de Buenos Aires,Comuna 2,201410,25,2025,8,7067
Argentina,Ciudad Autonoma de Buenos Aires,Comuna 2,201411,25,2025,3,5593
Argentina,Ciudad Autonoma de Buenos Aires,Comuna 2,201412,25,2025,9,5734
Argentina,Ciudad Autonoma de Buenos Aires,Comuna 2,201413,25,2025,10,7043
Argentina,Ciudad Autonoma de Buenos Aires,Comuna 2,201414,25,2025,8,8370
Argentina,Ciudad Autonoma de Buenos Aires,Comuna 2,201415,25,2025,7,6053
Argentina,Ciudad Autonoma de Buenos Aires,Comuna 2,201416,25,2025,6,5917
Argentina,Ciudad Autonoma de Buenos Aires,Comuna 2,201417,25,2025,5,7963
Argentina,Ciudad Autonoma de Buenos Aires,Comuna 2,201418,25,2025,1,6383
Argentina,Ciudad Autonoma de Buenos Aires,Comuna 2,201419,25,2025,8,6436
Argentina,Ciudad Autonoma de Buenos Aires,Comuna 2,201420,25,2025,10,7134
Argentina,Ciudad Autonoma de Buenos Aires,Comuna 2,201421,25,2025,5,5726
Argentina,Ciudad Autonoma de Buenos Aires,Comuna 2,201422,25,2025,5,5002
Argentina,Ciudad Autonoma de Buenos Aires,Comuna 2,201423,25,2025,8,5517
Argentina,Ciudad Autonoma de Buenos Aires,Comuna 2,201424,25,2025,4,5483
Argentina,Ciudad Autonoma de Buenos Aires,Comuna 2,201425,25,2025,11,8202
Argentina,Ciudad Autonoma de Buenos Aires,Comuna 5,203501,25,2025,4,9107
Argentina,Ciudad Autonoma de Buenos Aires,Comuna 5,203502,25,2025,8,8659
Argentina,Ciudad Autonoma de Buenos Aires,Comuna 5,203503,25,2025,5,9246
Argentina,Ciudad Autonoma de Buenos Aires,Comuna 5,203504,25,2025,8,8180
Argentina,Ciudad Autonoma de Buenos Aires,Comuna 5,203505,25,2025,5,6557
Argentina,Ciudad Autonoma de Buenos Aires,Comuna 5,203506,25,2025,6,7989
Argentina,Ciudad Autonoma de Buenos Aires,Comuna 5,203507,25,2025,5,7616
Argentina,Ciudad Autonoma de Buenos Aires,Comuna 5,203508,25,2025,11,8744
Argentina,Ciudad Autonoma de Buenos Aires,Comuna 5,203509,25,2025,5,7892
Argentina,Ciudad Autonoma de Buenos Aires,Comuna 5,203510,25,2025,7,8718
Argentina,Ciudad Autonoma de Buenos Aires,Comuna 5,203511,25,2025,13,9263
Argentina,Ciudad Autonoma de Buenos Aires,Comuna 5,203512,25,2025,9,7201
Argentina,Ciudad Autonoma de Buenos Aires,Comuna 5,203513,25,2025,8,7410
Argentina,Ciudad Autonoma de Buenos Aires,Comuna 5,203514,25,2025,10,8821
Argentina,Ciudad Autonoma de Buenos Aires,Comuna 5,203515,25,2025,6,7651
Argentina,Ciudad Autonoma de Buenos Aires,Comuna 5,203516,25,2025,9,10461
Argentina,Ciudad Autonoma de Buenos Aires,Comuna 5,203517,25,2025,8,9254
Argentina,Ciudad Autonoma de Buenos Aires,Comuna 5,203518,25,2025,7,9162
Argentina,Ciudad Autonoma de Buenos Aires,Comuna 5,203519,25,2025,9,9340
Argentina,Ciudad Autonoma de Buenos Aires,Comuna 5,203520,25,2025,13,11091
Argentina,Ciudad Autonoma de Buenos Aires,Comuna 5,203521,25,2025,12,8855
Argentina,Ciudad Autonoma de Buenos Aires,Comuna 5,203522,25,2025,7,11232
Argentina,Ciudad Autonoma de Buenos Aires,Comuna 6,204201,25,2025,10,9911
Argentina,Ciudad Autonoma de Buenos Aires,Comuna 6,204202,25,2025,10,10787
Argentina,Ciudad Autonoma de Buenos Aires,Comuna 6,204203,25,2025,11,8899
Argentina,Ciudad Autonoma de Buenos Aires,Comuna 6,204204,25,2025,16,11727
Argentina,Ciudad Autonoma de Buenos Aires,Comuna 6,204205,25,2025,8,10329
Argentina,Ciudad Autonoma de Buenos Aires,Comuna 6,204206,25,2025,15,10367
Argentina,Ciudad Autonoma de Buenos Aires,Comuna 6,204207,25,2025,12,12185
Argentina,Ciudad Autonoma de Buenos Aires,Comuna 6,204208,25,2025,15,9497
Argentina,Ciudad Autonoma de Buenos Aires,Comuna 6,204209,25,2025,3,7356
Argentina,Ciudad Autonoma de Buenos Aires,Comuna 6,204210,25,2025,9,8697
Argentina,Ciudad Autonoma de Buenos Aires,Comuna 6,204211,25,2025,8,9646
Argentina,Ciudad Autonoma de Buenos Aires,Comuna 6,204212,25,2025,1,7926
Argentina,Ciudad Autonoma de Buenos Aires,Comuna 6,204213,25,2025,16,10037
Argentina,Ciudad Autonoma de Buenos Aires,Comuna 6,204214,25,2025,9,9669
Argentina,Ciudad Autonoma de Buenos Aires,Comuna 6,204215,25,2025,6,9168
Argentina,Ciudad Autonoma de Buenos Aires,Comuna 6,204216,25,2025,22,12982
Argentina,Ciudad Autonoma de Buenos Aires,Comuna 6,204217,25,2025,13,7259
Argentina,Ciudad Autonoma de Buenos Aires,Comuna 6,204218,25,2025,8,8066
Argentina,Ciudad Autonoma de Buenos Aires,Comuna 6,204219,25,2025,3,7952
Argentina,Ciudad Autonoma de Buenos Aires,Comuna 6,204220,25,2025,6,8895
Argentina,Ciudad Autonoma de Buenos Aires,Comuna 6,204221,25,2025,7,10409
Argentina,Ciudad Autonoma de Buenos Aires,Comuna 7,204901,25,2025,4,6665
Argentina,Ciudad Autonoma de Buenos Aires,Comuna 7,204902,25,2025,6,8593
Argentina,Ciudad Autonoma de Buenos Aires,Comuna 7,204903,25,2025,9,10871
Argentina,Ciudad Autonoma de Buenos Aires,Comuna 7,204904,25,2025,7,9795
Argentina,Ciudad Autonoma de Buenos Aires,Comuna 7,204905,25,2025,11,8999
Argentina,Ciudad Autonoma de Buenos Aires,Comuna 7,204906,25,2025,8,7524
Argentina,Ciudad Autonoma de Buenos Aires,Comuna 7,204907,25,2025,8,9257
Argentina,Ciudad Autonoma de Buenos Aires,Comuna 7,204908,25,2025,10,7685
Argentina,Ciudad Autonoma de Buenos Aires,Comuna 7,204909,25,2025,6,9705
Argentina,Ciudad Autonoma de Buenos Aires,Comuna 7,204910,25,2025,14,8735
Argentina,Ciudad Autonoma de Buenos Aires,Comuna 7,204911,25,2025,8,10501
Argentina,Ciudad Autonoma de Buenos Aires,Comuna 7,204912,25,2025,6,7467
Argentina,Ciudad Autonoma de Buenos Aires,Comuna 7,204913,25,2025,17,11414
Argentina,Ciudad Autonoma de Buenos Aires,Comuna 7,204914,25,2025,11,11132
Argentina,Ciudad Autonoma de Buenos Aires,Comuna 7,204915,25,2025,9,9647
Argentina,Ciudad Autonoma de Buenos Aires,Comuna 7,204916,25,2025,8,8094
Argentina,Ciudad Autonoma de Buenos Aires,Comuna 7,204917,25,2025,1,2971
Argentina,Ciudad Autonoma de Buenos Aires,Comuna 7,204918,25,2025,3,3398
Argentina,Ciudad Autonoma de Buenos Aires,Comuna 7,204919,25,2025,8,6454
Argentina,Ciudad Autonoma de Buenos Aires,Comuna 7,204920,25,2025,11,12736
Argentina,Ciudad Autonoma de Buenos Aires,Comuna 7,204921,25,2025,10,11351
Argentina,Ciudad Autonoma de Buenos Aires,Comuna 7,204922,25,2025,12,11303
Argentina,Ciudad Autonoma de Buenos Aires,Comuna 7,204923,25,2025,10,7839
Argentina,Ciudad Autonoma de Buenos Aires,Comuna 7,204924,25,2025,8,11126
Argentina,Ciudad Autonoma de Buenos Aires,Comuna 10,207001,26,2025,8,6651
Argentina,Ciudad Autonoma de Buenos Aires,Comuna 10,207002,26,2025,5,7094
Argentina,Ciudad Autonoma de Buenos Aires,Comuna 10,207003,26,2025,9,6682
Argentina,Ciudad Autonoma de Buenos Aires,Comuna 10,207004,26,2025,7,9342
Argentina,Ciudad Autonoma de Buenos Aires,Comuna 10,207005,26,2025,6,11787
Argentina,Ciudad Autonoma de Buenos Aires,Comuna 10,207006,26,2025,11,12408
Argentina,Ciudad Autonoma de Buenos Aires,Comuna 10,207007,26,2025,10,11630
Argentina,Ciudad Autonoma de Buenos Aires,Comuna 10,207008,26,2025,5,9038
Argentina,Ciudad Autonoma de Buenos Aires,Comuna 10,207009,26,2025,14,8752
Argentina,Ciudad Autonoma de Buenos Aires,Comuna 10,207010,26,2025,8,10398
Argentina,Ciudad Autonoma de Buenos Aires,Comuna 10,207011,26,2025,11,8554
Argentina,Ciudad Autonoma de Buenos Aires,Comuna 10,207012,26,2025,7,6677
Argentina,Ciudad Autonoma de Buenos Aires,Comuna 10,207013,26,2025,8,8285
Argentina,Ciudad Autonoma de Buenos Aires,Comuna 10,207014,26,2025,12,9092
Argentina,Ciudad Autonoma de Buenos Aires,Comuna 10,207015,26,2025,6,7248
Argentina,Ciudad Autonoma de Buenos Aires,Comuna 10,207016,26,2025,13,8724
Argentina,Ciudad Autonoma de Buenos Aires,Comuna 10,207017,26,2025,9,9635
Argentina,Ciudad Autonoma de Buenos Aires,Comuna 10,207018,26,2025,5,8682
Argentina,Ciudad Autonoma de Buenos Aires,Comuna 10,207019,26,2025,9,11217
Argentina,Ciudad Autonoma de Buenos Aires,Comuna 11,207701,26,2025,14,11069
Argentina,Ciudad Autonoma de Buenos Aires,Comuna 11,207702,26,2025,11,10205
Argentina,Ciudad Autonoma de Buenos Aires,Comuna 11,207703,26,2025,16,9103
Argentina,Ciudad Autonoma de Buenos Aires,Comuna 11,207704,26,2025,9,10387
Argentina,Ciudad Autonoma de Buenos Aires,Comuna 11,207705,26,2025,5,7955
Argentina,Ciudad Autonoma de Buenos Aires,Comuna 11,207706,26,2025,13,11455
Argentina,Ciudad Autonoma de Buenos Aires,Comuna 11,207707,26,2025,5,11428
Argentina,Ciudad Autonoma de Buenos Aires,Comuna 11,207708,26,2025,11,8072
Argentina,Ciudad Autonoma de Buenos Aires,Comuna 11,207709,26,2025,5,9257
Argentina,Ciudad Autonoma de Buenos Aires,Comuna 11,207710,26,2025,9,11259
Argentina,Ciudad Autonoma de Buenos Aires,Comuna 11,207711,26,2025,7,8065
Argentina,Ciudad Autonoma de Buenos Aires,Comuna 11,207712,26,2025,5,8059
Argentina,Ciudad Autonoma de Buenos Aires,Comuna 11,207713,26,2025,10,9254
Argentina,Ciudad Autonoma de Buenos Aires,Comuna 11,207714,26,2025,10,7270
Argentina,Ciudad Autonoma de Buenos Aires,Comuna 11,207715,26,2025,10,10022
Argentina,Ciudad Autonoma de Buenos Aires,Comuna 11,207716,26,2025,8,9462
Argentina,Ciudad Autonoma de Buenos Aires,Comuna 11,207717,26,2025,8,6323
Argentina,Ciudad Autonoma de Buenos Aires,Comuna 11,207718,26,2025,6,9010
Argentina,Ciudad Autonoma de Buenos Aires,Comuna 11,207719,26,2025,5,7194
Argentina,Ciudad Autonoma de Buenos Aires,Comuna 11,207720,26,2025,9,9079
Argentina,Ciudad Autonoma de Buenos Aires,Comuna 11,207721,26,2025,10,9075
Argentina,Ciudad Autonoma de Buenos Aires,Comuna 11,207722,26,2025,10,8902
Argentina,Ciudad Autonoma de Buenos Aires,Comuna 12,208401,26,2025,29,9341
Argentina,Ciudad Autonoma de Buenos Aires,Comuna 12,208402,26,2025,39,8793
Argentina,Ciudad Autonoma de Buenos Aires,Comuna 12,208403,26,2025,35,9271
Argentina,Ciudad Autonoma de Buenos Aires,Comuna 12,208404,26,2025,25,8702
Argentina,Ciudad Autonoma de Buenos Aires,Comuna 12,208405,26,2025,30,8415
Argentina,Ciudad Autonoma de Buenos Aires,Comuna 12,208406,26,2025,28,9143
Argentina,Ciudad Autonoma de Buenos Aires,Comuna 12,208407,26,2025,28,10293
Argentina,Ciudad Autonoma de Buenos Aires,Comuna 12,208408,26,2025,29,10510
Argentina,Ciudad Autonoma de Buenos Aires,Comuna 12,208409,26,2025,35,8365
Argentina,Ciudad Autonoma de Buenos Aires,Comuna 12,208410,26,2025,38,11926
Argentina,Ciudad Autonoma de Buenos Aires,Comuna 12,208411,26,2025,29,10276
Argentina,Ciudad Autonoma de Buenos Aires,Comuna 12,208412,26,2025,21,8291
Argentina,Ciudad Autonoma de Buenos Aires,Comuna 12,208413,26,2025,27,9891
Argentina,Ciudad Autonoma de Buenos Aires,Comuna 12,208414,26,2025,42,12202
Argentina,Ciudad Autonoma de Buenos Aires,Comuna 12,208415,26,2025,61,13785
Argentina,Ciudad Autonoma de Buenos Aires,Comuna 12,208416,26,2025,43,16395
Argentina,Ciudad Autonoma de Buenos Aires,Comuna 12,208417,26,2025,29,9935
Argentina,Ciudad Autonoma de Buenos Aires,Comuna 12,208418,26,2025,49,13227
Argentina,Ciudad Autonoma de Buenos Aires,Comuna 12,208419,26,2025,35,12268
Argentina,Ciudad Autonoma de Buenos Aires,Comuna 12,208420,26,2025,25,9926
Argentina,Ciudad Autonoma de Buenos Aires,Comuna 12,208421,26,2025,26,11426
Argentina,Ciudad Autonoma de Buenos Aires,Comuna 12,208422,26,2025,43,12983
Argentina,Ciudad Autonoma de Buenos Aires,Comuna 13,209101,26,2025,19,11656
Argentina,Ciudad Autonoma de Buenos Aires,Comuna 13,209102,26,2025,18,10984
Argentina,Ciudad Autonoma de Buenos Aires,Comuna 13,209103,26,2025,17,10868
Argentina,Ciudad Autonoma de Buenos Aires,Comuna 13,209104,26,2025,18,13113
Argentina,Ciudad Autonoma de Buenos Aires,Comuna 13,209105,26,2025,23,10421
Argentina,Ciudad Autonoma de Buenos Aires,Comuna 13,209106,26,2025,15,7917
Argentina,Ciudad Autonoma de Buenos Aires,Comuna 13,209107,26,2025,21,8294
Argentina,Ciudad Autonoma de Buenos Aires,Comuna 13,209108,26,2025,18,9153
Argentina,Ciudad Autonoma de Buenos Aires,Comuna 13,209109,26,2025,20,8207
Argentina,Ciudad Autonoma de Buenos Aires,Comuna 13,209110,26,2025,26,10807
Argentina,Ciudad Autonoma de Buenos Aires,Comuna 13,209111,26,2025,9,4808
Argentina,Ciudad Autonoma de Buenos Aires,Comuna 13,209112,26,2025,21,8591
Argentina,Ciudad Autonoma de Buenos Aires,Comuna 13,209113,26,2025,23,10772
Argentina,Ciudad Autonoma de Buenos Aires,Comuna 13,209114,26,2025,17,7311
Argentina,Ciudad Autonoma de Buenos Aires,Comuna 13,209115,26,2025,28,9651
Argentina,Ciudad Autonoma de Buenos Aires,Comuna 13,209116,26,2025,16,10427
Argentina,Ciudad Autonoma de Buenos Aires,Comuna 13,209117,26,2025,18,11221
Argentina,Ciudad Autonoma de Buenos Aires,Comuna 13,209118,26,2025,12,8113
Argentina,Ciudad Autonoma de Buenos Aires,Comuna 13,209119,26,2025,14,8504
Argentina,Ciudad Autonoma de Buenos Aires,Comuna 13,209120,26,2025,20,9333
Argentina,Ciudad Autonoma de Buenos Aires,Comuna 13,209121,26,2025,18,8521
Argentina,Ciudad Autonoma de Buenos Aires,Comuna 13,209122,26,2025,16,8416
Argentina,Ciudad Autonoma de Buenos Aires,Comuna 13,209123,26,2025,15,9675
Argentina,Ciudad Autonoma de Buenos Aires,Comuna 13,209124,26,2025,15,7611
Argentina,Ciudad Autonoma de Buenos Aires,Comuna 13,209125,26,2025,9,6503
Argentina,Ciudad Autonoma de Buenos Aires,Comuna 13,209126,26,2025,16,8070
Argentina,Ciudad Autonoma de Buenos Aires,Comuna 13,209127,26,2025,14,7860
Argentina,Ciudad Autonoma de Buenos Aires,Comuna 13,209128,26,2025,15,7714
Argentina,Ciudad Autonoma de Buenos Aires,Comuna 13,209129,26,2025,14,7809
Argentina,Ciudad Autonoma de Buenos Aires,Comuna 14,209801,26,2025,11,8008
Argentina,Ciudad Autonoma de Buenos Aires,Comuna 14,209802,26,2025,15,8651
Argentina,Ciudad Autonoma de Buenos Aires,Comuna 14,209803,26,2025,18,9921
Argentina,Ciudad Autonoma de Buenos Aires,Comuna 14,209804,26,2025,12,9128
Argentina,Ciudad Autonoma de Buenos Aires,Comuna 14,209805,26,2025,15,7958
Argentina,Ciudad Autonoma de Buenos Aires,Comuna 14,209806,26,2025,12,9397
Argentina,Ciudad Autonoma de Buenos Aires,Comuna 14,209807,26,2025,14,9307
Argentina,Ciudad Autonoma de Buenos Aires,Comuna 14,209808,26,2025,15,8700
Argentina,Ciudad Autonoma de Buenos Aires,Comuna 14,209809,26,2025,22,12492
Argentina,Ciudad Autonoma de Buenos Aires,Comuna 14,209810,26,2025,0,190
Argentina,Ciudad Autonoma de Buenos Aires,Comuna 14,209811,26,2025,7,12051
Argentina,Ciudad Autonoma de Buenos Aires,Comuna 14,209812,26,2025,14,7962
Argentina,Ciudad Autonoma de Buenos Aires,Comuna 14,209813,26,2025,10,7376
Argentina,Ciudad Autonoma de Buenos Aires,Comuna 14,209814,26,2025,14,7484
Argentina,Ciudad Autonoma de Buenos Aires,Comuna 14,209815,26,2025,12,8094
Argentina,Ciudad Autonoma de Buenos Aires,Comuna 14,209816,26,2025,16,6773
Argentina,Ciudad Autonoma de Buenos Aires,Comuna 14,209817,26,2025,11,7231
Argentina,Ciudad Autonoma de Buenos Aires,Comuna 14,209818,26,2025,15,6981
Argentina,Ciudad Autonoma de Buenos Aires,Comuna 14,209819,26,2025,7,5589
Argentina,Ciudad Autonoma de Buenos Aires,Comuna 14,209820,26,2025,7,6758
Argentina,Ciudad Autonoma de Buenos Aires,Comuna 14,209821,26,2025,11,7312
Argentina,Ciudad Autonoma de Buenos Aires,Comuna 14,209822,26,2025,10,8363
Argentina,Ciudad Autonoma de Buenos Aires,Comuna 14,209823,26,2025,21,11012
Argentina,Ciudad Autonoma de Buenos Aires,Comuna 14,209824,26,2025,9,6199
Argentina,Ciudad Autonoma de Buenos Aires,Comuna 14,209825,26,2025,9,7637
Argentina,Ciudad Autonoma de Buenos Aires,Comuna 14,209826,26,2025,13,6558
Argentina,Ciudad Autonoma de Buenos Aires,Comuna 14,209827,26,2025,10,6199
Argentina,Ciudad Autonoma de Buenos Aires,Comuna 14,209828,26,2025,12,9243
Argentina,Ciudad Autonoma de Buenos Aires,Comuna 14,209829,26,2025,16,8453
Argentina,Ciudad Autonoma de Buenos Aires,Comuna 14,209830,26,2025,15,8109
Argentina,Ciudad Autonoma de Buenos Aires,Comuna 14,209831,26,2025,10,8116
Argentina,Ciudad Autonoma de Buenos Aires,Comuna 15,210501,26,2025,17,9594
Argentina,Ciudad Autonoma de Buenos Aires,Comuna 15,210502,26,2025,10,6548
Argentina,Ciudad Autonoma de Buenos Aires,Comuna 15,210503,26,2025,11,10235
Argentina,Ciudad Autonoma de Buenos Aires,Comuna 15,210504,26,2025,26,12235
Argentina,Ciudad Autonoma de Buenos Aires,Comuna 15,210505,26,2025,14,12207
Argentina,Ciudad Autonoma de Buenos Aires,Comuna 15,210506,26,2025,5,4156
Argentina,Ciudad Autonoma de Buenos Aires,Comuna 15,210507,26,2025,30,12285
Argentina,Ciudad Autonoma de Buenos Aires,Comuna 15,210508,26,2025,17,8807
Argentina,Ciudad Autonoma de Buenos Aires,Comuna 15,210509,26,2025,6,8645
Argentina,Ciudad Autonoma de Buenos Aires,Comuna 15,210510,26,2025,18,10813
Argentina,Ciudad Autonoma de Buenos Aires,Comuna 15,210511,26,2025,14,11863
Argentina,Ciudad Autonoma de Buenos Aires,Comuna 15,210512,26,2025,7,7208
Argentina,Ciudad Autonoma de Buenos Aires,Comuna 15,210513,26,2025,14,7242
Argentina,Ciudad Autonoma de Buenos Aires,Comuna 15,210514,26,2025,17,9564
Argentina,Ciudad Autonoma de Buenos Aires,Comuna 15,210515,26,2025,14,9091
Argentina,Ciudad Autonoma de Buenos Aires,Comuna 15,210516,26,2025,11,8911
Argentina,Ciudad Autonoma de Buenos Aires,Comuna 15,210517,26,2025,13,8753
Argentina,Ciudad Autonoma de Buenos Aires,Comuna 15,210518,26,2025,11,8161
Argentina,Ciudad Autonoma de Buenos Aires,Comuna 15,210519,26,2025,12,8739
Argentina,Ciudad Autonoma de Buenos Aires,Comuna 15,210520,26,2025,22,8787
Argentina,Ciudad Autonoma de Buenos Aires,Comuna 15,210521,26,2025,14,11421
Argentina,Ciudad Autonoma de Buenos Aires,Comuna 2,201401,26,2025,1,554
Argentina,Ciudad Autonoma de Buenos Aires,Comuna 2,201402,26,2025,6,5022
Argentina,Ciudad Autonoma de Buenos Aires,Comuna 2,201403,26,2025,1,5681
Argentina,Ciudad Autonoma de Buenos Aires,Comuna 2,201404,26,2025,7,6670
Argentina,Ciudad Autonoma de Buenos Aires,Comuna 2,201405,26,2025,8,6654
Argentina,Ciudad Autonoma de Buenos Aires,Comuna 2,201406,26,2025,5,6504
Argentina,Ciudad Autonoma de Buenos Aires,Comuna 2,201407,26,2025,10,7631
Argentina,Ciudad Autonoma de Buenos Aires,Comuna 2,201408,26,2025,10,9285
Argentina,Ciudad Autonoma de Buenos Aires,Comuna 2,201409,26,2025,15,8985
Argentina,Ciudad Autonoma de Buenos Aires,Comuna 2,201410,26,2025,8,7067
Argentina,Ciudad Autonoma de Buenos Aires,Comuna 2,201411,26,2025,3,5593
Argentina,Ciudad Autonoma de Buenos Aires,Comuna 2,201412,26,2025,6,5734
Argentina,Ciudad Autonoma de Buenos Aires,Comuna 2,201413,26,2025,8,7043
Argentina,Ciudad Autonoma de Buenos Aires,Comuna 2,201414,26,2025,6,8370
Argentina,Ciudad Autonoma de Buenos Aires,Comuna 2,201415,26,2025,8,6053
Argentina,Ciudad Autonoma de Buenos Aires,Comuna 2,201416,26,2025,7,5917
Argentina,Ciudad Autonoma de Buenos Aires,Comuna 2,201417,26,2025,6,7963
Argentina,Ciudad Autonoma de Buenos Aires,Comuna 2,201418,26,2025,7,6383
Argentina,Ciudad Autonoma de Buenos Aires,Comuna 2,201419,26,2025,8,6436
Argentina,Ciudad Autonoma de Buenos Aires,Comuna 2,201420,26,2025,10,7134
Argentina,Ciudad Autonoma de Buenos Aires,Comuna 2,201421,26,2025,5,5726
Argentina,Ciudad Autonoma de Buenos Aires,Comuna 2,201422,26,2025,6,5002
Argentina,Ciudad Autonoma de Buenos Aires,Comuna 2,201423,26,2025,7,5517
Argentina,Ciudad Autonoma de Buenos Aires,Comuna 2,201424,26,2025,7,5483
Argentina,Ciudad Autonoma de Buenos Aires,Comuna 2,201425,26,2025,13,8202
Argentina,Ciudad Autonoma de Buenos Aires,Comuna 5,203501,26,2025,12,9107
Argentina,Ciudad Autonoma de Buenos Aires,Comuna 5,203502,26,2025,4,8659
Argentina,Ciudad Autonoma de Buenos Aires,Comuna 5,203503,26,2025,12,9246
Argentina,Ciudad Autonoma de Buenos Aires,Comuna 5,203504,26,2025,9,8180
Argentina,Ciudad Autonoma de Buenos Aires,Comuna 5,203505,26,2025,13,6557
Argentina,Ciudad Autonoma de Buenos Aires,Comuna 5,203506,26,2025,5,7989
Argentina,Ciudad Autonoma de Buenos Aires,Comuna 5,203507,26,2025,11,7616
Argentina,Ciudad Autonoma de Buenos Aires,Comuna 5,203508,26,2025,6,8744
Argentina,Ciudad Autonoma de Buenos Aires,Comuna 5,203509,26,2025,8,7892
Argentina,Ciudad Autonoma de Buenos Aires,Comuna 5,203510,26,2025,15,8718
Argentina,Ciudad Autonoma de Buenos Aires,Comuna 5,203511,26,2025,12,9263
Argentina,Ciudad Autonoma de Buenos Aires,Comuna 5,203512,26,2025,6,7201
Argentina,Ciudad Autonoma de Buenos Aires,Comuna 5,203513,26,2025,8,7410
Argentina,Ciudad Autonoma de Buenos Aires,Comuna 5,203514,26,2025,15,8821
Argentina,Ciudad Autonoma de Buenos Aires,Comuna 5,203515,26,2025,6,7651
Argentina,Ciudad Autonoma de Buenos Aires,Comuna 5,203516,26,2025,11,10461
Argentina,Ciudad Autonoma de Buenos Aires,Comuna 5,203517,26,2025,19,9254
Argentina,Ciudad Autonoma de Buenos Aires,Comuna 5,203518,26,2025,12,9162
Argentina,Ciudad Autonoma de Buenos Aires,Comuna 5,203519,26,2025,11,9340
Argentina,Ciudad Autonoma de Buenos Aires,Comuna 5,203520,26,2025,7,11091
Argentina,Ciudad Autonoma de Buenos Aires,Comuna 5,203521,26,2025,6,8855
Argentina,Ciudad Autonoma de Buenos Aires,Comuna 5,203522,26,2025,11,11232
Argentina,Ciudad Autonoma de Buenos Aires,Comuna 6,204201,26,2025,13,9911
Argentina,Ciudad Autonoma de Buenos Aires,Comuna 6,204202,26,2025,8,10787
Argentina,Ciudad Autonoma de Buenos Aires,Comuna 6,204203,26,2025,7,8899
Argentina,Ciudad Autonoma de Buenos Aires,Comuna 6,204204,26,2025,11,11727
Argentina,Ciudad Autonoma de Buenos Aires,Comuna 6,204205,26,2025,8,10329
Argentina,Ciudad Autonoma de Buenos Aires,Comuna 6,204206,26,2025,14,10367
Argentina,Ciudad Autonoma de Buenos Aires,Comuna 6,204207,26,2025,11,12185
Argentina,Ciudad Autonoma de Buenos Aires,Comuna 6,204208,26,2025,5,9497
Argentina,Ciudad Autonoma de Buenos Aires,Comuna 6,204209,26,2025,3,7356
Argentina,Ciudad Autonoma de Buenos Aires,Comuna 6,204210,26,2025,8,8697
Argentina,Ciudad Autonoma de Buenos Aires,Comuna 6,204211,26,2025,10,9646
Argentina,Ciudad Autonoma de Buenos Aires,Comuna 6,204212,26,2025,5,7926
Argentina,Ciudad Autonoma de Buenos Aires,Comuna 6,204213,26,2025,5,10037
Argentina,Ciudad Autonoma de Buenos Aires,Comuna 6,204214,26,2025,7,9669
Argentina,Ciudad Autonoma de Buenos Aires,Comuna 6,204215,26,2025,10,9168
Argentina,Ciudad Autonoma de Buenos Aires,Comuna 6,204216,26,2025,19,12982
Argentina,Ciudad Autonoma de Buenos Aires,Comuna 6,204217,26,2025,7,7259
Argentina,Ciudad Autonoma de Buenos Aires,Comuna 6,204218,26,2025,9,8066
Argentina,Ciudad Autonoma de Buenos Aires,Comuna 6,204219,26,2025,9,7952
Argentina,Ciudad Autonoma de Buenos Aires,Comuna 6,204220,26,2025,7,8895
Argentina,Ciudad Autonoma de Buenos Aires,Comuna 6,204221,26,2025,7,10409
Argentina,Ciudad Autonoma de Buenos Aires,Comuna 7,204901,26,2025,4,6665
Argentina,Ciudad Autonoma de Buenos Aires,Comuna 7,204902,26,2025,4,8593
Argentina,Ciudad Autonoma de Buenos Aires,Comuna 7,204903,26,2025,11,10871
Argentina,Ciudad Autonoma de Buenos Aires,Comuna 7,204904,26,2025,11,9795
Argentina,Ciudad Autonoma de Buenos Aires,Comuna 7,204905,26,2025,10,8999
Argentina,Ciudad Autonoma de Buenos Aires,Comuna 7,204906,26,2025,5,7524
Argentina,Ciudad Autonoma de Buenos Aires,Comuna 7,204907,26,2025,10,9257
Argentina,Ciudad Autonoma de Buenos Aires,Comuna 7,204908,26,2025,8,7685
Argentina,Ciudad Autonoma de Buenos Aires,Comuna 7,204909,26,2025,7,9705
Argentina,Ciudad Autonoma de Buenos Aires,Comuna 7,204910,26,2025,7,8735
Argentina,Ciudad Autonoma de Buenos Aires,Comuna 7,204911,26,2025,12,10501
Argentina,Ciudad Autonoma de Buenos Aires,Comuna 7,204912,26,2025,5,7467
Argentina,Ciudad Autonoma de Buenos Aires,Comuna 7,204913,26,2025,16,11414
Argentina,Ciudad Autonoma de Buenos Aires,Comuna 7,204914,26,2025,9,11132
Argentina,Ciudad Autonoma de Buenos Aires,Comuna 7,204915,26,2025,11,9647
Argentina,Ciudad Autonoma de Buenos Aires,Comuna 7,204916,26,2025,6,8094
Argentina,Ciudad Autonoma de Buenos Aires,Comuna 7,204917,26,2025,2,2971
Argentina,Ciudad Autonoma de Buenos Aires,Comuna 7,204918,26,2025,5,3398
Argentina,Ciudad Autonoma de Buenos Aires,Comuna 7,204919,26,2025,11,6454
Argentina,Ciudad Autonoma de Buenos Aires,Comuna 7,204920,26,2025,11,12736
Argentina,Ciudad Autonoma de Buenos Aires,Comuna 7,204921,26,2025,5,11351
Argentina,Ciudad Autonoma de Buenos Aires,Comuna 7,204922,26,2025,13,11303
Argentina,Ciudad Autonoma de Buenos Aires,Comuna 7,204923,26,2025,6,7839
Argentina,Ciudad Autonoma de Buenos Aires,Comuna 7,204924,26,2025,12,11126
Argentina,Ciudad Autonoma de Buenos Aires,Comuna 10,207001,27,2025,10,6651
Argentina,Ciudad Autonoma de Buenos Aires,Comuna 10,207002,27,2025,16,7094
Argentina,Ciudad Autonoma de Buenos Aires,Comuna 10,207003,27,2025,13,6682
Argentina,Ciudad Autonoma de Buenos Aires,Comuna 10,207004,27,2025,8,9342
Argentina,Ciudad Autonoma de Buenos Aires,Comuna 10,207005,27,2025,12,11787
Argentina,Ciudad Autonoma de Buenos Aires,Comuna 10,207006,27,2025,7,12408
Argentina,Ciudad Autonoma de Buenos Aires,Comuna 10,207007,27,2025,13,11630
Argentina,Ciudad Autonoma de Buenos Aires,Comuna 10,207008,27,2025,13,9038
Argentina,Ciudad Autonoma de Buenos Aires,Comuna 10,207009,27,2025,3,8752
Argentina,Ciudad Autonoma de Buenos Aires,Comuna 10,207010,27,2025,17,10398
Argentina,Ciudad Autonoma de Buenos Aires,Comuna 10,207011,27,2025,10,8554
Argentina,Ciudad Autonoma de Buenos Aires,Comuna 10,207012,27,2025,2,6677
Argentina,Ciudad Autonoma de Buenos Aires,Comuna 10,207013,27,2025,7,8285
Argentina,Ciudad Autonoma de Buenos Aires,Comuna 10,207014,27,2025,7,9092
Argentina,Ciudad Autonoma de Buenos Aires,Comuna 10,207015,27,2025,10,7248
Argentina,Ciudad Autonoma de Buenos Aires,Comuna 10,207016,27,2025,7,8724
Argentina,Ciudad Autonoma de Buenos Aires,Comuna 10,207017,27,2025,12,9635
Argentina,Ciudad Autonoma de Buenos Aires,Comuna 10,207018,27,2025,11,8682
Argentina,Ciudad Autonoma de Buenos Aires,Comuna 10,207019,27,2025,9,11217
Argentina,Ciudad Autonoma de Buenos Aires,Comuna 11,207701,27,2025,13,11069
Argentina,Ciudad Autonoma de Buenos Aires,Comuna 11,207702,27,2025,12,10205
Argentina,Ciudad Autonoma de Buenos Aires,Comuna 11,207703,27,2025,11,9103
Argentina,Ciudad Autonoma de Buenos Aires,Comuna 11,207704,27,2025,12,10387
Argentina,Ciudad Autonoma de Buenos Aires,Comuna 11,207705,27,2025,7,7955
Argentina,Ciudad Autonoma de Buenos Aires,Comuna 11,207706,27,2025,11,11455
Argentina,Ciudad Autonoma de Buenos Aires,Comuna 11,207707,27,2025,20,11428
Argentina,Ciudad Autonoma de Buenos Aires,Comuna 11,207708,27,2025,7,8072
Argentina,Ciudad Autonoma de Buenos Aires,Comuna 11,207709,27,2025,6,9257
Argentina,Ciudad Autonoma de Buenos Aires,Comuna 11,207710,27,2025,17,11259
Argentina,Ciudad Autonoma de Buenos Aires,Comuna 11,207711,27,2025,5,8065
Argentina,Ciudad Autonoma de Buenos Aires,Comuna 11,207712,27,2025,9,8059
Argentina,Ciudad Autonoma de Buenos Aires,Comuna 11,207713,27,2025,5,9254
Argentina,Ciudad Autonoma de Buenos Aires,Comuna 11,207714,27,2025,8,7270
Argentina,Ciudad Autonoma de Buenos Aires,Comuna 11,207715,27,2025,9,10022
Argentina,Ciudad Autonoma de Buenos Aires,Comuna 11,207716,27,2025,13,9462
Argentina,Ciudad Autonoma de Buenos Aires,Comuna 11,207717,27,2025,6,6323
Argentina,Ciudad Autonoma de Buenos Aires,Comuna 11,207718,27,2025,11,9010
Argentina,Ciudad Autonoma de Buenos Aires,Comuna 11,207719,27,2025,10,7194
Argentina,Ciudad Autonoma de Buenos Aires,Comuna 11,207720,27,2025,2,9079
Argentina,Ciudad Autonoma de Buenos Aires,Comuna 11,207721,27,2025,7,9075
Argentina,Ciudad Autonoma de Buenos Aires,Comuna 11,207722,27,2025,14,8902
Argentina,Ciudad Autonoma de Buenos Aires,Comuna 12,208401,27,2025,23,9341
Argentina,Ciudad Autonoma de Buenos Aires,Comuna 12,208402,27,2025,26,8793
Argentina,Ciudad Autonoma de Buenos Aires,Comuna 12,208403,27,2025,30,9271
Argentina,Ciudad Autonoma de Buenos Aires,Comuna 12,208404,27,2025,19,8702
Argentina,Ciudad Autonoma de Buenos Aires,Comuna 12,208405,27,2025,21,8415
Argentina,Ciudad Autonoma de Buenos Aires,Comuna 12,208406,27,2025,27,9143
Argentina,Ciudad Autonoma de Buenos Aires,Comuna 12,208407,27,2025,31,10293
Argentina,Ciudad Autonoma de Buenos Aires,Comuna 12,208408,27,2025,29,10510
Argentina,Ciudad Autonoma de Buenos Aires,Comuna 12,208409,27,2025,20,8365
Argentina,Ciudad Autonoma de Buenos Aires,Comuna 12,208410,27,2025,35,11926
Argentina,Ciudad Autonoma de Buenos Aires,Comuna 12,208411,27,2025,31,10276
Argentina,Ciudad Autonoma de Buenos Aires,Comuna 12,208412,27,2025,32,8291
Argentina,Ciudad Autonoma de Buenos Aires,Comuna 12,208413,27,2025,30,9891
Argentina,Ciudad Autonoma de Buenos Aires,Comuna 12,208414,27,2025,37,12202
Argentina,Ciudad Autonoma de Buenos Aires,Comuna 12,208415,27,2025,46,13785
Argentina,Ciudad Autonoma de Buenos Aires,Comuna 12,208416,27,2025,53,16395
Argentina,Ciudad Autonoma de Buenos Aires,Comuna 12,208417,27,2025,29,9935
Argentina,Ciudad Autonoma de Buenos Aires,Comuna 12,208418,27,2025,32,13227
Argentina,Ciudad Autonoma de Buenos Aires,Comuna 12,208419,27,2025,46,12268
Argentina,Ciudad Autonoma de Buenos Aires,Comuna 12,208420,27,2025,32,9926
Argentina,Ciudad Autonoma de Buenos Aires,Comuna 12,208421,27,2025,21,11426
Argentina,Ciudad Autonoma de Buenos Aires,Comuna 12,208422,27,2025,46,12983
Argentina,Ciudad Autonoma de Buenos Aires,Comuna 13,209101,27,2025,20,11656
Argentina,Ciudad Autonoma de Buenos Aires,Comuna 13,209102,27,2025,21,10984
Argentina,Ciudad Autonoma de Buenos Aires,Comuna 13,209103,27,2025,27,10868
Argentina,Ciudad Autonoma de Buenos Aires,Comuna 13,209104,27,2025,32,13113
Argentina,Ciudad Autonoma de Buenos Aires,Comuna 13,209105,27,2025,16,10421
Argentina,Ciudad Autonoma de Buenos Aires,Comuna 13,209106,27,2025,15,7917
Argentina,Ciudad Autonoma de Buenos Aires,Comuna 13,209107,27,2025,14,8294
Argentina,Ciudad Autonoma de Buenos Aires,Comuna 13,209108,27,2025,14,9153
Argentina,Ciudad Autonoma de Buenos Aires,Comuna 13,209109,27,2025,17,8207
Argentina,Ciudad Autonoma de Buenos Aires,Comuna 13,209110,27,2025,16,10807
Argentina,Ciudad Autonoma de Buenos Aires,Comuna 13,209111,27,2025,11,4808
Argentina,Ciudad Autonoma de Buenos Aires,Comuna 13,209112,27,2025,13,8591
Argentina,Ciudad Autonoma de Buenos Aires,Comuna 13,209113,27,2025,24,10772
Argentina,Ciudad Autonoma de Buenos Aires,Comuna 13,209114,27,2025,19,7311
Argentina,Ciudad Autonoma de Buenos Aires,Comuna 13,209115,27,2025,21,9651
Argentina,Ciudad Autonoma de Buenos Aires,Comuna 13,209116,27,2025,23,10427
Argentina,Ciudad Autonoma de Buenos Aires,Comuna 13,209117,27,2025,24,11221
Argentina,Ciudad Autonoma de Buenos Aires,Comuna 13,209118,27,2025,27,8113
Argentina,Ciudad Autonoma de Buenos Aires,Comuna 13,209119,27,2025,20,8504
Argentina,Ciudad Autonoma de Buenos Aires,Comuna 13,209120,27,2025,17,9333
Argentina,Ciudad Autonoma de Buenos Aires,Comuna 13,209121,27,2025,22,8521
Argentina,Ciudad Autonoma de Buenos Aires,Comuna 13,209122,27,2025,8,8416
Argentina,Ciudad Autonoma de Buenos Aires,Comuna 13,209123,27,2025,20,9675
Argentina,Ciudad Autonoma de Buenos Aires,Comuna 13,209124,27,2025,10,7611
Argentina,Ciudad Autonoma de Buenos Aires,Comuna 13,209125,27,2025,12,6503
Argentina,Ciudad Autonoma de Buenos Aires,Comuna 13,209126,27,2025,17,8070
Argentina,Ciudad Autonoma de Buenos Aires,Comuna 13,209127,27,2025,20,7860
Argentina,Ciudad Autonoma de Buenos Aires,Comuna 13,209128,27,2025,12,7714
Argentina,Ciudad Autonoma de Buenos Aires,Comuna 13,209129,27,2025,17,7809
Argentina,Ciudad Autonoma de Buenos Aires,Comuna 14,209801,27,2025,13,8008
Argentina,Ciudad Autonoma de Buenos Aires,Comuna 14,209802,27,2025,14,8651
Argentina,Ciudad Autonoma de Buenos Aires,Comuna 14,209803,27,2025,13,9921
Argentina,Ciudad Autonoma de Buenos Aires,Comuna 14,209804,27,2025,13,9128
Argentina,Ciudad Autonoma de Buenos Aires,Comuna 14,209805,27,2025,12,7958
Argentina,Ciudad Autonoma de Buenos Aires,Comuna 14,209806,27,2025,14,9397
Argentina,Ciudad Autonoma de Buenos Aires,Comuna 14,209807,27,2025,12,9307
Argentina,Ciudad Autonoma de Buenos Aires,Comuna 14,209808,27,2025,15,8700
Argentina,Ciudad Autonoma de Buenos Aires,Comuna 14,209809,27,2025,17,12492
Argentina,Ciudad Autonoma de Buenos Aires,Comuna 14,209810,27,2025,0,190
Argentina,Ciudad Autonoma de Buenos Aires,Comuna 14,209811,27,2025,15,12051
Argentina,Ciudad Autonoma de Buenos Aires,Comuna 14,209812,27,2025,14,7962
Argentina,Ciudad Autonoma de Buenos Aires,Comuna 14,209813,27,2025,16,7376
Argentina,Ciudad Autonoma de Buenos Aires,Comuna 14,209814,27,2025,13,7484
Argentina,Ciudad Autonoma de Buenos Aires,Comuna 14,209815,27,2025,15,8094
Argentina,Ciudad Autonoma de Buenos Aires,Comuna 14,209816,27,2025,8,6773
Argentina,Ciudad Autonoma de Buenos Aires,Comuna 14,209817,27,2025,9,7231
Argentina,Ciudad Autonoma de Buenos Aires,Comuna 14,209818,27,2025,14,6981
Argentina,Ciudad Autonoma de Buenos Aires,Comuna 14,209819,27,2025,14,5589
Argentina,Ciudad Autonoma de Buenos Aires,Comuna 14,209820,27,2025,8,6758
Argentina,Ciudad Autonoma de Buenos Aires,Comuna 14,209821,27,2025,8,7312
Argentina,Ciudad Autonoma de Buenos Aires,Comuna 14,209822,27,2025,11,8363
Argentina,Ciudad Autonoma de Buenos Aires,Comuna 14,209823,27,2025,14,11012
Argentina,Ciudad Autonoma de Buenos Aires,Comuna 14,209824,27,2025,12,6199
Argentina,Ciudad Autonoma de Buenos Aires,Comuna 14,209825,27,2025,16,7637
Argentina,Ciudad Autonoma de Buenos Aires,Comuna 14,209826,27,2025,8,6558
Argentina,Ciudad Autonoma de Buenos Aires,Comuna 14,209827,27,2025,6,6199
Argentina,Ciudad Autonoma de Buenos Aires,Comuna 14,209828,27,2025,9,9243
Argentina,Ciudad Autonoma de Buenos Aires,Comuna 14,209829,27,2025,11,8453
Argentina,Ciudad Autonoma de Buenos Aires,Comuna 14,209830,27,2025,12,8109
Argentina,Ciudad Autonoma de Buenos Aires,Comuna 14,209831,27,2025,15,8116
Argentina,Ciudad Autonoma de Buenos Aires,Comuna 15,210501,27,2025,14,9594
Argentina,Ciudad Autonoma de Buenos Aires,Comuna 15,210502,27,2025,11,6548
Argentina,Ciudad Autonoma de Buenos Aires,Comuna 15,210503,27,2025,17,10235
Argentina,Ciudad Autonoma de Buenos Aires,Comuna 15,210504,27,2025,19,12235
Argentina,Ciudad Autonoma de Buenos Aires,Comuna 15,210505,27,2025,15,12207
Argentina,Ciudad Autonoma de Buenos Aires,Comuna 15,210506,27,2025,8,4156
Argentina,Ciudad Autonoma de Buenos Aires,Comuna 15,210507,27,2025,18,12285
Argentina,Ciudad Autonoma de Buenos Aires,Comuna 15,210508,27,2025,16,8807
Argentina,Ciudad Autonoma de Buenos Aires,Comuna 15,210509,27,2025,12,8645
Argentina,Ciudad Autonoma de Buenos Aires,Comuna 15,210510,27,2025,11,10813
Argentina,Ciudad Autonoma de Buenos Aires,Comuna 15,210511,27,2025,13,11863
Argentina,Ciudad Autonoma de Buenos Aires,Comuna 15,210512,27,2025,9,7208
Argentina,Ciudad Autonoma de Buenos Aires,Comuna 15,210513,27,2025,9,7242
Argentina,Ciudad Autonoma de Buenos Aires,Comuna 15,210514,27,2025,13,9564
Argentina,Ciudad Autonoma de Buenos Aires,Comuna 15,210515,27,2025,12,9091
Argentina,Ciudad Autonoma de Buenos Aires,Comuna 15,210516,27,2025,23,8911
Argentina,Ciudad Autonoma de Buenos Aires,Comuna 15,210517,27,2025,9,8753
Argentina,Ciudad Autonoma de Buenos Aires,Comuna 15,210518,27,2025,10,8161
Argentina,Ciudad Autonoma de Buenos Aires,Comuna 15,210519,27,2025,13,8739
Argentina,Ciudad Autonoma de Buenos Aires,Comuna 15,210520,27,2025,18,8787
Argentina,Ciudad Autonoma de Buenos Aires,Comuna 15,210521,27,2025,16,11421
Argentina,Ciudad Autonoma de Buenos Aires,Comuna 2,201401,27,2025,0,554
Argentina,Ciudad Autonoma de Buenos Aires,Comuna 2,201402,27,2025,2,5022
Argentina,Ciudad Autonoma de Buenos Aires,Comuna 2,201403,27,2025,8,5681
Argentina,Ciudad Autonoma de Buenos Aires,Comuna 2,201404,27,2025,9,6670
Argentina,Ciudad Autonoma de Buenos Aires,Comuna 2,201405,27,2025,6,6654
Argentina,Ciudad Autonoma de Buenos Aires,Comuna 2,201406,27,2025,3,6504
Argentina,Ciudad Autonoma de Buenos Aires,Comuna 2,201407,27,2025,10,7631
Argentina,Ciudad Autonoma de Buenos Aires,Comuna 2,201408,27,2025,9,9285
Argentina,Ciudad Autonoma de Buenos Aires,Comuna 2,201409,27,2025,13,8985
Argentina,Ciudad Autonoma de Buenos Aires,Comuna 2,201410,27,2025,6,7067
Argentina,Ciudad Autonoma de Buenos Aires,Comuna 2,201411,27,2025,5,5593
Argentina,Ciudad Autonoma de Buenos Aires,Comuna 2,201412,27,2025,8,5734
Argentina,Ciudad Autonoma de Buenos Aires,Comuna 2,201413,27,2025,10,7043
Argentina,Ciudad Autonoma de Buenos Aires,Comuna 2,201414,27,2025,10,8370
Argentina,Ciudad Autonoma de Buenos Aires,Comuna 2,201415,27,2025,9,6053
Argentina,Ciudad Autonoma de Buenos Aires,Comuna 2,201416,27,2025,4,5917
Argentina,Ciudad Autonoma de Buenos Aires,Comuna 2,201417,27,2025,8,7963
Argentina,Ciudad Autonoma de Buenos Aires,Comuna 2,201418,27,2025,7,6383
Argentina,Ciudad Autonoma de Buenos Aires,Comuna 2,201419,27,2025,10,6436
Argentina,Ciudad Autonoma de Buenos Aires,Comuna 2,201420,27,2025,5,7134
Argentina,Ciudad Autonoma de Buenos Aires,Comuna 2,201421,27,2025,3,5726
Argentina,Ciudad Autonoma de Buenos Aires,Comuna 2,201422,27,2025,4,5002
Argentina,Ciudad Autonoma de Buenos Aires,Comuna 2,201423,27,2025,6,5517
Argentina,Ciudad Autonoma de Buenos Aires,Comuna 2,201424,27,2025,3,5483
Argentina,Ciudad Autonoma de Buenos Aires,Comuna 2,201425,27,2025,7,8202
Argentina,Ciudad Autonoma de Buenos Aires,Comuna 5,203501,27,2025,13,9107
Argentina,Ciudad Autonoma de Buenos Aires,Comuna 5,203502,27,2025,11,8659
Argentina,Ciudad Autonoma de Buenos Aires,Comuna 5,203503,27,2025,11,9246
Argentina,Ciudad Autonoma de Buenos Aires,Comuna 5,203504,27,2025,9,8180
Argentina,Ciudad Autonoma de Buenos Aires,Comuna 5,203505,27,2025,6,6557
Argentina,Ciudad Autonoma de Buenos Aires,Comuna 5,203506,27,2025,9,7989
Argentina,Ciudad Autonoma de Buenos Aires,Comuna 5,203507,27,2025,3,7616
Argentina,Ciudad Autonoma de Buenos Aires,Comuna 5,203508,27,2025,7,8744
Argentina,Ciudad Autonoma de Buenos Aires,Comuna 5,203509,27,2025,4,7892
Argentina,Ciudad Autonoma de Buenos Aires,Comuna 5,203510,27,2025,8,8718
Argentina,Ciudad Autonoma de Buenos Aires,Comuna 5,203511,27,2025,9,9263
Argentina,Ciudad Autonoma de Buenos Aires,Comuna 5,203512,27,2025,6,7201
Argentina,Ciudad Autonoma de Buenos Aires,Comuna 5,203513,27,2025,7,7410
Argentina,Ciudad Autonoma de Buenos Aires,Comuna 5,203514,27,2025,10,8821
Argentina,Ciudad Autonoma de Buenos Aires,Comuna 5,203515,27,2025,7,7651
Argentina,Ciudad Autonoma de Buenos Aires,Comuna 5,203516,27,2025,9,10461
Argentina,Ciudad Autonoma de Buenos Aires,Comuna 5,203517,27,2025,16,9254
Argentina,Ciudad Autonoma de Buenos Aires,Comuna 5,203518,27,2025,10,9162
Argentina,Ciudad Autonoma de Buenos Aires,Comuna 5,203519,27,2025,5,9340
Argentina,Ciudad Autonoma de Buenos Aires,Comuna 5,203520,27,2025,9,11091
Argentina,Ciudad Autonoma de Buenos Aires,Comuna 5,203521,27,2025,10,8855
Argentina,Ciudad Autonoma de Buenos Aires,Comuna 5,203522,27,2025,14,11232
Argentina,Ciudad Autonoma de Buenos Aires,Comuna 6,204201,27,2025,9,9911
Argentina,Ciudad Autonoma de Buenos Aires,Comuna 6,204202,27,2025,11,10787
Argentina,Ciudad Autonoma de Buenos Aires,Comuna 6,204203,27,2025,13,8899
Argentina,Ciudad Autonoma de Buenos Aires,Comuna 6,204204,27,2025,10,11727
Argentina,Ciudad Autonoma de Buenos Aires,Comuna 6,204205,27,2025,9,10329
Argentina,Ciudad Autonoma de Buenos Aires,Comuna 6,204206,27,2025,8,10367
Argentina,Ciudad Autonoma de Buenos Aires,Comuna 6,204207,27,2025,9,12185
Argentina,Ciudad Autonoma de Buenos Aires,Comuna 6,204208,27,2025,12,9497
Argentina,Ciudad Autonoma de Buenos Aires,Comuna 6,204209,27,2025,5,7356
Argentina,Ciudad Autonoma de Buenos Aires,Comuna 6,204210,27,2025,11,8697
Argentina,Ciudad Autonoma de Buenos Aires,Comuna 6,204211,27,2025,17,9646
Argentina,Ciudad Autonoma de Buenos Aires,Comuna 6,204212,27,2025,10,7926
Argentina,Ciudad Autonoma de Buenos Aires,Comuna 6,204213,27,2025,10,10037
Argentina,Ciudad Autonoma de Buenos Aires,Comuna 6,204214,27,2025,9,9669
Argentina,Ciudad Autonoma de Buenos Aires,Comuna 6,204215,27,2025,14,9168
Argentina,Ciudad Autonoma de Buenos Aires,Comuna 6,204216,27,2025,19,12982
Argentina,Ciudad Autonoma de Buenos Aires,Comuna 6,204217,27,2025,6,7259
Argentina,Ciudad Autonoma de Buenos Aires,Comuna 6,204218,27,2025,7,8066
Argentina,Ciudad Autonoma de Buenos Aires,Comuna 6,204219,27,2025,7,7952
Argentina,Ciudad Autonoma de Buenos Aires,Comuna 6,204220,27,2025,7,8895
Argentina,Ciudad Autonoma de Buenos Aires,Comuna 6,204221,27,2025,12,10409
Argentina,Ciudad Autonoma de Buenos Aires,Comuna 7,204901,27,2025,3,6665
Argentina,Ciudad Autonoma de Buenos Aires,Comuna 7,204902,27,2025,8,8593
Argentina,Ciudad Autonoma de Buenos Aires,Comuna 7,204903,27,2025,14,10871
Argentina,Ciudad Autonoma de Buenos Aires,Comuna 7,204904,27,2025,8,9795
Argentina,Ciudad Autonoma de Buenos Aires,Comuna 7,204905,27,2025,7,8999
Argentina,Ciudad Autonoma de Buenos Aires,Comuna 7,204906,27,2025,6,7524
Argentina,Ciudad Autonoma de Buenos Aires,Comuna 7,204907,27,2025,17,9257
Argentina,Ciudad Autonoma de Buenos Aires,Comuna 7,204908,27,2025,8,7685
Argentina,Ciudad Autonoma de Buenos Aires,Comuna 7,204909,27,2025,8,9705
Argentina,Ciudad Autonoma de Buenos Aires,Comuna 7,204910,27,2025,4,8735
Argentina,Ciudad Autonoma de Buenos Aires,Comuna 7,204911,27,2025,14,10501
Argentina,Ciudad Autonoma de Buenos Aires,Comuna 7,204912,27,2025,7,7467
Argentina,Ciudad Autonoma de Buenos Aires,Comuna 7,204913,27,2025,17,11414
Argentina,Ciudad Autonoma de Buenos Aires,Comuna 7,204914,27,2025,13,11132
Argentina,Ciudad Autonoma de Buenos Aires,Comuna 7,204915,27,2025,10,9647
Argentina,Ciudad Autonoma de Buenos Aires,Comuna 7,204916,27,2025,12,8094
Argentina,Ciudad Autonoma de Buenos Aires,Comuna 7,204917,27,2025,2,2971
Argentina,Ciudad Autonoma de Buenos Aires,Comuna 7,204918,27,2025,3,3398
Argentina,Ciudad Autonoma de Buenos Aires,Comuna 7,204919,27,2025,7,6454
Argentina,Ciudad Autonoma de Buenos Aires,Comuna 7,204920,27,2025,7,12736
Argentina,Ciudad Autonoma de Buenos Aires,Comuna 7,204921,27,2025,6,11351
Argentina,Ciudad Autonoma de Buenos Aires,Comuna 7,204922,27,2025,19,11303
Argentina,Ciudad Autonoma de Buenos Aires,Comuna 7,204923,27,2025,6,7839
Argentina,Ciudad Autonoma de Buenos Aires,Comuna 7,204924,27,2025,12,11126
Argentina,Ciudad Autonoma de Buenos Aires,Comuna 10,207001,28,2025,6,6651
Argentina,Ciudad Autonoma de Buenos Aires,Comuna 10,207002,28,2025,5,7094
Argentina,Ciudad Autonoma de Buenos Aires,Comuna 10,207003,28,2025,9,6682
Argentina,Ciudad Autonoma de Buenos Aires,Comuna 10,207004,28,2025,11,9342
Argentina,Ciudad Autonoma de Buenos Aires,Comuna 10,207005,28,2025,10,11787
Argentina,Ciudad Autonoma de Buenos Aires,Comuna 10,207006,28,2025,15,12408
Argentina,Ciudad Autonoma de Buenos Aires,Comuna 10,207007,28,2025,15,11630
Argentina,Ciudad Autonoma de Buenos Aires,Comuna 10,207008,28,2025,8,9038
Argentina,Ciudad Autonoma de Buenos Aires,Comuna 10,207009,28,2025,12,8752
Argentina,Ciudad Autonoma de Buenos Aires,Comuna 10,207010,28,2025,14,10398
Argentina,Ciudad Autonoma de Buenos Aires,Comuna 10,207011,28,2025,8,8554
Argentina,Ciudad Autonoma de Buenos Aires,Comuna 10,207012,28,2025,7,6677
Argentina,Ciudad Autonoma de Buenos Aires,Comuna 10,207013,28,2025,7,8285
Argentina,Ciudad Autonoma de Buenos Aires,Comuna 10,207014,28,2025,5,9092
Argentina,Ciudad Autonoma de Buenos Aires,Comuna 10,207015,28,2025,8,7248
Argentina,Ciudad Autonoma de Buenos Aires,Comuna 10,207016,28,2025,8,8724
Argentina,Ciudad Autonoma de Buenos Aires,Comuna 10,207017,28,2025,7,9635
Argentina,Ciudad Autonoma de Buenos Aires,Comuna 10,207018,28,2025,8,8682
Argentina,Ciudad Autonoma de Buenos Aires,Comuna 10,207019,28,2025,13,11217
Argentina,Ciudad Autonoma de Buenos Aires,Comuna 11,207701,28,2025,14,11069
Argentina,Ciudad Autonoma de Buenos Aires,Comuna 11,207702,28,2025,12,10205
Argentina,Ciudad Autonoma de Buenos Aires,Comuna 11,207703,28,2025,6,9103
Argentina,Ciudad Autonoma de Buenos Aires,Comuna 11,207704,28,2025,13,10387
Argentina,Ciudad Autonoma de Buenos Aires,Comuna 11,207705,28,2025,9,7955
Argentina,Ciudad Autonoma de Buenos Aires,Comuna 11,207706,28,2025,16,11455
Argentina,Ciudad Autonoma de Buenos Aires,Comuna 11,207707,28,2025,13,11428
Argentina,Ciudad Autonoma de Buenos Aires,Comuna 11,207708,28,2025,10,8072
Argentina,Ciudad Autonoma de Buenos Aires,Comuna 11,207709,28,2025,13,9257
Argentina,Ciudad Autonoma de Buenos Aires,Comuna 11,207710,28,2025,11,11259
Argentina,Ciudad Autonoma de Buenos Aires,Comuna 11,207711,28,2025,10,8065
Argentina,Ciudad Autonoma de Buenos Aires,Comuna 11,207712,28,2025,5,8059
Argentina,Ciudad Autonoma de Buenos Aires,Comuna 11,207713,28,2025,10,9254
Argentina,Ciudad Autonoma de Buenos Aires,Comuna 11,207714,28,2025,10,7270
Argentina,Ciudad Autonoma de Buenos Aires,Comuna 11,207715,28,2025,10,10022
Argentina,Ciudad Autonoma de Buenos Aires,Comuna 11,207716,28,2025,7,9462
Argentina,Ciudad Autonoma de Buenos Aires,Comuna 11,207717,28,2025,8,6323
Argentina,Ciudad Autonoma de Buenos Aires,Comuna 11,207718,28,2025,8,9010
Argentina,Ciudad Autonoma de Buenos Aires,Comuna 11,207719,28,2025,7,7194
Argentina,Ciudad Autonoma de Buenos Aires,Comuna 11,207720,28,2025,8,9079
Argentina,Ciudad Autonoma de Buenos Aires,Comuna 11,207721,28,2025,9,9075
Argentina,Ciudad Autonoma de Buenos Aires,Comuna 11,207722,28,2025,7,8902
Argentina,Ciudad Autonoma de Buenos Aires,Comuna 12,208401,28,2025,24,9341
Argentina,Ciudad Autonoma de Buenos Aires,Comuna 12,208402,28,2025,23,8793
Argentina,Ciudad Autonoma de Buenos Aires,Comuna 12,208403,28,2025,26,9271
Argentina,Ciudad Autonoma de Buenos Aires,Comuna 12,208404,28,2025,30,8702
Argentina,Ciudad Autonoma de Buenos Aires,Comuna 12,208405,28,2025,30,8415
Argentina,Ciudad Autonoma de Buenos Aires,Comuna 12,208406,28,2025,35,9143
Argentina,Ciudad Autonoma de Buenos Aires,Comuna 12,208407,28,2025,35,10293
Argentina,Ciudad Autonoma de Buenos Aires,Comuna 12,208408,28,2025,26,10510
Argentina,Ciudad Autonoma de Buenos Aires,Comuna 12,208409,28,2025,24,8365
Argentina,Ciudad Autonoma de Buenos Aires,Comuna 12,208410,28,2025,34,11926
Argentina,Ciudad Autonoma de Buenos Aires,Comuna 12,208411,28,2025,38,10276
Argentina,Ciudad Autonoma de Buenos Aires,Comuna 12,208412,28,2025,32,8291
Argentina,Ciudad Autonoma de Buenos Aires,Comuna 12,208413,28,2025,37,9891
Argentina,Ciudad Autonoma de Buenos Aires,Comuna 12,208414,28,2025,38,12202
Argentina,Ciudad Autonoma de Buenos Aires,Comuna 12,208415,28,2025,39,13785
Argentina,Ciudad Autonoma de Buenos Aires,Comuna 12,208416,28,2025,51,16395
Argentina,Ciudad Autonoma de Buenos Aires,Comuna 12,208417,28,2025,19,9935
Argentina,Ciudad Autonoma de Buenos Aires,Comuna 12,208418,28,2025,36,13227
Argentina,Ciudad Autonoma de Buenos Aires,Comuna 12,208419,28,2025,32,12268
Argentina,Ciudad Autonoma de Buenos Aires,Comuna 12,208420,28,2025,25,9926
Argentina,Ciudad Autonoma de Buenos Aires,Comuna 12,208421,28,2025,26,11426
Argentina,Ciudad Autonoma de Buenos Aires,Comuna 12,208422,28,2025,54,12983
Argentina,Ciudad Autonoma de Buenos Aires,Comuna 13,209101,28,2025,24,11656
Argentina,Ciudad Autonoma de Buenos Aires,Comuna 13,209102,28,2025,25,10984
Argentina,Ciudad Autonoma de Buenos Aires,Comuna 13,209103,28,2025,19,10868
Argentina,Ciudad Autonoma de Buenos Aires,Comuna 13,209104,28,2025,21,13113
Argentina,Ciudad Autonoma de Buenos Aires,Comuna 13,209105,28,2025,17,10421
Argentina,Ciudad Autonoma de Buenos Aires,Comuna 13,209106,28,2025,9,7917
Argentina,Ciudad Autonoma de Buenos Aires,Comuna 13,209107,28,2025,16,8294
Argentina,Ciudad Autonoma de Buenos Aires,Comuna 13,209108,28,2025,24,9153
Argentina,Ciudad Autonoma de Buenos Aires,Comuna 13,209109,28,2025,15,8207
Argentina,Ciudad Autonoma de Buenos Aires,Comuna 13,209110,28,2025,19,10807
Argentina,Ciudad Autonoma de Buenos Aires,Comuna 13,209111,28,2025,14,4808
Argentina,Ciudad Autonoma de Buenos Aires,Comuna 13,209112,28,2025,19,8591
Argentina,Ciudad Autonoma de Buenos Aires,Comuna 13,209113,28,2025,15,10772
Argentina,Ciudad Autonoma de Buenos Aires,Comuna 13,209114,28,2025,11,7311
Argentina,Ciudad Autonoma de Buenos Aires,Comuna 13,209115,28,2025,27,9651
Argentina,Ciudad Autonoma de Buenos Aires,Comuna 13,209116,28,2025,20,10427
Argentina,Ciudad Autonoma de Buenos Aires,Comuna 13,209117,28,2025,21,11221
Argentina,Ciudad Autonoma de Buenos Aires,Comuna 13,209118,28,2025,20,8113
Argentina,Ciudad Autonoma de Buenos Aires,Comuna 13,209119,28,2025,16,8504
Argentina,Ciudad Autonoma de Buenos Aires,Comuna 13,209120,28,2025,17,9333
Argentina,Ciudad Autonoma de Buenos Aires,Comuna 13,209121,28,2025,14,8521
Argentina,Ciudad Autonoma de Buenos Aires,Comuna 13,209122,28,2025,18,8416
Argentina,Ciudad Autonoma de Buenos Aires,Comuna 13,209123,28,2025,12,9675
Argentina,Ciudad Autonoma de Buenos Aires,Comuna 13,209124,28,2025,14,7611
Argentina,Ciudad Autonoma de Buenos Aires,Comuna 13,209125,28,2025,10,6503
Argentina,Ciudad Autonoma de Buenos Aires,Comuna 13,209126,28,2025,16,8070
Argentina,Ciudad Autonoma de Buenos Aires,Comuna 13,209127,28,2025,15,7860
Argentina,Ciudad Autonoma de Buenos Aires,Comuna 13,209128,28,2025,14,7714
Argentina,Ciudad Autonoma de Buenos Aires,Comuna 13,209129,28,2025,16,7809
Argentina,Ciudad Autonoma de Buenos Aires,Comuna 14,209801,28,2025,18,8008
Argentina,Ciudad Autonoma de Buenos Aires,Comuna 14,209802,28,2025,13,8651
Argentina,Ciudad Autonoma de Buenos Aires,Comuna 14,209803,28,2025,21,9921
Argentina,Ciudad Autonoma de Buenos Aires,Comuna 14,209804,28,2025,26,9128
Argentina,Ciudad Autonoma de Buenos Aires,Comuna 14,209805,28,2025,12,7958
Argentina,Ciudad Autonoma de Buenos Aires,Comuna 14,209806,28,2025,9,9397
Argentina,Ciudad Autonoma de Buenos Aires,Comuna 14,209807,28,2025,12,9307
Argentina,Ciudad Autonoma de Buenos Aires,Comuna 14,209808,28,2025,10,8700
Argentina,Ciudad Autonoma de Buenos Aires,Comuna 14,209809,28,2025,18,12492
Argentina,Ciudad Autonoma de Buenos Aires,Comuna 14,209810,28,2025,0,190
Argentina,Ciudad Autonoma de Buenos Aires,Comuna 14,209811,28,2025,19,12051
Argentina,Ciudad Autonoma de Buenos Aires,Comuna 14,209812,28,2025,10,7962
Argentina,Ciudad Autonoma de Buenos Aires,Comuna 14,209813,28,2025,10,7376
Argentina,Ciudad Autonoma de Buenos Aires,Comuna 14,209814,28,2025,10,7484
Argentina,Ciudad Autonoma de Buenos Aires,Comuna 14,209815,28,2025,12,8094
Argentina,Ciudad Autonoma de Buenos Aires,Comuna 14,209816,28,2025,14,6773
Argentina,Ciudad Autonoma de Buenos Aires,Comuna 14,209817,28,2025,12,7231
Argentina,Ciudad Autonoma de Buenos Aires,Comuna 14,209818,28,2025,10,6981
Argentina,Ciudad Autonoma de Buenos Aires,Comuna 14,209819,28,2025,6,5589
Argentina,Ciudad Autonoma de Buenos Aires,Comuna 14,209820,28,2025,8,6758
Argentina,Ciudad Autonoma de Buenos Aires,Comuna 14,209821,28,2025,14,7312
Argentina,Ciudad Autonoma de Buenos Aires,Comuna 14,209822,28,2025,13,8363
Argentina,Ciudad Autonoma de Buenos Aires,Comuna 14,209823,28,2025,12,11012
Argentina,Ciudad Autonoma de Buenos Aires,Comuna 14,209824,28,2025,8,6199
Argentina,Ciudad Autonoma de Buenos Aires,Comuna 14,209825,28,2025,16,7637
Argentina,Ciudad Autonoma de Buenos Aires,Comuna 14,209826,28,2025,8,6558
Argentina,Ciudad Autonoma de Buenos Aires,Comuna 14,209827,28,2025,15,6199
Argentina,Ciudad Autonoma de Buenos Aires,Comuna 14,209828,28,2025,11,9243
Argentina,Ciudad Autonoma de Buenos Aires,Comuna 14,209829,28,2025,17,8453
Argentina,Ciudad Autonoma de Buenos Aires,Comuna 14,209830,28,2025,6,8109
Argentina,Ciudad Autonoma de Buenos Aires,Comuna 14,209831,28,2025,9,8116
Argentina,Ciudad Autonoma de Buenos Aires,Comuna 15,210501,28,2025,15,9594
Argentina,Ciudad Autonoma de Buenos Aires,Comuna 15,210502,28,2025,7,6548
Argentina,Ciudad Autonoma de Buenos Aires,Comuna 15,210503,28,2025,16,10235
Argentina,Ciudad Autonoma de Buenos Aires,Comuna 15,210504,28,2025,18,12235
Argentina,Ciudad Autonoma de Buenos Aires,Comuna 15,210505,28,2025,12,12207
Argentina,Ciudad Autonoma de Buenos Aires,Comuna 15,210506,28,2025,4,4156
Argentina,Ciudad Autonoma de Buenos Aires,Comuna 15,210507,28,2025,20,12285
Argentina,Ciudad Autonoma de Buenos Aires,Comuna 15,210508,28,2025,15,8807
Argentina,Ciudad Autonoma de Buenos Aires,Comuna 15,210509,28,2025,10,8645
Argentina,Ciudad Autonoma de Buenos Aires,Comuna 15,210510,28,2025,13,10813
Argentina,Ciudad Autonoma de Buenos Aires,Comuna 15,210511,28,2025,19,11863
Argentina,Ciudad Autonoma de Buenos Aires,Comuna 15,210512,28,2025,12,7208
Argentina,Ciudad Autonoma de Buenos Aires,Comuna 15,210513,28,2025,13,7242
Argentina,Ciudad Autonoma de Buenos Aires,Comuna 15,210514,28,2025,16,9564
Argentina,Ciudad Autonoma de Buenos Aires,Comuna 15,210515,28,2025,19,9091
Argentina,Ciudad Autonoma de Buenos Aires,Comuna 15,210516,28,2025,10,8911
Argentina,Ciudad Autonoma de Buenos Aires,Comuna 15,210517,28,2025,12,8753
Argentina,Ciudad Autonoma de Buenos Aires,Comuna 15,210518,28,2025,14,8161
Argentina,Ciudad Autonoma de Buenos Aires,Comuna 15,210519,28,2025,19,8739
Argentina,Ciudad Autonoma de Buenos Aires,Comuna 15,210520,28,2025,22,8787
Argentina,Ciudad Autonoma de Buenos Aires,Comuna 15,210521,28,2025,10,11421
Argentina,Ciudad Autonoma de Buenos Aires,Comuna 2,201401,28,2025,0,554
Argentina,Ciudad Autonoma de Buenos Aires,Comuna 2,201402,28,2025,4,5022
Argentina,Ciudad Autonoma de Buenos Aires,Comuna 2,201403,28,2025,9,5681
Argentina,Ciudad Autonoma de Buenos Aires,Comuna 2,201404,28,2025,6,6670
Argentina,Ciudad Autonoma de Buenos Aires,Comuna 2,201405,28,2025,11,6654
Argentina,Ciudad Autonoma de Buenos Aires,Comuna 2,201406,28,2025,8,6504
Argentina,Ciudad Autonoma de Buenos Aires,Comuna 2,201407,28,2025,8,7631
Argentina,Ciudad Autonoma de Buenos Aires,Comuna 2,201408,28,2025,11,9285
Argentina,Ciudad Autonoma de Buenos Aires,Comuna 2,201409,28,2025,7,8985
Argentina,Ciudad Autonoma de Buenos Aires,Comuna 2,201410,28,2025,7,7067
Argentina,Ciudad Autonoma de Buenos Aires,Comuna 2,201411,28,2025,5,5593
Argentina,Ciudad Autonoma de Buenos Aires,Comuna 2,201412,28,2025,4,5734
Argentina,Ciudad Autonoma de Buenos Aires,Comuna 2,201413,28,2025,5,7043
Argentina,Ciudad Autonoma de Buenos Aires,Comuna 2,201414,28,2025,9,8370
Argentina,Ciudad Autonoma de Buenos Aires,Comuna 2,201415,28,2025,7,6053
Argentina,Ciudad Autonoma de Buenos Aires,Comuna 2,201416,28,2025,1,5917
Argentina,Ciudad Autonoma de Buenos Aires,Comuna 2,201417,28,2025,6,7963
Argentina,Ciudad Autonoma de Buenos Aires,Comuna 2,201418,28,2025,8,6383
Argentina,Ciudad Autonoma de Buenos Aires,Comuna 2,201419,28,2025,6,6436
Argentina,Ciudad Autonoma de Buenos Aires,Comuna 2,201420,28,2025,3,7134
Argentina,Ciudad Autonoma de Buenos Aires,Comuna 2,201421,28,2025,4,5726
Argentina,Ciudad Autonoma de Buenos Aires,Comuna 2,201422,28,2025,9,5002
Argentina,Ciudad Autonoma de Buenos Aires,Comuna 2,201423,28,2025,11,5517
Argentina,Ciudad Autonoma de Buenos Aires,Comuna 2,201424,28,2025,4,5483
Argentina,Ciudad Autonoma de Buenos Aires,Comuna 2,201425,28,2025,10,8202
Argentina,Ciudad Autonoma de Buenos Aires,Comuna 5,203501,28,2025,14,9107
Argentina,Ciudad Autonoma de Buenos Aires,Comuna 5,203502,28,2025,11,8659
Argentina,Ciudad Autonoma de Buenos Aires,Comuna 5,203503,28,2025,11,9246
Argentina,Ciudad Autonoma de Buenos Aires,Comuna 5,203504,28,2025,13,8180
Argentina,Ciudad Autonoma de Buenos Aires,Comuna 5,203505,28,2025,6,6557
Argentina,Ciudad Autonoma de Buenos Aires,Comuna 5,203506,28,2025,6,7989
Argentina,Ciudad Autonoma de Buenos Aires,Comuna 5,203507,28,2025,9,7616
Argentina,Ciudad Autonoma de Buenos Aires,Comuna 5,203508,28,2025,4,8744
Argentina,Ciudad Autonoma de Buenos Aires,Comuna 5,203509,28,2025,7,7892
Argentina,Ciudad Autonoma de Buenos Aires,Comuna 5,203510,28,2025,6,8718
Argentina,Ciudad Autonoma de Buenos Aires,Comuna 5,203511,28,2025,16,9263
Argentina,Ciudad Autonoma de Buenos Aires,Comuna 5,203512,28,2025,7,7201
Argentina,Ciudad Autonoma de Buenos Aires,Comuna 5,203513,28,2025,5,7410
Argentina,Ciudad Autonoma de Buenos Aires,Comuna 5,203514,28,2025,2,8821
Argentina,Ciudad Autonoma de Buenos Aires,Comuna 5,203515,28,2025,5,7651
Argentina,Ciudad Autonoma de Buenos Aires,Comuna 5,203516,28,2025,6,10461
Argentina,Ciudad Autonoma de Buenos Aires,Comuna 5,203517,28,2025,6,9254
Argentina,Ciudad Autonoma de Buenos Aires,Comuna 5,203518,28,2025,8,9162
Argentina,Ciudad Autonoma de Buenos Aires,Comuna 5,203519,28,2025,6,9340
Argentina,Ciudad Autonoma de Buenos Aires,Comuna 5,203520,28,2025,14,11091
Argentina,Ciudad Autonoma de Buenos Aires,Comuna 5,203521,28,2025,9,8855
Argentina,Ciudad Autonoma de Buenos Aires,Comuna 5,203522,28,2025,8,11232
Argentina,Ciudad Autonoma de Buenos Aires,Comuna 6,204201,28,2025,10,9911
Argentina,Ciudad Autonoma de Buenos Aires,Comuna 6,204202,28,2025,12,10787
Argentina,Ciudad Autonoma de Buenos Aires,Comuna 6,204203,28,2025,8,8899
Argentina,Ciudad Autonoma de Buenos Aires,Comuna 6,204204,28,2025,17,11727
Argentina,Ciudad Autonoma de Buenos Aires,Comuna 6,204205,28,2025,15,10329
Argentina,Ciudad Autonoma de Buenos Aires,Comuna 6,204206,28,2025,14,10367
Argentina,Ciudad Autonoma de Buenos Aires,Comuna 6,204207,28,2025,10,12185
Argentina,Ciudad Autonoma de Buenos Aires,Comuna 6,204208,28,2025,9,9497
Argentina,Ciudad Autonoma de Buenos Aires,Comuna 6,204209,28,2025,5,7356
Argentina,Ciudad Autonoma de Buenos Aires,Comuna 6,204210,28,2025,7,8697
Argentina,Ciudad Autonoma de Buenos Aires,Comuna 6,204211,28,2025,10,9646
Argentina,Ciudad Autonoma de Buenos Aires,Comuna 6,204212,28,2025,10,7926
Argentina,Ciudad Autonoma de Buenos Aires,Comuna 6,204213,28,2025,13,10037
Argentina,Ciudad Autonoma de Buenos Aires,Comuna 6,204214,28,2025,8,9669
Argentina,Ciudad Autonoma de Buenos Aires,Comuna 6,204215,28,2025,8,9168
Argentina,Ciudad Autonoma de Buenos Aires,Comuna 6,204216,28,2025,21,12982
Argentina,Ciudad Autonoma de Buenos Aires,Comuna 6,204217,28,2025,10,7259
Argentina,Ciudad Autonoma de Buenos Aires,Comuna 6,204218,28,2025,10,8066
Argentina,Ciudad Autonoma de Buenos Aires,Comuna 6,204219,28,2025,7,7952
Argentina,Ciudad Autonoma de Buenos Aires,Comuna 6,204220,28,2025,12,8895
Argentina,Ciudad Autonoma de Buenos Aires,Comuna 6,204221,28,2025,3,10409
Argentina,Ciudad Autonoma de Buenos Aires,Comuna 7,204901,28,2025,5,6665
Argentina,Ciudad Autonoma de Buenos Aires,Comuna 7,204902,28,2025,8,8593
Argentina,Ciudad Autonoma de Buenos Aires,Comuna 7,204903,28,2025,12,10871
Argentina,Ciudad Autonoma de Buenos Aires,Comuna 7,204904,28,2025,11,9795
Argentina,Ciudad Autonoma de Buenos Aires,Comuna 7,204905,28,2025,10,8999
Argentina,Ciudad Autonoma de Buenos Aires,Comuna 7,204906,28,2025,4,7524
Argentina,Ciudad Autonoma de Buenos Aires,Comuna 7,204907,28,2025,9,9257
Argentina,Ciudad Autonoma de Buenos Aires,Comuna 7,204908,28,2025,3,7685
Argentina,Ciudad Autonoma de Buenos Aires,Comuna 7,204909,28,2025,11,9705
Argentina,Ciudad Autonoma de Buenos Aires,Comuna 7,204910,28,2025,12,8735
Argentina,Ciudad Autonoma de Buenos Aires,Comuna 7,204911,28,2025,9,10501
Argentina,Ciudad Autonoma de Buenos Aires,Comuna 7,204912,28,2025,13,7467
Argentina,Ciudad Autonoma de Buenos Aires,Comuna 7,204913,28,2025,5,11414
Argentina,Ciudad Autonoma de Buenos Aires,Comuna 7,204914,28,2025,5,11132
Argentina,Ciudad Autonoma de Buenos Aires,Comuna 7,204915,28,2025,13,9647
Argentina,Ciudad Autonoma de Buenos Aires,Comuna 7,204916,28,2025,5,8094
Argentina,Ciudad Autonoma de Buenos Aires,Comuna 7,204917,28,2025,4,2971
Argentina,Ciudad Autonoma de Buenos Aires,Comuna 7,204918,28,2025,5,3398
Argentina,Ciudad Autonoma de Buenos Aires,Comuna 7,204919,28,2025,8,6454
Argentina,Ciudad Autonoma de Buenos Aires,Comuna 7,204920,28,2025,12,12736
Argentina,Ciudad Autonoma de Buenos Aires,Comuna 7,204921,28,2025,13,11351
Argentina,Ciudad Autonoma de Buenos Aires,Comuna 7,204922,28,2025,10,11303
Argentina,Ciudad Autonoma de Buenos Aires,Comuna 7,204923,28,2025,11,7839
Argentina,Ciudad Autonoma de Buenos Aires,Comuna 7,204924,28,2025,8,11126
Argentina,Ciudad Autonoma de Buenos Aires,Comuna 10,207001,29,2025,6,6651
Argentina,Ciudad Autonoma de Buenos Aires,Comuna 10,207002,29,2025,8,7094
Argentina,Ciudad Autonoma de Buenos Aires,Comuna 10,207003,29,2025,7,6682
Argentina,Ciudad Autonoma de Buenos Aires,Comuna 10,207004,29,2025,10,9342
Argentina,Ciudad Autonoma de Buenos Aires,Comuna 10,207005,29,2025,14,11787
Argentina,Ciudad Autonoma de Buenos Aires,Comuna 10,207006,29,2025,10,12408
Argentina,Ciudad Autonoma de Buenos Aires,Comuna 10,207007,29,2025,8,11630
Argentina,Ciudad Autonoma de Buenos Aires,Comuna 10,207008,29,2025,10,9038
Argentina,Ciudad Autonoma de Buenos Aires,Comuna 10,207009,29,2025,5,8752
Argentina,Ciudad Autonoma de Buenos Aires,Comuna 10,207010,29,2025,11,10398
Argentina,Ciudad Autonoma de Buenos Aires,Comuna 10,207011,29,2025,17,8554
Argentina,Ciudad Autonoma de Buenos Aires,Comuna 10,207012,29,2025,7,6677
Argentina,Ciudad Autonoma de Buenos Aires,Comuna 10,207013,29,2025,8,8285
Argentina,Ciudad Autonoma de Buenos Aires,Comuna 10,207014,29,2025,13,9092
Argentina,Ciudad Autonoma de Buenos Aires,Comuna 10,207015,29,2025,6,7248
Argentina,Ciudad Autonoma de Buenos Aires,Comuna 10,207016,29,2025,10,8724
Argentina,Ciudad Autonoma de Buenos Aires,Comuna 10,207017,29,2025,14,9635
Argentina,Ciudad Autonoma de Buenos Aires,Comuna 10,207018,29,2025,9,8682
Argentina,Ciudad Autonoma de Buenos Aires,Comuna 10,207019,29,2025,11,11217
Argentina,Ciudad Autonoma de Buenos Aires,Comuna 11,207701,29,2025,10,11069
Argentina,Ciudad Autonoma de Buenos Aires,Comuna 11,207702,29,2025,8,10205
Argentina,Ciudad Autonoma de Buenos Aires,Comuna 11,207703,29,2025,14,9103
Argentina,Ciudad Autonoma de Buenos Aires,Comuna 11,207704,29,2025,7,10387
Argentina,Ciudad Autonoma de Buenos Aires,Comuna 11,207705,29,2025,8,7955
Argentina,Ciudad Autonoma de Buenos Aires,Comuna 11,207706,29,2025,11,11455
Argentina,Ciudad Autonoma de Buenos Aires,Comuna 11,207707,29,2025,12,11428
Argentina,Ciudad Autonoma de Buenos Aires,Comuna 11,207708,29,2025,9,8072
Argentina,Ciudad Autonoma de Buenos Aires,Comuna 11,207709,29,2025,8,9257
Argentina,Ciudad Autonoma de Buenos Aires,Comuna 11,207710,29,2025,13,11259
Argentina,Ciudad Autonoma de Buenos Aires,Comuna 11,207711,29,2025,9,8065
Argentina,Ciudad Autonoma de Buenos Aires,Comuna 11,207712,29,2025,6,8059
Argentina,Ciudad Autonoma de Buenos Aires,Comuna 11,207713,29,2025,10,9254
Argentina,Ciudad Autonoma de Buenos Aires,Comuna 11,207714,29,2025,5,7270
Argentina,Ciudad Autonoma de Buenos Aires,Comuna 11,207715,29,2025,4,10022
Argentina,Ciudad Autonoma de Buenos Aires,Comuna 11,207716,29,2025,8,9462
Argentina,Ciudad Autonoma de Buenos Aires,Comuna 11,207717,29,2025,5,6323
Argentina,Ciudad Autonoma de Buenos Aires,Comuna 11,207718,29,2025,9,9010
Argentina,Ciudad Autonoma de Buenos Aires,Comuna 11,207719,29,2025,7,7194
Argentina,Ciudad Autonoma de Buenos Aires,Comuna 11,207720,29,2025,11,9079
Argentina,Ciudad Autonoma de Buenos Aires,Comuna 11,207721,29,2025,10,9075
Argentina,Ciudad Autonoma de Buenos Aires,Comuna 11,207722,29,2025,8,8902
Argentina,Ciudad Autonoma de Buenos Aires,Comuna 12,208401,29,2025,26,9341
Argentina,Ciudad Autonoma de Buenos Aires,Comuna 12,208402,29,2025,23,8793
Argentina,Ciudad Autonoma de Buenos Aires,Comuna 12,208403,29,2025,25,9271
Argentina,Ciudad Autonoma de Buenos Aires,Comuna 12,208404,29,2025,20,8702
Argentina,Ciudad Autonoma de Buenos Aires,Comuna 12,208405,29,2025,24,8415
Argentina,Ciudad Autonoma de Buenos Aires,Comuna 12,208406,29,2025,36,9143
Argentina,Ciudad Autonoma de Buenos Aires,Comuna 12,208407,29,2025,27,10293
Argentina,Ciudad Autonoma de Buenos Aires,Comuna 12,208408,29,2025,27,10510
Argentina,Ciudad Autonoma de Buenos Aires,Comuna 12,208409,29,2025,32,8365
Argentina,Ciudad Autonoma de Buenos Aires,Comuna 12,208410,29,2025,35,11926
Argentina,Ciudad Autonoma de Buenos Aires,Comuna 12,208411,29,2025,24,10276
Argentina,Ciudad Autonoma de Buenos Aires,Comuna 12,208412,29,2025,27,8291
Argentina,Ciudad Autonoma de Buenos Aires,Comuna 12,208413,29,2025,24,9891
Argentina,Ciudad Autonoma de Buenos Aires,Comuna 12,208414,29,2025,44,12202
Argentina,Ciudad Autonoma de Buenos Aires,Comuna 12,208415,29,2025,44,13785
Argentina,Ciudad Autonoma de Buenos Aires,Comuna 12,208416,29,2025,49,16395
Argentina,Ciudad Autonoma de Buenos Aires,Comuna 12,208417,29,2025,28,9935
Argentina,Ciudad Autonoma de Buenos Aires,Comuna 12,208418,29,2025,48,13227
Argentina,Ciudad Autonoma de Buenos Aires,Comuna 12,208419,29,2025,39,12268
Argentina,Ciudad Autonoma de Buenos Aires,Comuna 12,208420,29,2025,25,9926
Argentina,Ciudad Autonoma de Buenos Aires,Comuna 12,208421,29,2025,46,11426
Argentina,Ciudad Autonoma de Buenos Aires,Comuna 12,208422,29,2025,46,12983
Argentina,Ciudad Autonoma de Buenos Aires,Comuna 13,209101,29,2025,24,11656
Argentina,Ciudad Autonoma de Buenos Aires,Comuna 13,209102,29,2025,19,10984
Argentina,Ciudad Autonoma de Buenos Aires,Comuna 13,209103,29,2025,17,10868
Argentina,Ciudad Autonoma de Buenos Aires,Comuna 13,209104,29,2025,16,13113
Argentina,Ciudad Autonoma de Buenos Aires,Comuna 13,209105,29,2025,28,10421
Argentina,Ciudad Autonoma de Buenos Aires,Comuna 13,209106,29,2025,12,7917
Argentina,Ciudad Autonoma de Buenos Aires,Comuna 13,209107,29,2025,13,8294
Argentina,Ciudad Autonoma de Buenos Aires,Comuna 13,209108,29,2025,21,9153
Argentina,Ciudad Autonoma de Buenos Aires,Comuna 13,209109,29,2025,17,8207
Argentina,Ciudad Autonoma de Buenos Aires,Comuna 13,209110,29,2025,25,10807
Argentina,Ciudad Autonoma de Buenos Aires,Comuna 13,209111,29,2025,7,4808
Argentina,Ciudad Autonoma de Buenos Aires,Comuna 13,209112,29,2025,18,8591
Argentina,Ciudad Autonoma de Buenos Aires,Comuna 13,209113,29,2025,27,10772
Argentina,Ciudad Autonoma de Buenos Aires,Comuna 13,209114,29,2025,10,7311
Argentina,Ciudad Autonoma de Buenos Aires,Comuna 13,209115,29,2025,9,9651
Argentina,Ciudad Autonoma de Buenos Aires,Comuna 13,209116,29,2025,21,10427
Argentina,Ciudad Autonoma de Buenos Aires,Comuna 13,209117,29,2025,21,11221
Argentina,Ciudad Autonoma de Buenos Aires,Comuna 13,209118,29,2025,12,8113
Argentina,Ciudad Autonoma de Buenos Aires,Comuna 13,209119,29,2025,21,8504
Argentina,Ciudad Autonoma de Buenos Aires,Comuna 13,209120,29,2025,24,9333
Argentina,Ciudad Autonoma de Buenos Aires,Comuna 13,209121,29,2025,15,8521
Argentina,Ciudad Autonoma de Buenos Aires,Comuna 13,209122,29,2025,20,8416
Argentina,Ciudad Autonoma de Buenos Aires,Comuna 13,209123,29,2025,15,9675
Argentina,Ciudad Autonoma de Buenos Aires,Comuna 13,209124,29,2025,19,7611
Argentina,Ciudad Autonoma de Buenos Aires,Comuna 13,209125,29,2025,14,6503
Argentina,Ciudad Autonoma de Buenos Aires,Comuna 13,209126,29,2025,18,8070
Argentina,Ciudad Autonoma de Buenos Aires,Comuna 13,209127,29,2025,18,7860
Argentina,Ciudad Autonoma de Buenos Aires,Comuna 13,209128,29,2025,18,7714
Argentina,Ciudad Autonoma de Buenos Aires,Comuna 13,209129,29,2025,25,7809
Argentina,Ciudad Autonoma de Buenos Aires,Comuna 14,209801,29,2025,9,8008
Argentina,Ciudad Autonoma de Buenos Aires,Comuna 14,209802,29,2025,13,8651
Argentina,Ciudad Autonoma de Buenos Aires,Comuna 14,209803,29,2025,14,9921
Argentina,Ciudad Autonoma de Buenos Aires,Comuna 14,209804,29,2025,12,9128
Argentina,Ciudad Autonoma de Buenos Aires,Comuna 14,209805,29,2025,11,7958
Argentina,Ciudad Autonoma de Buenos Aires,Comuna 14,209806,29,2025,11,9397
Argentina,Ciudad Autonoma de Buenos Aires,Comuna 14,209807,29,2025,17,9307
Argentina,Ciudad Autonoma de Buenos Aires,Comuna 14,209808,29,2025,10,8700
Argentina,Ciudad Autonoma de Buenos Aires,Comuna 14,209809,29,2025,17,12492
Argentina,Ciudad Autonoma de Buenos Aires,Comuna 14,209810,29,2025,0,190
Argentina,Ciudad Autonoma de Buenos Aires,Comuna 14,209811,29,2025,21,12051
Argentina,Ciudad Autonoma de Buenos Aires,Comuna 14,209812,29,2025,16,7962
Argentina,Ciudad Autonoma de Buenos Aires,Comuna 14,209813,29,2025,9,7376
Argentina,Ciudad Autonoma de Buenos Aires,Comuna 14,209814,29,2025,12,7484
Argentina,Ciudad Autonoma de Buenos Aires,Comuna 14,209815,29,2025,15,8094
Argentina,Ciudad Autonoma de Buenos Aires,Comuna 14,209816,29,2025,9,6773
Argentina,Ciudad Autonoma de Buenos Aires,Comuna 14,209817,29,2025,8,7231
Argentina,Ciudad Autonoma de Buenos Aires,Comuna 14,209818,29,2025,10,6981
Argentina,Ciudad Autonoma de Buenos Aires,Comuna 14,209819,29,2025,3,5589
Argentina,Ciudad Autonoma de Buenos Aires,Comuna 14,209820,29,2025,9,6758
Argentina,Ciudad Autonoma de Buenos Aires,Comuna 14,209821,29,2025,10,7312
Argentina,Ciudad Autonoma de Buenos Aires,Comuna 14,209822,29,2025,12,8363
Argentina,Ciudad Autonoma de Buenos Aires,Comuna 14,209823,29,2025,13,11012
Argentina,Ciudad Autonoma de Buenos Aires,Comuna 14,209824,29,2025,17,6199
Argentina,Ciudad Autonoma de Buenos Aires,Comuna 14,209825,29,2025,12,7637
Argentina,Ciudad Autonoma de Buenos Aires,Comuna 14,209826,29,2025,15,6558
Argentina,Ciudad Autonoma de Buenos Aires,Comuna 14,209827,29,2025,7,6199
Argentina,Ciudad Autonoma de Buenos Aires,Comuna 14,209828,29,2025,16,9243
Argentina,Ciudad Autonoma de Buenos Aires,Comuna 14,209829,29,2025,11,8453
Argentina,Ciudad Autonoma de Buenos Aires,Comuna 14,209830,29,2025,14,8109
Argentina,Ciudad Autonoma de Buenos Aires,Comuna 14,209831,29,2025,14,8116
Argentina,Ciudad Autonoma de Buenos Aires,Comuna 15,210501,29,2025,14,9594
Argentina,Ciudad Autonoma de Buenos Aires,Comuna 15,210502,29,2025,11,6548
Argentina,Ciudad Autonoma de Buenos Aires,Comuna 15,210503,29,2025,16,10235
Argentina,Ciudad Autonoma de Buenos Aires,Comuna 15,210504,29,2025,19,12235
Argentina,Ciudad Autonoma de Buenos Aires,Comuna 15,210505,29,2025,15,12207
Argentina,Ciudad Autonoma de Buenos Aires,Comuna 15,210506,29,2025,4,4156
Argentina,Ciudad Autonoma de Buenos Aires,Comuna 15,210507,29,2025,23,12285
Argentina,Ciudad Autonoma de Buenos Aires,Comuna 15,210508,29,2025,4,8807
Argentina,Ciudad Autonoma de Buenos Aires,Comuna 15,210509,29,2025,22,8645
Argentina,Ciudad Autonoma de Buenos Aires,Comuna 15,210510,29,2025,25,10813
Argentina,Ciudad Autonoma de Buenos Aires,Comuna 15,210511,29,2025,24,11863
Argentina,Ciudad Autonoma de Buenos Aires,Comuna 15,210512,29,2025,7,7208
Argentina,Ciudad Autonoma de Buenos Aires,Comuna 15,210513,29,2025,6,7242
Argentina,Ciudad Autonoma de Buenos Aires,Comuna 15,210514,29,2025,24,9564
Argentina,Ciudad Autonoma de Buenos Aires,Comuna 15,210515,29,2025,18,9091
Argentina,Ciudad Autonoma de Buenos Aires,Comuna 15,210516,29,2025,15,8911
Argentina,Ciudad Autonoma de Buenos Aires,Comuna 15,210517,29,2025,16,8753
Argentina,Ciudad Autonoma de Buenos Aires,Comuna 15,210518,29,2025,13,8161
Argentina,Ciudad Autonoma de Buenos Aires,Comuna 15,210519,29,2025,16,8739
Argentina,Ciudad Autonoma de Buenos Aires,Comuna 15,210520,29,2025,21,8787
Argentina,Ciudad Autonoma de Buenos Aires,Comuna 15,210521,29,2025,14,11421
Argentina,Ciudad Autonoma de Buenos Aires,Comuna 2,201401,29,2025,0,554
Argentina,Ciudad Autonoma de Buenos Aires,Comuna 2,201402,29,2025,9,5022
Argentina,Ciudad Autonoma de Buenos Aires,Comuna 2,201403,29,2025,4,5681
Argentina,Ciudad Autonoma de Buenos Aires,Comuna 2,201404,29,2025,7,6670
Argentina,Ciudad Autonoma de Buenos Aires,Comuna 2,201405,29,2025,6,6654
Argentina,Ciudad Autonoma de Buenos Aires,Comuna 2,201406,29,2025,6,6504
Argentina,Ciudad Autonoma de Buenos Aires,Comuna 2,201407,29,2025,7,7631
Argentina,Ciudad Autonoma de Buenos Aires,Comuna 2,201408,29,2025,8,9285
Argentina,Ciudad Autonoma de Buenos Aires,Comuna 2,201409,29,2025,8,8985
Argentina,Ciudad Autonoma de Buenos Aires,Comuna 2,201410,29,2025,8,7067
Argentina,Ciudad Autonoma de Buenos Aires,Comuna 2,201411,29,2025,7,5593
Argentina,Ciudad Autonoma de Buenos Aires,Comuna 2,201412,29,2025,5,5734
Argentina,Ciudad Autonoma de Buenos Aires,Comuna 2,201413,29,2025,0,7043
Argentina,Ciudad Autonoma de Buenos Aires,Comuna 2,201414,29,2025,7,8370
Argentina,Ciudad Autonoma de Buenos Aires,Comuna 2,201415,29,2025,6,6053
Argentina,Ciudad Autonoma de Buenos Aires,Comuna 2,201416,29,2025,6,5917
Argentina,Ciudad Autonoma de Buenos Aires,Comuna 2,201417,29,2025,10,7963
Argentina,Ciudad Autonoma de Buenos Aires,Comuna 2,201418,29,2025,11,6383
Argentina,Ciudad Autonoma de Buenos Aires,Comuna 2,201419,29,2025,8,6436
Argentina,Ciudad Autonoma de Buenos Aires,Comuna 2,201420,29,2025,4,7134
Argentina,Ciudad Autonoma de Buenos Aires,Comuna 2,201421,29,2025,9,5726
Argentina,Ciudad Autonoma de Buenos Aires,Comuna 2,201422,29,2025,7,5002
Argentina,Ciudad Autonoma de Buenos Aires,Comuna 2,201423,29,2025,4,5517
Argentina,Ciudad Autonoma de Buenos Aires,Comuna 2,201424,29,2025,6,5483
Argentina,Ciudad Autonoma de Buenos Aires,Comuna 2,201425,29,2025,13,8202
Argentina,Ciudad Autonoma de Buenos Aires,Comuna 5,203501,29,2025,9,9107
Argentina,Ciudad Autonoma de Buenos Aires,Comuna 5,203502,29,2025,6,8659
Argentina,Ciudad Autonoma de Buenos Aires,Comuna 5,203503,29,2025,6,9246
Argentina,Ciudad Autonoma de Buenos Aires,Comuna 5,203504,29,2025,10,8180
Argentina,Ciudad Autonoma de Buenos Aires,Comuna 5,203505,29,2025,2,6557
Argentina,Ciudad Autonoma de Buenos Aires,Comuna 5,203506,29,2025,10,7989
Argentina,Ciudad Autonoma de Buenos Aires,Comuna 5,203507,29,2025,12,7616
Argentina,Ciudad Autonoma de Buenos Aires,Comuna 5,203508,29,2025,7,8744
Argentina,Ciudad Autonoma de Buenos Aires,Comuna 5,203509,29,2025,5,7892
Argentina,Ciudad Autonoma de Buenos Aires,Comuna 5,203510,29,2025,7,8718
Argentina,Ciudad Autonoma de Buenos Aires,Comuna 5,203511,29,2025,12,9263
Argentina,Ciudad Autonoma de Buenos Aires,Comuna 5,203512,29,2025,8,7201
Argentina,Ciudad Autonoma de Buenos Aires,Comuna 5,203513,29,2025,11,7410
Argentina,Ciudad Autonoma de Buenos Aires,Comuna 5,203514,29,2025,5,8821
Argentina,Ciudad Autonoma de Buenos Aires,Comuna 5,203515,29,2025,9,7651
Argentina,Ciudad Autonoma de Buenos Aires,Comuna 5,203516,29,2025,11,10461
Argentina,Ciudad Autonoma de Buenos Aires,Comuna 5,203517,29,2025,4,9254
Argentina,Ciudad Autonoma de Buenos Aires,Comuna 5,203518,29,2025,11,9162
Argentina,Ciudad Autonoma de Buenos Aires,Comuna 5,203519,29,2025,6,9340
Argentina,Ciudad Autonoma de Buenos Aires,Comuna 5,203520,29,2025,13,11091
Argentina,Ciudad Autonoma de Buenos Aires,Comuna 5,203521,29,2025,12,8855
Argentina,Ciudad Autonoma de Buenos Aires,Comuna 5,203522,29,2025,12,11232
Argentina,Ciudad Autonoma de Buenos Aires,Comuna 6,204201,29,2025,12,9911
Argentina,Ciudad Autonoma de Buenos Aires,Comuna 6,204202,29,2025,10,10787
Argentina,Ciudad Autonoma de Buenos Aires,Comuna 6,204203,29,2025,6,8899
Argentina,Ciudad Autonoma de Buenos Aires,Comuna 6,204204,29,2025,11,11727
Argentina,Ciudad Autonoma de Buenos Aires,Comuna 6,204205,29,2025,8,10329
Argentina,Ciudad Autonoma de Buenos Aires,Comuna 6,204206,29,2025,7,10367
Argentina,Ciudad Autonoma de Buenos Aires,Comuna 6,204207,29,2025,9,12185
Argentina,Ciudad Autonoma de Buenos Aires,Comuna 6,204208,29,2025,9,9497
Argentina,Ciudad Autonoma de Buenos Aires,Comuna 6,204209,29,2025,6,7356
Argentina,Ciudad Autonoma de Buenos Aires,Comuna 6,204210,29,2025,12,8697
Argentina,Ciudad Autonoma de Buenos Aires,Comuna 6,204211,29,2025,11,9646
Argentina,Ciudad Autonoma de Buenos Aires,Comuna 6,204212,29,2025,9,7926
Argentina,Ciudad Autonoma de Buenos Aires,Comuna 6,204213,29,2025,8,10037
Argentina,Ciudad Autonoma de Buenos Aires,Comuna 6,204214,29,2025,7,9669
Argentina,Ciudad Autonoma de Buenos Aires,Comuna 6,204215,29,2025,8,9168
Argentina,Ciudad Autonoma de Buenos Aires,Comuna 6,204216,29,2025,11,12982
Argentina,Ciudad Autonoma de Buenos Aires,Comuna 6,204217,29,2025,5,7259
Argentina,Ciudad Autonoma de Buenos Aires,Comuna 6,204218,29,2025,5,8066
Argentina,Ciudad Autonoma de Buenos Aires,Comuna 6,204219,29,2025,7,7952
Argentina,Ciudad Autonoma de Buenos Aires,Comuna 6,204220,29,2025,11,8895
Argentina,Ciudad Autonoma de Buenos Aires,Comuna 6,204221,29,2025,11,10409
Argentina,Ciudad Autonoma de Buenos Aires,Comuna 7,204901,29,2025,6,6665
Argentina,Ciudad Autonoma de Buenos Aires,Comuna 7,204902,29,2025,6,8593
Argentina,Ciudad Autonoma de Buenos Aires,Comuna 7,204903,29,2025,10,10871
Argentina,Ciudad Autonoma de Buenos Aires,Comuna 7,204904,29,2025,10,9795
Argentina,Ciudad Autonoma de Buenos Aires,Comuna 7,204905,29,2025,10,8999
Argentina,Ciudad Autonoma de Buenos Aires,Comuna 7,204906,29,2025,7,7524
Argentina,Ciudad Autonoma de Buenos Aires,Comuna 7,204907,29,2025,10,9257
Argentina,Ciudad Autonoma de Buenos Aires,Comuna 7,204908,29,2025,9,7685
Argentina,Ciudad Autonoma de Buenos Aires,Comuna 7,204909,29,2025,7,9705
Argentina,Ciudad Autonoma de Buenos Aires,Comuna 7,204910,29,2025,7,8735
Argentina,Ciudad Autonoma de Buenos Aires,Comuna 7,204911,29,2025,16,10501
Argentina,Ciudad Autonoma de Buenos Aires,Comuna 7,204912,29,2025,6,7467
Argentina,Ciudad Autonoma de Buenos Aires,Comuna 7,204913,29,2025,9,11414
Argentina,Ciudad Autonoma de Buenos Aires,Comuna 7,204914,29,2025,14,11132
Argentina,Ciudad Autonoma de Buenos Aires,Comuna 7,204915,29,2025,10,9647
Argentina,Ciudad Autonoma de Buenos Aires,Comuna 7,204916,29,2025,8,8094
Argentina,Ciudad Autonoma de Buenos Aires,Comuna 7,204917,29,2025,2,2971
Argentina,Ciudad Autonoma de Buenos Aires,Comuna 7,204918,29,2025,3,3398
Argentina,Ciudad Autonoma de Buenos Aires,Comuna 7,204919,29,2025,10,6454
Argentina,Ciudad Autonoma de Buenos Aires,Comuna 7,204920,29,2025,14,12736
Argentina,Ciudad Autonoma de Buenos Aires,Comuna 7,204921,29,2025,12,11351
Argentina,Ciudad Autonoma de Buenos Aires,Comuna 7,204922,29,2025,13,11303
Argentina,Ciudad Autonoma de Buenos Aires,Comuna 7,204923,29,2025,6,7839
Argentina,Ciudad Autonoma de Buenos Aires,Comuna 7,204924,29,2025,5,11126
Argentina,Ciudad Autonoma de Buenos Aires,Comuna 10,207001,30,2025,6,6651
Argentina,Ciudad Autonoma de Buenos Aires,Comuna 10,207002,30,2025,12,7094
Argentina,Ciudad Autonoma de Buenos Aires,Comuna 10,207003,30,2025,2,6682
Argentina,Ciudad Autonoma de Buenos Aires,Comuna 10,207004,30,2025,9,9342
Argentina,Ciudad Autonoma de Buenos Aires,Comuna 10,207005,30,2025,16,11787
Argentina,Ciudad Autonoma de Buenos Aires,Comuna 10,207006,30,2025,13,12408
Argentina,Ciudad Autonoma de Buenos Aires,Comuna 10,207007,30,2025,7,11630
Argentina,Ciudad Autonoma de Buenos Aires,Comuna 10,207008,30,2025,13,9038
Argentina,Ciudad Autonoma de Buenos Aires,Comuna 10,207009,30,2025,7,8752
Argentina,Ciudad Autonoma de Buenos Aires,Comuna 10,207010,30,2025,10,10398
Argentina,Ciudad Autonoma de Buenos Aires,Comuna 10,207011,30,2025,14,8554
Argentina,Ciudad Autonoma de Buenos Aires,Comuna 10,207012,30,2025,7,6677
Argentina,Ciudad Autonoma de Buenos Aires,Comuna 10,207013,30,2025,8,8285
Argentina,Ciudad Autonoma de Buenos Aires,Comuna 10,207014,30,2025,9,9092
Argentina,Ciudad Autonoma de Buenos Aires,Comuna 10,207015,30,2025,12,7248
Argentina,Ciudad Autonoma de Buenos Aires,Comuna 10,207016,30,2025,8,8724
Argentina,Ciudad Autonoma de Buenos Aires,Comuna 10,207017,30,2025,10,9635
Argentina,Ciudad Autonoma de Buenos Aires,Comuna 10,207018,30,2025,5,8682
Argentina,Ciudad Autonoma de Buenos Aires,Comuna 10,207019,30,2025,8,11217
Argentina,Ciudad Autonoma de Buenos Aires,Comuna 11,207701,30,2025,15,11069
Argentina,Ciudad Autonoma de Buenos Aires,Comuna 11,207702,30,2025,12,10205
Argentina,Ciudad Autonoma de Buenos Aires,Comuna 11,207703,30,2025,7,9103
Argentina,Ciudad Autonoma de Buenos Aires,Comuna 11,207704,30,2025,14,10387
Argentina,Ciudad Autonoma de Buenos Aires,Comuna 11,207705,30,2025,10,7955
Argentina,Ciudad Autonoma de Buenos Aires,Comuna 11,207706,30,2025,10,11455
Argentina,Ciudad Autonoma de Buenos Aires,Comuna 11,207707,30,2025,11,11428
Argentina,Ciudad Autonoma de Buenos Aires,Comuna 11,207708,30,2025,12,8072
Argentina,Ciudad Autonoma de Buenos Aires,Comuna 11,207709,30,2025,13,9257
Argentina,Ciudad Autonoma de Buenos Aires,Comuna 11,207710,30,2025,7,11259
Argentina,Ciudad Autonoma de Buenos Aires,Comuna 11,207711,30,2025,9,8065
Argentina,Ciudad Autonoma de Buenos Aires,Comuna 11,207712,30,2025,8,8059
Argentina,Ciudad Autonoma de Buenos Aires,Comuna 11,207713,30,2025,15,9254
Argentina,Ciudad Autonoma de Buenos Aires,Comuna 11,207714,30,2025,6,7270
Argentina,Ciudad Autonoma de Buenos Aires,Comuna 11,207715,30,2025,8,10022
Argentina,Ciudad Autonoma de Buenos Aires,Comuna 11,207716,30,2025,9,9462
Argentina,Ciudad Autonoma de Buenos Aires,Comuna 11,207717,30,2025,3,6323
Argentina,Ciudad Autonoma de Buenos Aires,Comuna 11,207718,30,2025,11,9010
Argentina,Ciudad Autonoma de Buenos Aires,Comuna 11,207719,30,2025,7,7194
Argentina,Ciudad Autonoma de Buenos Aires,Comuna 11,207720,30,2025,13,9079
Argentina,Ciudad Autonoma de Buenos Aires,Comuna 11,207721,30,2025,13,9075
Argentina,Ciudad Autonoma de Buenos Aires,Comuna 11,207722,30,2025,5,8902
Argentina,Ciudad Autonoma de Buenos Aires,Comuna 12,208401,30,2025,27,9341
Argentina,Ciudad Autonoma de Buenos Aires,Comuna 12,208402,30,2025,29,8793
Argentina,Ciudad Autonoma de Buenos Aires,Comuna 12,208403,30,2025,31,9271
Argentina,Ciudad Autonoma de Buenos Aires,Comuna 12,208404,30,2025,25,8702
Argentina,Ciudad Autonoma de Buenos Aires,Comuna 12,208405,30,2025,28,8415
Argentina,Ciudad Autonoma de Buenos Aires,Comuna 12,208406,30,2025,24,9143
Argentina,Ciudad Autonoma de Buenos Aires,Comuna 12,208407,30,2025,31,10293
Argentina,Ciudad Autonoma de Buenos Aires,Comuna 12,208408,30,2025,31,10510
Argentina,Ciudad Autonoma de Buenos Aires,Comuna 12,208409,30,2025,27,8365
Argentina,Ciudad Autonoma de Buenos Aires,Comuna 12,208410,30,2025,41,11926
Argentina,Ciudad Autonoma de Buenos Aires,Comuna 12,208411,30,2025,27,10276
Argentina,Ciudad Autonoma de Buenos Aires,Comuna 12,208412,30,2025,25,8291
Argentina,Ciudad Autonoma de Buenos Aires,Comuna 12,208413,30,2025,26,9891
Argentina,Ciudad Autonoma de Buenos Aires,Comuna 12,208414,30,2025,38,12202
Argentina,Ciudad Autonoma de Buenos Aires,Comuna 12,208415,30,2025,37,13785
Argentina,Ciudad Autonoma de Buenos Aires,Comuna 12,208416,30,2025,46,16395
Argentina,Ciudad Autonoma de Buenos Aires,Comuna 12,208417,30,2025,26,9935
Argentina,Ciudad Autonoma de Buenos Aires,Comuna 12,208418,30,2025,38,13227
Argentina,Ciudad Autonoma de Buenos Aires,Comuna 12,208419,30,2025,40,12268
Argentina,Ciudad Autonoma de Buenos Aires,Comuna 12,208420,30,2025,29,9926
Argentina,Ciudad Autonoma de Buenos Aires,Comuna 12,208421,30,2025,27,11426
Argentina,Ciudad Autonoma de Buenos Aires,Comuna 12,208422,30,2025,33,12983
Argentina,Ciudad Autonoma de Buenos Aires,Comuna 13,209101,30,2025,19,11656
Argentina,Ciudad Autonoma de Buenos Aires,Comuna 13,209102,30,2025,13,10984
Argentina,Ciudad Autonoma de Buenos Aires,Comuna 13,209103,30,2025,26,10868
Argentina,Ciudad Autonoma de Buenos Aires,Comuna 13,209104,30,2025,21,13113
Argentina,Ciudad Autonoma de Buenos Aires,Comuna 13,209105,30,2025,24,10421
Argentina,Ciudad Autonoma de Buenos Aires,Comuna 13,209106,30,2025,21,7917
Argentina,Ciudad Autonoma de Buenos Aires,Comuna 13,209107,30,2025,15,8294
Argentina,Ciudad Autonoma de Buenos Aires,Comuna 13,209108,30,2025,19,9153
Argentina,Ciudad Autonoma de Buenos Aires,Comuna 13,209109,30,2025,15,8207
Argentina,Ciudad Autonoma de Buenos Aires,Comuna 13,209110,30,2025,22,10807
Argentina,Ciudad Autonoma de Buenos Aires,Comuna 13,209111,30,2025,5,4808
Argentina,Ciudad Autonoma de Buenos Aires,Comuna 13,209112,30,2025,11,8591
Argentina,Ciudad Autonoma de Buenos Aires,Comuna 13,209113,30,2025,20,10772
Argentina,Ciudad Autonoma de Buenos Aires,Comuna 13,209114,30,2025,15,7311
Argentina,Ciudad Autonoma de Buenos Aires,Comuna 13,209115,30,2025,11,9651
Argentina,Ciudad Autonoma de Buenos Aires,Comuna 13,209116,30,2025,25,10427
Argentina,Ciudad Autonoma de Buenos Aires,Comuna 13,209117,30,2025,29,11221
Argentina,Ciudad Autonoma de Buenos Aires,Comuna 13,209118,30,2025,18,8113
Argentina,Ciudad Autonoma de Buenos Aires,Comuna 13,209119,30,2025,23,8504
Argentina,Ciudad Autonoma de Buenos Aires,Comuna 13,209120,30,2025,16,9333
Argentina,Ciudad Autonoma de Buenos Aires,Comuna 13,209121,30,2025,16,8521
Argentina,Ciudad Autonoma de Buenos Aires,Comuna 13,209122,30,2025,20,8416
Argentina,Ciudad Autonoma de Buenos Aires,Comuna 13,209123,30,2025,19,9675
Argentina,Ciudad Autonoma de Buenos Aires,Comuna 13,209124,30,2025,17,7611
Argentina,Ciudad Autonoma de Buenos Aires,Comuna 13,209125,30,2025,10,6503
Argentina,Ciudad Autonoma de Buenos Aires,Comuna 13,209126,30,2025,16,8070
Argentina,Ciudad Autonoma de Buenos Aires,Comuna 13,209127,30,2025,11,7860
Argentina,Ciudad Autonoma de Buenos Aires,Comuna 13,209128,30,2025,19,7714
Argentina,Ciudad Autonoma de Buenos Aires,Comuna 13,209129,30,2025,13,7809
Argentina,Ciudad Autonoma de Buenos Aires,Comuna 14,209801,30,2025,13,8008
Argentina,Ciudad Autonoma de Buenos Aires,Comuna 14,209802,30,2025,12,8651
Argentina,Ciudad Autonoma de Buenos Aires,Comuna 14,209803,30,2025,13,9921
Argentina,Ciudad Autonoma de Buenos Aires,Comuna 14,209804,30,2025,7,9128
Argentina,Ciudad Autonoma de Buenos Aires,Comuna 14,209805,30,2025,12,7958
Argentina,Ciudad Autonoma de Buenos Aires,Comuna 14,209806,30,2025,18,9397
Argentina,Ciudad Autonoma de Buenos Aires,Comuna 14,209807,30,2025,15,9307
Argentina,Ciudad Autonoma de Buenos Aires,Comuna 14,209808,30,2025,18,8700
Argentina,Ciudad Autonoma de Buenos Aires,Comuna 14,209809,30,2025,15,12492
Argentina,Ciudad Autonoma de Buenos Aires,Comuna 14,209810,30,2025,0,190
Argentina,Ciudad Autonoma de Buenos Aires,Comuna 14,209811,30,2025,12,12051
Argentina,Ciudad Autonoma de Buenos Aires,Comuna 14,209812,30,2025,10,7962
Argentina,Ciudad Autonoma de Buenos Aires,Comuna 14,209813,30,2025,14,7376
Argentina,Ciudad Autonoma de Buenos Aires,Comuna 14,209814,30,2025,12,7484
Argentina,Ciudad Autonoma de Buenos Aires,Comuna 14,209815,30,2025,14,8094
Argentina,Ciudad Autonoma de Buenos Aires,Comuna 14,209816,30,2025,7,6773
Argentina,Ciudad Autonoma de Buenos Aires,Comuna 14,209817,30,2025,16,7231
Argentina,Ciudad Autonoma de Buenos Aires,Comuna 14,209818,30,2025,7,6981
Argentina,Ciudad Autonoma de Buenos Aires,Comuna 14,209819,30,2025,8,5589
Argentina,Ciudad Autonoma de Buenos Aires,Comuna 14,209820,30,2025,6,6758
Argentina,Ciudad Autonoma de Buenos Aires,Comuna 14,209821,30,2025,12,7312
Argentina,Ciudad Autonoma de Buenos Aires,Comuna 14,209822,30,2025,13,8363
Argentina,Ciudad Autonoma de Buenos Aires,Comuna 14,209823,30,2025,13,11012
Argentina,Ciudad Autonoma de Buenos Aires,Comuna 14,209824,30,2025,10,6199
Argentina,Ciudad Autonoma de Buenos Aires,Comuna 14,209825,30,2025,10,7637
Argentina,Ciudad Autonoma de Buenos Aires,Comuna 14,209826,30,2025,13,6558
Argentina,Ciudad Autonoma de Buenos Aires,Comuna 14,209827,30,2025,8,6199
Argentina,Ciudad Autonoma de Buenos Aires,Comuna 14,209828,30,2025,21,9243
Argentina,Ciudad Autonoma de Buenos Aires,Comuna 14,209829,30,2025,6,8453
Argentina,Ciudad Autonoma de Buenos Aires,Comuna 14,209830,30,2025,15,8109
Argentina,Ciudad Autonoma de Buenos Aires,Comuna 14,209831,30,2025,13,8116
Argentina,Ciudad Autonoma de Buenos Aires,Comuna 15,210501,30,2025,15,9594
Argentina,Ciudad Autonoma de Buenos Aires,Comuna 15,210502,30,2025,6,6548
Argentina,Ciudad Autonoma de Buenos Aires,Comuna 15,210503,30,2025,20,10235
Argentina,Ciudad Autonoma de Buenos Aires,Comuna 15,210504,30,2025,22,12235
Argentina,Ciudad Autonoma de Buenos Aires,Comuna 15,210505,30,2025,21,12207
Argentina,Ciudad Autonoma de Buenos Aires,Comuna 15,210506,30,2025,3,4156
Argentina,Ciudad Autonoma de Buenos Aires,Comuna 15,210507,30,2025,17,12285
Argentina,Ciudad Autonoma de Buenos Aires,Comuna 15,210508,30,2025,8,8807
Argentina,Ciudad Autonoma de Buenos Aires,Comuna 15,210509,30,2025,8,8645
Argentina,Ciudad Autonoma de Buenos Aires,Comuna 15,210510,30,2025,24,10813
Argentina,Ciudad Autonoma de Buenos Aires,Comuna 15,210511,30,2025,15,11863
Argentina,Ciudad Autonoma de Buenos Aires,Comuna 15,210512,30,2025,14,7208
Argentina,Ciudad Autonoma de Buenos Aires,Comuna 15,210513,30,2025,13,7242
Argentina,Ciudad Autonoma de Buenos Aires,Comuna 15,210514,30,2025,15,9564
Argentina,Ciudad Autonoma de Buenos Aires,Comuna 15,210515,30,2025,7,9091
Argentina,Ciudad Autonoma de Buenos Aires,Comuna 15,210516,30,2025,20,8911
Argentina,Ciudad Autonoma de Buenos Aires,Comuna 15,210517,30,2025,9,8753
Argentina,Ciudad Autonoma de Buenos Aires,Comuna 15,210518,30,2025,21,8161
Argentina,Ciudad Autonoma de Buenos Aires,Comuna 15,210519,30,2025,16,8739
Argentina,Ciudad Autonoma de Buenos Aires,Comuna 15,210520,30,2025,13,8787
Argentina,Ciudad Autonoma de Buenos Aires,Comuna 15,210521,30,2025,12,11421
Argentina,Ciudad Autonoma de Buenos Aires,Comuna 2,201401,30,2025,1,554
Argentina,Ciudad Autonoma de Buenos Aires,Comuna 2,201402,30,2025,7,5022
Argentina,Ciudad Autonoma de Buenos Aires,Comuna 2,201403,30,2025,2,5681
Argentina,Ciudad Autonoma de Buenos Aires,Comuna 2,201404,30,2025,3,6670
Argentina,Ciudad Autonoma de Buenos Aires,Comuna 2,201405,30,2025,6,6654
Argentina,Ciudad Autonoma de Buenos Aires,Comuna 2,201406,30,2025,5,6504
Argentina,Ciudad Autonoma de Buenos Aires,Comuna 2,201407,30,2025,9,7631
Argentina,Ciudad Autonoma de Buenos Aires,Comuna 2,201408,30,2025,12,9285
Argentina,Ciudad Autonoma de Buenos Aires,Comuna 2,201409,30,2025,4,8985
Argentina,Ciudad Autonoma de Buenos Aires,Comuna 2,201410,30,2025,1,7067
Argentina,Ciudad Autonoma de Buenos Aires,Comuna 2,201411,30,2025,4,5593
Argentina,Ciudad Autonoma de Buenos Aires,Comuna 2,201412,30,2025,3,5734
Argentina,Ciudad Autonoma de Buenos Aires,Comuna 2,201413,30,2025,5,7043
Argentina,Ciudad Autonoma de Buenos Aires,Comuna 2,201414,30,2025,7,8370
Argentina,Ciudad Autonoma de Buenos Aires,Comuna 2,201415,30,2025,5,6053
Argentina,Ciudad Autonoma de Buenos Aires,Comuna 2,201416,30,2025,9,5917
Argentina,Ciudad Autonoma de Buenos Aires,Comuna 2,201417,30,2025,10,7963
Argentina,Ciudad Autonoma de Buenos Aires,Comuna 2,201418,30,2025,6,6383
Argentina,Ciudad Autonoma de Buenos Aires,Comuna 2,201419,30,2025,8,6436
Argentina,Ciudad Autonoma de Buenos Aires,Comuna 2,201420,30,2025,6,7134
Argentina,Ciudad Autonoma de Buenos Aires,Comuna 2,201421,30,2025,5,5726
Argentina,Ciudad Autonoma de Buenos Aires,Comuna 2,201422,30,2025,2,5002
Argentina,Ciudad Autonoma de Buenos Aires,Comuna 2,201423,30,2025,4,5517
Argentina,Ciudad Autonoma de Buenos Aires,Comuna 2,201424,30,2025,4,5483
Argentina,Ciudad Autonoma de Buenos Aires,Comuna 2,201425,30,2025,11,8202
Argentina,Ciudad Autonoma de Buenos Aires,Comuna 5,203501,30,2025,11,9107
Argentina,Ciudad Autonoma de Buenos Aires,Comuna 5,203502,30,2025,8,8659
Argentina,Ciudad Autonoma de Buenos Aires,Comuna 5,203503,30,2025,10,9246
Argentina,Ciudad Autonoma de Buenos Aires,Comuna 5,203504,30,2025,6,8180
Argentina,Ciudad Autonoma de Buenos Aires,Comuna 5,203505,30,2025,5,6557
Argentina,Ciudad Autonoma de Buenos Aires,Comuna 5,203506,30,2025,6,7989
Argentina,Ciudad Autonoma de Buenos Aires,Comuna 5,203507,30,2025,9,7616
Argentina,Ciudad Autonoma de Buenos Aires,Comuna 5,203508,30,2025,11,8744
Argentina,Ciudad Autonoma de Buenos Aires,Comuna 5,203509,30,2025,16,7892
Argentina,Ciudad Autonoma de Buenos Aires,Comuna 5,203510,30,2025,8,8718
Argentina,Ciudad Autonoma de Buenos Aires,Comuna 5,203511,30,2025,7,9263
Argentina,Ciudad Autonoma de Buenos Aires,Comuna 5,203512,30,2025,5,7201
Argentina,Ciudad Autonoma de Buenos Aires,Comuna 5,203513,30,2025,7,7410
Argentina,Ciudad Autonoma de Buenos Aires,Comuna 5,203514,30,2025,7,8821
Argentina,Ciudad Autonoma de Buenos Aires,Comuna 5,203515,30,2025,10,7651
Argentina,Ciudad Autonoma de Buenos Aires,Comuna 5,203516,30,2025,13,10461
Argentina,Ciudad Autonoma de Buenos Aires,Comuna 5,203517,30,2025,10,9254
Argentina,Ciudad Autonoma de Buenos Aires,Comuna 5,203518,30,2025,11,9162
Argentina,Ciudad Autonoma de Buenos Aires,Comuna 5,203519,30,2025,11,9340
Argentina,Ciudad Autonoma de Buenos Aires,Comuna 5,203520,30,2025,14,11091
Argentina,Ciudad Autonoma de Buenos Aires,Comuna 5,203521,30,2025,4,8855
Argentina,Ciudad Autonoma de Buenos Aires,Comuna 5,203522,30,2025,11,11232
Argentina,Ciudad Autonoma de Buenos Aires,Comuna 6,204201,30,2025,10,9911
Argentina,Ciudad Autonoma de Buenos Aires,Comuna 6,204202,30,2025,11,10787
Argentina,Ciudad Autonoma de Buenos Aires,Comuna 6,204203,30,2025,10,8899
Argentina,Ciudad Autonoma de Buenos Aires,Comuna 6,204204,30,2025,11,11727
Argentina,Ciudad Autonoma de Buenos Aires,Comuna 6,204205,30,2025,10,10329
Argentina,Ciudad Autonoma de Buenos Aires,Comuna 6,204206,30,2025,14,10367
Argentina,Ciudad Autonoma de Buenos Aires,Comuna 6,204207,30,2025,10,12185
Argentina,Ciudad Autonoma de Buenos Aires,Comuna 6,204208,30,2025,11,9497
Argentina,Ciudad Autonoma de Buenos Aires,Comuna 6,204209,30,2025,10,7356
Argentina,Ciudad Autonoma de Buenos Aires,Comuna 6,204210,30,2025,9,8697
Argentina,Ciudad Autonoma de Buenos Aires,Comuna 6,204211,30,2025,13,9646
Argentina,Ciudad Autonoma de Buenos Aires,Comuna 6,204212,30,2025,13,7926
Argentina,Ciudad Autonoma de Buenos Aires,Comuna 6,204213,30,2025,11,10037
Argentina,Ciudad Autonoma de Buenos Aires,Comuna 6,204214,30,2025,6,9669
Argentina,Ciudad Autonoma de Buenos Aires,Comuna 6,204215,30,2025,10,9168
Argentina,Ciudad Autonoma de Buenos Aires,Comuna 6,204216,30,2025,12,12982
Argentina,Ciudad Autonoma de Buenos Aires,Comuna 6,204217,30,2025,4,7259
Argentina,Ciudad Autonoma de Buenos Aires,Comuna 6,204218,30,2025,7,8066
Argentina,Ciudad Autonoma de Buenos Aires,Comuna 6,204219,30,2025,8,7952
Argentina,Ciudad Autonoma de Buenos Aires,Comuna 6,204220,30,2025,5,8895
Argentina,Ciudad Autonoma de Buenos Aires,Comuna 6,204221,30,2025,8,10409
Argentina,Ciudad Autonoma de Buenos Aires,Comuna 7,204901,30,2025,4,6665
Argentina,Ciudad Autonoma de Buenos Aires,Comuna 7,204902,30,2025,8,8593
Argentina,Ciudad Autonoma de Buenos Aires,Comuna 7,204903,30,2025,12,10871
Argentina,Ciudad Autonoma de Buenos Aires,Comuna 7,204904,30,2025,10,9795
Argentina,Ciudad Autonoma de Buenos Aires,Comuna 7,204905,30,2025,8,8999
Argentina,Ciudad Autonoma de Buenos Aires,Comuna 7,204906,30,2025,7,7524
Argentina,Ciudad Autonoma de Buenos Aires,Comuna 7,204907,30,2025,6,9257
Argentina,Ciudad Autonoma de Buenos Aires,Comuna 7,204908,30,2025,11,7685
Argentina,Ciudad Autonoma de Buenos Aires,Comuna 7,204909,30,2025,10,9705
Argentina,Ciudad Autonoma de Buenos Aires,Comuna 7,204910,30,2025,6,8735
Argentina,Ciudad Autonoma de Buenos Aires,Comuna 7,204911,30,2025,7,10501
Argentina,Ciudad Autonoma de Buenos Aires,Comuna 7,204912,30,2025,11,7467
Argentina,Ciudad Autonoma de Buenos Aires,Comuna 7,204913,30,2025,11,11414
Argentina,Ciudad Autonoma de Buenos Aires,Comuna 7,204914,30,2025,11,11132
Argentina,Ciudad Autonoma de Buenos Aires,Comuna 7,204915,30,2025,8,9647
Argentina,Ciudad Autonoma de Buenos Aires,Comuna 7,204916,30,2025,9,8094
Argentina,Ciudad Autonoma de Buenos Aires,Comuna 7,204917,30,2025,2,2971
Argentina,Ciudad Autonoma de Buenos Aires,Comuna 7,204918,30,2025,1,3398
Argentina,Ciudad Autonoma de Buenos Aires,Comuna 7,204919,30,2025,10,6454
Argentina,Ciudad Autonoma de Buenos Aires,Comuna 7,204920,30,2025,17,12736
Argentina,Ciudad Autonoma de Buenos Aires,Comuna 7,204921,30,2025,5,11351
Argentina,Ciudad Autonoma de Buenos Aires,Comuna 7,204922,30,2025,9,11303
Argentina,Ciudad Autonoma de Buenos Aires,Comuna 7,204923,30,2025,12,7839
Argentina,Ciudad Autonoma de Buenos Aires,Comuna 7,204924,30,2025,13,11126
Argentina,Ciudad Autonoma de Buenos Aires,Comuna 10,207001,31,2025,8,6651
Argentina,Ciudad Autonoma de Buenos Aires,Comuna 10,207002,31,2025,4,7094
Argentina,Ciudad Autonoma de Buenos Aires,Comuna 10,207003,31,2025,6,6682
Argentina,Ciudad Autonoma de Buenos Aires,Comuna 10,207004,31,2025,10,9342
Argentina,Ciudad Autonoma de Buenos Aires,Comuna 10,207005,31,2025,18,11787
Argentina,Ciudad Autonoma de Buenos Aires,Comuna 10,207006,31,2025,12,12408
Argentina,Ciudad Autonoma de Buenos Aires,Comuna 10,207007,31,2025,14,11630
Argentina,Ciudad Autonoma de Buenos Aires,Comuna 10,207008,31,2025,12,9038
Argentina,Ciudad Autonoma de Buenos Aires,Comuna 10,207009,31,2025,9,8752
Argentina,Ciudad Autonoma de Buenos Aires,Comuna 10,207010,31,2025,14,10398
Argentina,Ciudad Autonoma de Buenos Aires,Comuna 10,207011,31,2025,11,8554
Argentina,Ciudad Autonoma de Buenos Aires,Comuna 10,207012,31,2025,4,6677
Argentina,Ciudad Autonoma de Buenos Aires,Comuna 10,207013,31,2025,12,8285
Argentina,Ciudad Autonoma de Buenos Aires,Comuna 10,207014,31,2025,13,9092
Argentina,Ciudad Autonoma de Buenos Aires,Comuna 10,207015,31,2025,6,7248
Argentina,Ciudad Autonoma de Buenos Aires,Comuna 10,207016,31,2025,13,8724
Argentina,Ciudad Autonoma de Buenos Aires,Comuna 10,207017,31,2025,8,9635
Argentina,Ciudad Autonoma de Buenos Aires,Comuna 10,207018,31,2025,13,8682
Argentina,Ciudad Autonoma de Buenos Aires,Comuna 10,207019,31,2025,10,11217
Argentina,Ciudad Autonoma de Buenos Aires,Comuna 11,207701,31,2025,9,11069
Argentina,Ciudad Autonoma de Buenos Aires,Comuna 11,207702,31,2025,5,10205
Argentina,Ciudad Autonoma de Buenos Aires,Comuna 11,207703,31,2025,5,9103
Argentina,Ciudad Autonoma de Buenos Aires,Comuna 11,207704,31,2025,12,10387
Argentina,Ciudad Autonoma de Buenos Aires,Comuna 11,207705,31,2025,9,7955
Argentina,Ciudad Autonoma de Buenos Aires,Comuna 11,207706,31,2025,10,11455
Argentina,Ciudad Autonoma de Buenos Aires,Comuna 11,207707,31,2025,10,11428
Argentina,Ciudad Autonoma de Buenos Aires,Comuna 11,207708,31,2025,5,8072
Argentina,Ciudad Autonoma de Buenos Aires,Comuna 11,207709,31,2025,9,9257
Argentina,Ciudad Autonoma de Buenos Aires,Comuna 11,207710,31,2025,13,11259
Argentina,Ciudad Autonoma de Buenos Aires,Comuna 11,207711,31,2025,3,8065
Argentina,Ciudad Autonoma de Buenos Aires,Comuna 11,207712,31,2025,5,8059
Argentina,Ciudad Autonoma de Buenos Aires,Comuna 11,207713,31,2025,8,9254
Argentina,Ciudad Autonoma de Buenos Aires,Comuna 11,207714,31,2025,7,7270
Argentina,Ciudad Autonoma de Buenos Aires,Comuna 11,207715,31,2025,6,10022
Argentina,Ciudad Autonoma de Buenos Aires,Comuna 11,207716,31,2025,14,9462
Argentina,Ciudad Autonoma de Buenos Aires,Comuna 11,207717,31,2025,6,6323
Argentina,Ciudad Autonoma de Buenos Aires,Comuna 11,207718,31,2025,3,9010
Argentina,Ciudad Autonoma de Buenos Aires,Comuna 11,207719,31,2025,2,7194
Argentina,Ciudad Autonoma de Buenos Aires,Comuna 11,207720,31,2025,9,9079
Argentina,Ciudad Autonoma de Buenos Aires,Comuna 11,207721,31,2025,6,9075
Argentina,Ciudad Autonoma de Buenos Aires,Comuna 11,207722,31,2025,11,8902
Argentina,Ciudad Autonoma de Buenos Aires,Comuna 12,208401,31,2025,29,9341
Argentina,Ciudad Autonoma de Buenos Aires,Comuna 12,208402,31,2025,23,8793
Argentina,Ciudad Autonoma de Buenos Aires,Comuna 12,208403,31,2025,39,9271
Argentina,Ciudad Autonoma de Buenos Aires,Comuna 12,208404,31,2025,24,8702
Argentina,Ciudad Autonoma de Buenos Aires,Comuna 12,208405,31,2025,30,8415
Argentina,Ciudad Autonoma de Buenos Aires,Comuna 12,208406,31,2025,20,9143
Argentina,Ciudad Autonoma de Buenos Aires,Comuna 12,208407,31,2025,26,10293
Argentina,Ciudad Autonoma de Buenos Aires,Comuna 12,208408,31,2025,26,10510
Argentina,Ciudad Autonoma de Buenos Aires,Comuna 12,208409,31,2025,17,8365
Argentina,Ciudad Autonoma de Buenos Aires,Comuna 12,208410,31,2025,32,11926
Argentina,Ciudad Autonoma de Buenos Aires,Comuna 12,208411,31,2025,39,10276
Argentina,Ciudad Autonoma de Buenos Aires,Comuna 12,208412,31,2025,25,8291
Argentina,Ciudad Autonoma de Buenos Aires,Comuna 12,208413,31,2025,32,9891
Argentina,Ciudad Autonoma de Buenos Aires,Comuna 12,208414,31,2025,39,12202
Argentina,Ciudad Autonoma de Buenos Aires,Comuna 12,208415,31,2025,37,13785
Argentina,Ciudad Autonoma de Buenos Aires,Comuna 12,208416,31,2025,53,16395
Argentina,Ciudad Autonoma de Buenos Aires,Comuna 12,208417,31,2025,35,9935
Argentina,Ciudad Autonoma de Buenos Aires,Comuna 12,208418,31,2025,37,13227
Argentina,Ciudad Autonoma de Buenos Aires,Comuna 12,208419,31,2025,29,12268
Argentina,Ciudad Autonoma de Buenos Aires,Comuna 12,208420,31,2025,34,9926
Argentina,Ciudad Autonoma de Buenos Aires,Comuna 12,208421,31,2025,34,11426
Argentina,Ciudad Autonoma de Buenos Aires,Comuna 12,208422,31,2025,38,12983
Argentina,Ciudad Autonoma de Buenos Aires,Comuna 13,209101,31,2025,29,11656
Argentina,Ciudad Autonoma de Buenos Aires,Comuna 13,209102,31,2025,22,10984
Argentina,Ciudad Autonoma de Buenos Aires,Comuna 13,209103,31,2025,21,10868
Argentina,Ciudad Autonoma de Buenos Aires,Comuna 13,209104,31,2025,20,13113
Argentina,Ciudad Autonoma de Buenos Aires,Comuna 13,209105,31,2025,7,10421
Argentina,Ciudad Autonoma de Buenos Aires,Comuna 13,209106,31,2025,14,7917
Argentina,Ciudad Autonoma de Buenos Aires,Comuna 13,209107,31,2025,19,8294
Argentina,Ciudad Autonoma de Buenos Aires,Comuna 13,209108,31,2025,20,9153
Argentina,Ciudad Autonoma de Buenos Aires,Comuna 13,209109,31,2025,21,8207
Argentina,Ciudad Autonoma de Buenos Aires,Comuna 13,209110,31,2025,15,10807
Argentina,Ciudad Autonoma de Buenos Aires,Comuna 13,209111,31,2025,10,4808
Argentina,Ciudad Autonoma de Buenos Aires,Comuna 13,209112,31,2025,21,8591
Argentina,Ciudad Autonoma de Buenos Aires,Comuna 13,209113,31,2025,22,10772
Argentina,Ciudad Autonoma de Buenos Aires,Comuna 13,209114,31,2025,19,7311
Argentina,Ciudad Autonoma de Buenos Aires,Comuna 13,209115,31,2025,22,9651
Argentina,Ciudad Autonoma de Buenos Aires,Comuna 13,209116,31,2025,15,10427
Argentina,Ciudad Autonoma de Buenos Aires,Comuna 13,209117,31,2025,16,11221
Argentina,Ciudad Autonoma de Buenos Aires,Comuna 13,209118,31,2025,17,8113
Argentina,Ciudad Autonoma de Buenos Aires,Comuna 13,209119,31,2025,25,8504
Argentina,Ciudad Autonoma de Buenos Aires,Comuna 13,209120,31,2025,23,9333
Argentina,Ciudad Autonoma de Buenos Aires,Comuna 13,209121,31,2025,14,8521
Argentina,Ciudad Autonoma de Buenos Aires,Comuna 13,209122,31,2025,28,8416
Argentina,Ciudad Autonoma de Buenos Aires,Comuna 13,209123,31,2025,23,9675
Argentina,Ciudad Autonoma de Buenos Aires,Comuna 13,209124,31,2025,16,7611
Argentina,Ciudad Autonoma de Buenos Aires,Comuna 13,209125,31,2025,11,6503
Argentina,Ciudad Autonoma de Buenos Aires,Comuna 13,209126,31,2025,12,8070
Argentina,Ciudad Autonoma de Buenos Aires,Comuna 13,209127,31,2025,11,7860
Argentina,Ciudad Autonoma de Buenos Aires,Comuna 13,209128,31,2025,14,7714
Argentina,Ciudad Autonoma de Buenos Aires,Comuna 13,209129,31,2025,8,7809
Argentina,Ciudad Autonoma de Buenos Aires,Comuna 14,209801,31,2025,15,8008
Argentina,Ciudad Autonoma de Buenos Aires,Comuna 14,209802,31,2025,16,8651
Argentina,Ciudad Autonoma de Buenos Aires,Comuna 14,209803,31,2025,7,9921
Argentina,Ciudad Autonoma de Buenos Aires,Comuna 14,209804,31,2025,5,9128
Argentina,Ciudad Autonoma de Buenos Aires,Comuna 14,209805,31,2025,14,7958
Argentina,Ciudad Autonoma de Buenos Aires,Comuna 14,209806,31,2025,17,9397
Argentina,Ciudad Autonoma de Buenos Aires,Comuna 14,209807,31,2025,13,9307
Argentina,Ciudad Autonoma de Buenos Aires,Comuna 14,209808,31,2025,12,8700
Argentina,Ciudad Autonoma de Buenos Aires,Comuna 14,209809,31,2025,24,12492
Argentina,Ciudad Autonoma de Buenos Aires,Comuna 14,209810,31,2025,1,190
Argentina,Ciudad Autonoma de Buenos Aires,Comuna 14,209811,31,2025,13,12051
Argentina,Ciudad Autonoma de Buenos Aires,Comuna 14,209812,31,2025,8,7962
Argentina,Ciudad Autonoma de Buenos Aires,Comuna 14,209813,31,2025,8,7376
Argentina,Ciudad Autonoma de Buenos Aires,Comuna 14,209814,31,2025,16,7484
Argentina,Ciudad Autonoma de Buenos Aires,Comuna 14,209815,31,2025,19,8094
Argentina,Ciudad Autonoma de Buenos Aires,Comuna 14,209816,31,2025,7,6773
Argentina,Ciudad Autonoma de Buenos Aires,Comuna 14,209817,31,2025,7,7231
Argentina,Ciudad Autonoma de Buenos Aires,Comuna 14,209818,31,2025,5,6981
Argentina,Ciudad Autonoma de Buenos Aires,Comuna 14,209819,31,2025,10,5589
Argentina,Ciudad Autonoma de Buenos Aires,Comuna 14,209820,31,2025,10,6758
Argentina,Ciudad Autonoma de Buenos Aires,Comuna 14,209821,31,2025,11,7312
Argentina,Ciudad Autonoma de Buenos Aires,Comuna 14,209822,31,2025,14,8363
Argentina,Ciudad Autonoma de Buenos Aires,Comuna 14,209823,31,2025,18,11012
Argentina,Ciudad Autonoma de Buenos Aires,Comuna 14,209824,31,2025,6,6199
Argentina,Ciudad Autonoma de Buenos Aires,Comuna 14,209825,31,2025,15,7637
Argentina,Ciudad Autonoma de Buenos Aires,Comuna 14,209826,31,2025,12,6558
Argentina,Ciudad Autonoma de Buenos Aires,Comuna 14,209827,31,2025,8,6199
Argentina,Ciudad Autonoma de Buenos Aires,Comuna 14,209828,31,2025,17,9243
Argentina,Ciudad Autonoma de Buenos Aires,Comuna 14,209829,31,2025,12,8453
Argentina,Ciudad Autonoma de Buenos Aires,Comuna 14,209830,31,2025,16,8109
Argentina,Ciudad Autonoma de Buenos Aires,Comuna 14,209831,31,2025,11,8116
Argentina,Ciudad Autonoma de Buenos Aires,Comuna 15,210501,31,2025,23,9594
Argentina,Ciudad Autonoma de Buenos Aires,Comuna 15,210502,31,2025,13,6548
Argentina,Ciudad Autonoma de Buenos Aires,Comuna 15,210503,31,2025,12,10235
Argentina,Ciudad Autonoma de Buenos Aires,Comuna 15,210504,31,2025,16,12235
Argentina,Ciudad Autonoma de Buenos Aires,Comuna 15,210505,31,2025,18,12207
Argentina,Ciudad Autonoma de Buenos Aires,Comuna 15,210506,31,2025,4,4156
Argentina,Ciudad Autonoma de Buenos Aires,Comuna 15,210507,31,2025,26,12285
Argentina,Ciudad Autonoma de Buenos Aires,Comuna 15,210508,31,2025,11,8807
Argentina,Ciudad Autonoma de Buenos Aires,Comuna 15,210509,31,2025,15,8645
Argentina,Ciudad Autonoma de Buenos Aires,Comuna 15,210510,31,2025,12,10813
Argentina,Ciudad Autonoma de Buenos Aires,Comuna 15,210511,31,2025,19,11863
Argentina,Ciudad Autonoma de Buenos Aires,Comuna 15,210512,31,2025,9,7208
Argentina,Ciudad Autonoma de Buenos Aires,Comuna 15,210513,31,2025,13,7242
Argentina,Ciudad Autonoma de Buenos Aires,Comuna 15,210514,31,2025,18,9564
Argentina,Ciudad Autonoma de Buenos Aires,Comuna 15,210515,31,2025,15,9091
Argentina,Ciudad Autonoma de Buenos Aires,Comuna 15,210516,31,2025,18,8911
Argentina,Ciudad Autonoma de Buenos Aires,Comuna 15,210517,31,2025,20,8753
Argentina,Ciudad Autonoma de Buenos Aires,Comuna 15,210518,31,2025,16,8161
Argentina,Ciudad Autonoma de Buenos Aires,Comuna 15,210519,31,2025,6,8739
Argentina,Ciudad Autonoma de Buenos Aires,Comuna 15,210520,31,2025,16,8787
Argentina,Ciudad Autonoma de Buenos Aires,Comuna 15,210521,31,2025,16,11421
Argentina,Ciudad Autonoma de Buenos Aires,Comuna 2,201401,31,2025,1,554
Argentina,Ciudad Autonoma de Buenos Aires,Comuna 2,201402,31,2025,11,5022
Argentina,Ciudad Autonoma de Buenos Aires,Comuna 2,201403,31,2025,6,5681
Argentina,Ciudad Autonoma de Buenos Aires,Comuna 2,201404,31,2025,6,6670
Argentina,Ciudad Autonoma de Buenos Aires,Comuna 2,201405,31,2025,11,6654
Argentina,Ciudad Autonoma de Buenos Aires,Comuna 2,201406,31,2025,3,6504
Argentina,Ciudad Autonoma de Buenos Aires,Comuna 2,201407,31,2025,10,7631
Argentina,Ciudad Autonoma de Buenos Aires,Comuna 2,201408,31,2025,10,9285
Argentina,Ciudad Autonoma de Buenos Aires,Comuna 2,201409,31,2025,10,8985
Argentina,Ciudad Autonoma de Buenos Aires,Comuna 2,201410,31,2025,7,7067
Argentina,Ciudad Autonoma de Buenos Aires,Comuna 2,201411,31,2025,4,5593
Argentina,Ciudad Autonoma de Buenos Aires,Comuna 2,201412,31,2025,13,5734
Argentina,Ciudad Autonoma de Buenos Aires,Comuna 2,201413,31,2025,9,7043
Argentina,Ciudad Autonoma de Buenos Aires,Comuna 2,201414,31,2025,7,8370
Argentina,Ciudad Autonoma de Buenos Aires,Comuna 2,201415,31,2025,6,6053
Argentina,Ciudad Autonoma de Buenos Aires,Comuna 2,201416,31,2025,9,5917
Argentina,Ciudad Autonoma de Buenos Aires,Comuna 2,201417,31,2025,7,7963
Argentina,Ciudad Autonoma de Buenos Aires,Comuna 2,201418,31,2025,3,6383
Argentina,Ciudad Autonoma de Buenos Aires,Comuna 2,201419,31,2025,8,6436
Argentina,Ciudad Autonoma de Buenos Aires,Comuna 2,201420,31,2025,7,7134
Argentina,Ciudad Autonoma de Buenos Aires,Comuna 2,201421,31,2025,5,5726
Argentina,Ciudad Autonoma de Buenos Aires,Comuna 2,201422,31,2025,3,5002
Argentina,Ciudad Autonoma de Buenos Aires,Comuna 2,201423,31,2025,4,5517
Argentina,Ciudad Autonoma de Buenos Aires,Comuna 2,201424,31,2025,3,5483
Argentina,Ciudad Autonoma de Buenos Aires,Comuna 2,201425,31,2025,9,8202
Argentina,Ciudad Autonoma de Buenos Aires,Comuna 5,203501,31,2025,8,9107
Argentina,Ciudad Autonoma de Buenos Aires,Comuna 5,203502,31,2025,9,8659
Argentina,Ciudad Autonoma de Buenos Aires,Comuna 5,203503,31,2025,7,9246
Argentina,Ciudad Autonoma de Buenos Aires,Comuna 5,203504,31,2025,11,8180
Argentina,Ciudad Autonoma de Buenos Aires,Comuna 5,203505,31,2025,10,6557
Argentina,Ciudad Autonoma de Buenos Aires,Comuna 5,203506,31,2025,6,7989
Argentina,Ciudad Autonoma de Buenos Aires,Comuna 5,203507,31,2025,7,7616
Argentina,Ciudad Autonoma de Buenos Aires,Comuna 5,203508,31,2025,4,8744
Argentina,Ciudad Autonoma de Buenos Aires,Comuna 5,203509,31,2025,2,7892
Argentina,Ciudad Autonoma de Buenos Aires,Comuna 5,203510,31,2025,9,8718
Argentina,Ciudad Autonoma de Buenos Aires,Comuna 5,203511,31,2025,7,9263
Argentina,Ciudad Autonoma de Buenos Aires,Comuna 5,203512,31,2025,12,7201
Argentina,Ciudad Autonoma de Buenos Aires,Comuna 5,203513,31,2025,9,7410
Argentina,Ciudad Autonoma de Buenos Aires,Comuna 5,203514,31,2025,15,8821
Argentina,Ciudad Autonoma de Buenos Aires,Comuna 5,203515,31,2025,9,7651
Argentina,Ciudad Autonoma de Buenos Aires,Comuna 5,203516,31,2025,12,10461
Argentina,Ciudad Autonoma de Buenos Aires,Comuna 5,203517,31,2025,7,9254
Argentina,Ciudad Autonoma de Buenos Aires,Comuna 5,203518,31,2025,7,9162
Argentina,Ciudad Autonoma de Buenos Aires,Comuna 5,203519,31,2025,9,9340
Argentina,Ciudad Autonoma de Buenos Aires,Comuna 5,203520,31,2025,7,11091
Argentina,Ciudad Autonoma de Buenos Aires,Comuna 5,203521,31,2025,11,8855
Argentina,Ciudad Autonoma de Buenos Aires,Comuna 5,203522,31,2025,17,11232
Argentina,Ciudad Autonoma de Buenos Aires,Comuna 6,204201,31,2025,10,9911
Argentina,Ciudad Autonoma de Buenos Aires,Comuna 6,204202,31,2025,7,10787
Argentina,Ciudad Autonoma de Buenos Aires,Comuna 6,204203,31,2025,10,8899
Argentina,Ciudad Autonoma de Buenos Aires,Comuna 6,204204,31,2025,12,11727
Argentina,Ciudad Autonoma de Buenos Aires,Comuna 6,204205,31,2025,14,10329
Argentina,Ciudad Autonoma de Buenos Aires,Comuna 6,204206,31,2025,11,10367
Argentina,Ciudad Autonoma de Buenos Aires,Comuna 6,204207,31,2025,12,12185
Argentina,Ciudad Autonoma de Buenos Aires,Comuna 6,204208,31,2025,9,9497
Argentina,Ciudad Autonoma de Buenos Aires,Comuna 6,204209,31,2025,9,7356
Argentina,Ciudad Autonoma de Buenos Aires,Comuna 6,204210,31,2025,11,8697
Argentina,Ciudad Autonoma de Buenos Aires,Comuna 6,204211,31,2025,11,9646
Argentina,Ciudad Autonoma de Buenos Aires,Comuna 6,204212,31,2025,7,7926
Argentina,Ciudad Autonoma de Buenos Aires,Comuna 6,204213,31,2025,8,10037
Argentina,Ciudad Autonoma de Buenos Aires,Comuna 6,204214,31,2025,12,9669
Argentina,Ciudad Autonoma de Buenos Aires,Comuna 6,204215,31,2025,8,9168
Argentina,Ciudad Autonoma de Buenos Aires,Comuna 6,204216,31,2025,15,12982
Argentina,Ciudad Autonoma de Buenos Aires,Comuna 6,204217,31,2025,9,7259
Argentina,Ciudad Autonoma de Buenos Aires,Comuna 6,204218,31,2025,6,8066
Argentina,Ciudad Autonoma de Buenos Aires,Comuna 6,204219,31,2025,9,7952
Argentina,Ciudad Autonoma de Buenos Aires,Comuna 6,204220,31,2025,6,8895
Argentina,Ciudad Autonoma de Buenos Aires,Comuna 6,204221,31,2025,10,10409
Argentina,Ciudad Autonoma de Buenos Aires,Comuna 7,204901,31,2025,4,6665
Argentina,Ciudad Autonoma de Buenos Aires,Comuna 7,204902,31,2025,6,8593
Argentina,Ciudad Autonoma de Buenos Aires,Comuna 7,204903,31,2025,11,10871
Argentina,Ciudad Autonoma de Buenos Aires,Comuna 7,204904,31,2025,10,9795
Argentina,Ciudad Autonoma de Buenos Aires,Comuna 7,204905,31,2025,17,8999
Argentina,Ciudad Autonoma de Buenos Aires,Comuna 7,204906,31,2025,6,7524
Argentina,Ciudad Autonoma de Buenos Aires,Comuna 7,204907,31,2025,11,9257
Argentina,Ciudad Autonoma de Buenos Aires,Comuna 7,204908,31,2025,7,7685
Argentina,Ciudad Autonoma de Buenos Aires,Comuna 7,204909,31,2025,9,9705
Argentina,Ciudad Autonoma de Buenos Aires,Comuna 7,204910,31,2025,9,8735
Argentina,Ciudad Autonoma de Buenos Aires,Comuna 7,204911,31,2025,12,10501
Argentina,Ciudad Autonoma de Buenos Aires,Comuna 7,204912,31,2025,9,7467
Argentina,Ciudad Autonoma de Buenos Aires,Comuna 7,204913,31,2025,12,11414
Argentina,Ciudad Autonoma de Buenos Aires,Comuna 7,204914,31,2025,14,11132
Argentina,Ciudad Autonoma de Buenos Aires,Comuna 7,204915,31,2025,6,9647
Argentina,Ciudad Autonoma de Buenos Aires,Comuna 7,204916,31,2025,7,8094
Argentina,Ciudad Autonoma de Buenos Aires,Comuna 7,204917,31,2025,3,2971
Argentina,Ciudad Autonoma de Buenos Aires,Comuna 7,204918,31,2025,2,3398
Argentina,Ciudad Autonoma de Buenos Aires,Comuna 7,204919,31,2025,8,6454
Argentina,Ciudad Autonoma de Buenos Aires,Comuna 7,204920,31,2025,18,12736
Argentina,Ciudad Autonoma de Buenos Aires,Comuna 7,204921,31,2025,16,11351
Argentina,Ciudad Autonoma de Buenos Aires,Comuna 7,204922,31,2025,12,11303
Argentina,Ciudad Autonoma de Buenos Aires,Comuna 7,204923,31,2025,13,7839
Argentina,Ciudad Autonoma de Buenos Aires,Comuna 7,204924,31,2025,14,11126
Argentina,Ciudad Autonoma de Buenos Aires,Comuna 10,207001,32,2025,4,6651
Argentina,Ciudad Autonoma de Buenos Aires,Comuna 10,207002,32,2025,5,7094
Argentina,Ciudad Autonoma de Buenos Aires,Comuna 10,207003,32,2025,7,6682
Argentina,Ciudad Autonoma de Buenos Aires,Comuna 10,207004,32,2025,5,9342
Argentina,Ciudad Autonoma de Buenos Aires,Comuna 10,207005,32,2025,16,11787
Argentina,Ciudad Autonoma de Buenos Aires,Comuna 10,207006,32,2025,10,12408
Argentina,Ciudad Autonoma de Buenos Aires,Comuna 10,207007,32,2025,15,11630
Argentina,Ciudad Autonoma de Buenos Aires,Comuna 10,207008,32,2025,6,9038
Argentina,Ciudad Autonoma de Buenos Aires,Comuna 10,207009,32,2025,11,8752
Argentina,Ciudad Autonoma de Buenos Aires,Comuna 10,207010,32,2025,8,10398
Argentina,Ciudad Autonoma de Buenos Aires,Comuna 10,207011,32,2025,9,8554
Argentina,Ciudad Autonoma de Buenos Aires,Comuna 10,207012,32,2025,10,6677
Argentina,Ciudad Autonoma de Buenos Aires,Comuna 10,207013,32,2025,7,8285
Argentina,Ciudad Autonoma de Buenos Aires,Comuna 10,207014,32,2025,8,9092
Argentina,Ciudad Autonoma de Buenos Aires,Comuna 10,207015,32,2025,5,7248
Argentina,Ciudad Autonoma de Buenos Aires,Comuna 10,207016,32,2025,8,8724
Argentina,Ciudad Autonoma de Buenos Aires,Comuna 10,207017,32,2025,10,9635
Argentina,Ciudad Autonoma de Buenos Aires,Comuna 10,207018,32,2025,7,8682
Argentina,Ciudad Autonoma de Buenos Aires,Comuna 10,207019,32,2025,12,11217
Argentina,Ciudad Autonoma de Buenos Aires,Comuna 11,207701,32,2025,9,11069
Argentina,Ciudad Autonoma de Buenos Aires,Comuna 11,207702,32,2025,8,10205
Argentina,Ciudad Autonoma de Buenos Aires,Comuna 11,207703,32,2025,6,9103
Argentina,Ciudad Autonoma de Buenos Aires,Comuna 11,207704,32,2025,5,10387
Argentina,Ciudad Autonoma de Buenos Aires,Comuna 11,207705,32,2025,9,7955
Argentina,Ciudad Autonoma de Buenos Aires,Comuna 11,207706,32,2025,12,11455
Argentina,Ciudad Autonoma de Buenos Aires,Comuna 11,207707,32,2025,8,11428
Argentina,Ciudad Autonoma de Buenos Aires,Comuna 11,207708,32,2025,6,8072
Argentina,Ciudad Autonoma de Buenos Aires,Comuna 11,207709,32,2025,10,9257
Argentina,Ciudad Autonoma de Buenos Aires,Comuna 11,207710,32,2025,11,11259
Argentina,Ciudad Autonoma de Buenos Aires,Comuna 11,207711,32,2025,5,8065
Argentina,Ciudad Autonoma de Buenos Aires,Comuna 11,207712,32,2025,14,8059
Argentina,Ciudad Autonoma de Buenos Aires,Comuna 11,207713,32,2025,10,9254
Argentina,Ciudad Autonoma de Buenos Aires,Comuna 11,207714,32,2025,10,7270
Argentina,Ciudad Autonoma de Buenos Aires,Comuna 11,207715,32,2025,6,10022
Argentina,Ciudad Autonoma de Buenos Aires,Comuna 11,207716,32,2025,13,9462
Argentina,Ciudad Autonoma de Buenos Aires,Comuna 11,207717,32,2025,7,6323
Argentina,Ciudad Autonoma de Buenos Aires,Comuna 11,207718,32,2025,10,9010
Argentina,Ciudad Autonoma de Buenos Aires,Comuna 11,207719,32,2025,10,7194
Argentina,Ciudad Autonoma de Buenos Aires,Comuna 11,207720,32,2025,12,9079
Argentina,Ciudad Autonoma de Buenos Aires,Comuna 11,207721,32,2025,7,9075
Argentina,Ciudad Autonoma de Buenos Aires,Comuna 11,207722,32,2025,7,8902
Argentina,Ciudad Autonoma de Buenos Aires,Comuna 12,208401,32,2025,22,9341
Argentina,Ciudad Autonoma de Buenos Aires,Comuna 12,208402,32,2025,31,8793
Argentina,Ciudad Autonoma de Buenos Aires,Comuna 12,208403,32,2025,28,9271
Argentina,Ciudad Autonoma de Buenos Aires,Comuna 12,208404,32,2025,38,8702
Argentina,Ciudad Autonoma de Buenos Aires,Comuna 12,208405,32,2025,22,8415
Argentina,Ciudad Autonoma de Buenos Aires,Comuna 12,208406,32,2025,29,9143
Argentina,Ciudad Autonoma de Buenos Aires,Comuna 12,208407,32,2025,25,10293
Argentina,Ciudad Autonoma de Buenos Aires,Comuna 12,208408,32,2025,25,10510
Argentina,Ciudad Autonoma de Buenos Aires,Comuna 12,208409,32,2025,32,8365
Argentina,Ciudad Autonoma de Buenos Aires,Comuna 12,208410,32,2025,31,11926
Argentina,Ciudad Autonoma de Buenos Aires,Comuna 12,208411,32,2025,41,10276
Argentina,Ciudad Autonoma de Buenos Aires,Comuna 12,208412,32,2025,19,8291
Argentina,Ciudad Autonoma de Buenos Aires,Comuna 12,208413,32,2025,30,9891
Argentina,Ciudad Autonoma de Buenos Aires,Comuna 12,208414,32,2025,39,12202
Argentina,Ciudad Autonoma de Buenos Aires,Comuna 12,208415,32,2025,42,13785
Argentina,Ciudad Autonoma de Buenos Aires,Comuna 12,208416,32,2025,50,16395
Argentina,Ciudad Autonoma de Buenos Aires,Comuna 12,208417,32,2025,22,9935
Argentina,Ciudad Autonoma de Buenos Aires,Comuna 12,208418,32,2025,37,13227
Argentina,Ciudad Autonoma de Buenos Aires,Comuna 12,208419,32,2025,31,12268
Argentina,Ciudad Autonoma de Buenos Aires,Comuna 12,208420,32,2025,32,9926
Argentina,Ciudad Autonoma de Buenos Aires,Comuna 12,208421,32,2025,29,11426
Argentina,Ciudad Autonoma de Buenos Aires,Comuna 12,208422,32,2025,29,12983
Argentina,Ciudad Autonoma de Buenos Aires,Comuna 13,209101,32,2025,18,11656
Argentina,Ciudad Autonoma de Buenos Aires,Comuna 13,209102,32,2025,22,10984
Argentina,Ciudad Autonoma de Buenos Aires,Comuna 13,209103,32,2025,19,10868
Argentina,Ciudad Autonoma de Buenos Aires,Comuna 13,209104,32,2025,27,13113
Argentina,Ciudad Autonoma de Buenos Aires,Comuna 13,209105,32,2025,21,10421
Argentina,Ciudad Autonoma de Buenos Aires,Comuna 13,209106,32,2025,20,7917
Argentina,Ciudad Autonoma de Buenos Aires,Comuna 13,209107,32,2025,12,8294
Argentina,Ciudad Autonoma de Buenos Aires,Comuna 13,209108,32,2025,18,9153
Argentina,Ciudad Autonoma de Buenos Aires,Comuna 13,209109,32,2025,17,8207
Argentina,Ciudad Autonoma de Buenos Aires,Comuna 13,209110,32,2025,26,10807
Argentina,Ciudad Autonoma de Buenos Aires,Comuna 13,209111,32,2025,13,4808
Argentina,Ciudad Autonoma de Buenos Aires,Comuna 13,209112,32,2025,23,8591
Argentina,Ciudad Autonoma de Buenos Aires,Comuna 13,209113,32,2025,12,10772
Argentina,Ciudad Autonoma de Buenos Aires,Comuna 13,209114,32,2025,26,7311
Argentina,Ciudad Autonoma de Buenos Aires,Comuna 13,209115,32,2025,18,9651
Argentina,Ciudad Autonoma de Buenos Aires,Comuna 13,209116,32,2025,28,10427
Argentina,Ciudad Autonoma de Buenos Aires,Comuna 13,209117,32,2025,28,11221
Argentina,Ciudad Autonoma de Buenos Aires,Comuna 13,209118,32,2025,19,8113
Argentina,Ciudad Autonoma de Buenos Aires,Comuna 13,209119,32,2025,15,8504
Argentina,Ciudad Autonoma de Buenos Aires,Comuna 13,209120,32,2025,14,9333
Argentina,Ciudad Autonoma de Buenos Aires,Comuna 13,209121,32,2025,20,8521
Argentina,Ciudad Autonoma de Buenos Aires,Comuna 13,209122,32,2025,17,8416
Argentina,Ciudad Autonoma de Buenos Aires,Comuna 13,209123,32,2025,20,9675
Argentina,Ciudad Autonoma de Buenos Aires,Comuna 13,209124,32,2025,19,7611
Argentina,Ciudad Autonoma de Buenos Aires,Comuna 13,209125,32,2025,15,6503
Argentina,Ciudad Autonoma de Buenos Aires,Comuna 13,209126,32,2025,20,8070
Argentina,Ciudad Autonoma de Buenos Aires,Comuna 13,209127,32,2025,8,7860
Argentina,Ciudad Autonoma de Buenos Aires,Comuna 13,209128,32,2025,15,7714
Argentina,Ciudad Autonoma de Buenos Aires,Comuna 13,209129,32,2025,11,7809
Argentina,Ciudad Autonoma de Buenos Aires,Comuna 14,209801,32,2025,10,8008
Argentina,Ciudad Autonoma de Buenos Aires,Comuna 14,209802,32,2025,10,8651
Argentina,Ciudad Autonoma de Buenos Aires,Comuna 14,209803,32,2025,15,9921
Argentina,Ciudad Autonoma de Buenos Aires,Comuna 14,209804,32,2025,18,9128
Argentina,Ciudad Autonoma de Buenos Aires,Comuna 14,209805,32,2025,11,7958
Argentina,Ciudad Autonoma de Buenos Aires,Comuna 14,209806,32,2025,15,9397
Argentina,Ciudad Autonoma de Buenos Aires,Comuna 14,209807,32,2025,11,9307
Argentina,Ciudad Autonoma de Buenos Aires,Comuna 14,209808,32,2025,13,8700
Argentina,Ciudad Autonoma de Buenos Aires,Comuna 14,209809,32,2025,19,12492
Argentina,Ciudad Autonoma de Buenos Aires,Comuna 14,209810,32,2025,1,190
Argentina,Ciudad Autonoma de Buenos Aires,Comuna 14,209811,32,2025,20,12051
Argentina,Ciudad Autonoma de Buenos Aires,Comuna 14,209812,32,2025,18,7962
Argentina,Ciudad Autonoma de Buenos Aires,Comuna 14,209813,32,2025,5,7376
Argentina,Ciudad Autonoma de Buenos Aires,Comuna 14,209814,32,2025,11,7484
Argentina,Ciudad Autonoma de Buenos Aires,Comuna 14,209815,32,2025,13,8094
Argentina,Ciudad Autonoma de Buenos Aires,Comuna 14,209816,32,2025,7,6773
Argentina,Ciudad Autonoma de Buenos Aires,Comuna 14,209817,32,2025,9,7231
Argentina,Ciudad Autonoma de Buenos Aires,Comuna 14,209818,32,2025,13,6981
Argentina,Ciudad Autonoma de Buenos Aires,Comuna 14,209819,32,2025,8,5589
Argentina,Ciudad Autonoma de Buenos Aires,Comuna 14,209820,32,2025,14,6758
Argentina,Ciudad Autonoma de Buenos Aires,Comuna 14,209821,32,2025,11,7312
Argentina,Ciudad Autonoma de Buenos Aires,Comuna 14,209822,32,2025,14,8363
Argentina,Ciudad Autonoma de Buenos Aires,Comuna 14,209823,32,2025,15,11012
Argentina,Ciudad Autonoma de Buenos Aires,Comuna 14,209824,32,2025,4,6199
Argentina,Ciudad Autonoma de Buenos Aires,Comuna 14,209825,32,2025,11,7637
Argentina,Ciudad Autonoma de Buenos Aires,Comuna 14,209826,32,2025,8,6558
Argentina,Ciudad Autonoma de Buenos Aires,Comuna 14,209827,32,2025,10,6199
Argentina,Ciudad Autonoma de Buenos Aires,Comuna 14,209828,32,2025,6,9243
Argentina,Ciudad Autonoma de Buenos Aires,Comuna 14,209829,32,2025,9,8453
Argentina,Ciudad Autonoma de Buenos Aires,Comuna 14,209830,32,2025,16,8109
Argentina,Ciudad Autonoma de Buenos Aires,Comuna 14,209831,32,2025,13,8116
Argentina,Ciudad Autonoma de Buenos Aires,Comuna 15,210501,32,2025,20,9594
Argentina,Ciudad Autonoma de Buenos Aires,Comuna 15,210502,32,2025,11,6548
Argentina,Ciudad Autonoma de Buenos Aires,Comuna 15,210503,32,2025,16,10235
Argentina,Ciudad Autonoma de Buenos Aires,Comuna 15,210504,32,2025,15,12235
Argentina,Ciudad Autonoma de Buenos Aires,Comuna 15,210505,32,2025,27,12207
Argentina,Ciudad Autonoma de Buenos Aires,Comuna 15,210506,32,2025,6,4156
Argentina,Ciudad Autonoma de Buenos Aires,Comuna 15,210507,32,2025,21,12285
Argentina,Ciudad Autonoma de Buenos Aires,Comuna 15,210508,32,2025,13,8807
Argentina,Ciudad Autonoma de Buenos Aires,Comuna 15,210509,32,2025,17,8645
Argentina,Ciudad Autonoma de Buenos Aires,Comuna 15,210510,32,2025,18,10813
Argentina,Ciudad Autonoma de Buenos Aires,Comuna 15,210511,32,2025,24,11863
Argentina,Ciudad Autonoma de Buenos Aires,Comuna 15,210512,32,2025,13,7208
Argentina,Ciudad Autonoma de Buenos Aires,Comuna 15,210513,32,2025,10,7242
Argentina,Ciudad Autonoma de Buenos Aires,Comuna 15,210514,32,2025,16,9564
Argentina,Ciudad Autonoma de Buenos Aires,Comuna 15,210515,32,2025,13,9091
Argentina,Ciudad Autonoma de Buenos Aires,Comuna 15,210516,32,2025,17,8911
Argentina,Ciudad Autonoma de Buenos Aires,Comuna 15,210517,32,2025,14,8753
Argentina,Ciudad Autonoma de Buenos Aires,Comuna 15,210518,32,2025,13,8161
Argentina,Ciudad Autonoma de Buenos Aires,Comuna 15,210519,32,2025,9,8739
Argentina,Ciudad Autonoma de Buenos Aires,Comuna 15,210520,32,2025,12,8787
Argentina,Ciudad Autonoma de Buenos Aires,Comuna 15,210521,32,2025,18,11421
Argentina,Ciudad Autonoma de Buenos Aires,Comuna 2,201401,32,2025,0,554
Argentina,Ciudad Autonoma de Buenos Aires,Comuna 2,201402,32,2025,8,5022
Argentina,Ciudad Autonoma de Buenos Aires,Comuna 2,201403,32,2025,2,5681
Argentina,Ciudad Autonoma de Buenos Aires,Comuna 2,201404,32,2025,9,6670
Argentina,Ciudad Autonoma de Buenos Aires,Comuna 2,201405,32,2025,6,6654
Argentina,Ciudad Autonoma de Buenos Aires,Comuna 2,201406,32,2025,2,6504
Argentina,Ciudad Autonoma de Buenos Aires,Comuna 2,201407,32,2025,8,7631
Argentina,Ciudad Autonoma de Buenos Aires,Comuna 2,201408,32,2025,5,9285
Argentina,Ciudad Autonoma de Buenos Aires,Comuna 2,201409,32,2025,12,8985
Argentina,Ciudad Autonoma de Buenos Aires,Comuna 2,201410,32,2025,5,7067
Argentina,Ciudad Autonoma de Buenos Aires,Comuna 2,201411,32,2025,6,5593
Argentina,Ciudad Autonoma de Buenos Aires,Comuna 2,201412,32,2025,4,5734
Argentina,Ciudad Autonoma de Buenos Aires,Comuna 2,201413,32,2025,3,7043
Argentina,Ciudad Autonoma de Buenos Aires,Comuna 2,201414,32,2025,13,8370
Argentina,Ciudad Autonoma de Buenos Aires,Comuna 2,201415,32,2025,6,6053
Argentina,Ciudad Autonoma de Buenos Aires,Comuna 2,201416,32,2025,4,5917
Argentina,Ciudad Autonoma de Buenos Aires,Comuna 2,201417,32,2025,8,7963
Argentina,Ciudad Autonoma de Buenos Aires,Comuna 2,201418,32,2025,8,6383
Argentina,Ciudad Autonoma de Buenos Aires,Comuna 2,201419,32,2025,8,6436
Argentina,Ciudad Autonoma de Buenos Aires,Comuna 2,201420,32,2025,8,7134
Argentina,Ciudad Autonoma de Buenos Aires,Comuna 2,201421,32,2025,7,5726
Argentina,Ciudad Autonoma de Buenos Aires,Comuna 2,201422,32,2025,4,5002
Argentina,Ciudad Autonoma de Buenos Aires,Comuna 2,201423,32,2025,7,5517
Argentina,Ciudad Autonoma de Buenos Aires,Comuna 2,201424,32,2025,14,5483
Argentina,Ciudad Autonoma de Buenos Aires,Comuna 2,201425,32,2025,11,8202
Argentina,Ciudad Autonoma de Buenos Aires,Comuna 5,203501,32,2025,7,9107
Argentina,Ciudad Autonoma de Buenos Aires,Comuna 5,203502,32,2025,12,8659
Argentina,Ciudad Autonoma de Buenos Aires,Comuna 5,203503,32,2025,7,9246
Argentina,Ciudad Autonoma de Buenos Aires,Comuna 5,203504,32,2025,6,8180
Argentina,Ciudad Autonoma de Buenos Aires,Comuna 5,203505,32,2025,4,6557
Argentina,Ciudad Autonoma de Buenos Aires,Comuna 5,203506,32,2025,12,7989
Argentina,Ciudad Autonoma de Buenos Aires,Comuna 5,203507,32,2025,4,7616
Argentina,Ciudad Autonoma de Buenos Aires,Comuna 5,203508,32,2025,11,8744
Argentina,Ciudad Autonoma de Buenos Aires,Comuna 5,203509,32,2025,8,7892
Argentina,Ciudad Autonoma de Buenos Aires,Comuna 5,203510,32,2025,9,8718
Argentina,Ciudad Autonoma de Buenos Aires,Comuna 5,203511,32,2025,11,9263
Argentina,Ciudad Autonoma de Buenos Aires,Comuna 5,203512,32,2025,9,7201
Argentina,Ciudad Autonoma de Buenos Aires,Comuna 5,203513,32,2025,4,7410
Argentina,Ciudad Autonoma de Buenos Aires,Comuna 5,203514,32,2025,10,8821
Argentina,Ciudad Autonoma de Buenos Aires,Comuna 5,203515,32,2025,11,7651
Argentina,Ciudad Autonoma de Buenos Aires,Comuna 5,203516,32,2025,16,10461
Argentina,Ciudad Autonoma de Buenos Aires,Comuna 5,203517,32,2025,9,9254
Argentina,Ciudad Autonoma de Buenos Aires,Comuna 5,203518,32,2025,8,9162
Argentina,Ciudad Autonoma de Buenos Aires,Comuna 5,203519,32,2025,10,9340
Argentina,Ciudad Autonoma de Buenos Aires,Comuna 5,203520,32,2025,10,11091
Argentina,Ciudad Autonoma de Buenos Aires,Comuna 5,203521,32,2025,9,8855
Argentina,Ciudad Autonoma de Buenos Aires,Comuna 5,203522,32,2025,12,11232
Argentina,Ciudad Autonoma de Buenos Aires,Comuna 6,204201,32,2025,13,9911
Argentina,Ciudad Autonoma de Buenos Aires,Comuna 6,204202,32,2025,13,10787
Argentina,Ciudad Autonoma de Buenos Aires,Comuna 6,204203,32,2025,9,8899
Argentina,Ciudad Autonoma de Buenos Aires,Comuna 6,204204,32,2025,13,11727
Argentina,Ciudad Autonoma de Buenos Aires,Comuna 6,204205,32,2025,9,10329
Argentina,Ciudad Autonoma de Buenos Aires,Comuna 6,204206,32,2025,13,10367
Argentina,Ciudad Autonoma de Buenos Aires,Comuna 6,204207,32,2025,15,12185
Argentina,Ciudad Autonoma de Buenos Aires,Comuna 6,204208,32,2025,16,9497
Argentina,Ciudad Autonoma de Buenos Aires,Comuna 6,204209,32,2025,5,7356
Argentina,Ciudad Autonoma de Buenos Aires,Comuna 6,204210,32,2025,9,8697
Argentina,Ciudad Autonoma de Buenos Aires,Comuna 6,204211,32,2025,10,9646
Argentina,Ciudad Autonoma de Buenos Aires,Comuna 6,204212,32,2025,7,7926
Argentina,Ciudad Autonoma de Buenos Aires,Comuna 6,204213,32,2025,9,10037
Argentina,Ciudad Autonoma de Buenos Aires,Comuna 6,204214,32,2025,6,9669
Argentina,Ciudad Autonoma de Buenos Aires,Comuna 6,204215,32,2025,8,9168
Argentina,Ciudad Autonoma de Buenos Aires,Comuna 6,204216,32,2025,14,12982
Argentina,Ciudad Autonoma de Buenos Aires,Comuna 6,204217,32,2025,5,7259
Argentina,Ciudad Autonoma de Buenos Aires,Comuna 6,204218,32,2025,8,8066
Argentina,Ciudad Autonoma de Buenos Aires,Comuna 6,204219,32,2025,8,7952
Argentina,Ciudad Autonoma de Buenos Aires,Comuna 6,204220,32,2025,10,8895
Argentina,Ciudad Autonoma de Buenos Aires,Comuna 6,204221,32,2025,10,10409
Argentina,Ciudad Autonoma de Buenos Aires,Comuna 7,204901,32,2025,7,6665
Argentina,Ciudad Autonoma de Buenos Aires,Comuna 7,204902,32,2025,10,8593
Argentina,Ciudad Autonoma de Buenos Aires,Comuna 7,204903,32,2025,12,10871
Argentina,Ciudad Autonoma de Buenos Aires,Comuna 7,204904,32,2025,10,9795
Argentina,Ciudad Autonoma de Buenos Aires,Comuna 7,204905,32,2025,12,8999
Argentina,Ciudad Autonoma de Buenos Aires,Comuna 7,204906,32,2025,10,7524
Argentina,Ciudad Autonoma de Buenos Aires,Comuna 7,204907,32,2025,5,9257
Argentina,Ciudad Autonoma de Buenos Aires,Comuna 7,204908,32,2025,5,7685
Argentina,Ciudad Autonoma de Buenos Aires,Comuna 7,204909,32,2025,10,9705
Argentina,Ciudad Autonoma de Buenos Aires,Comuna 7,204910,32,2025,6,8735
Argentina,Ciudad Autonoma de Buenos Aires,Comuna 7,204911,32,2025,6,10501
Argentina,Ciudad Autonoma de Buenos Aires,Comuna 7,204912,32,2025,9,7467
Argentina,Ciudad Autonoma de Buenos Aires,Comuna 7,204913,32,2025,6,11414
Argentina,Ciudad Autonoma de Buenos Aires,Comuna 7,204914,32,2025,6,11132
Argentina,Ciudad Autonoma de Buenos Aires,Comuna 7,204915,32,2025,12,9647
Argentina,Ciudad Autonoma de Buenos Aires,Comuna 7,204916,32,2025,11,8094
Argentina,Ciudad Autonoma de Buenos Aires,Comuna 7,204917,32,2025,6,2971
Argentina,Ciudad Autonoma de Buenos Aires,Comuna 7,204918,32,2025,4,3398
Argentina,Ciudad Autonoma de Buenos Aires,Comuna 7,204919,32,2025,9,6454
Argentina,Ciudad Autonoma de Buenos Aires,Comuna 7,204920,32,2025,14,12736
Argentina,Ciudad Autonoma de Buenos Aires,Comuna 7,204921,32,2025,9,11351
Argentina,Ciudad Autonoma de Buenos Aires,Comuna 7,204922,32,2025,9,11303
Argentina,Ciudad Autonoma de Buenos Aires,Comuna 7,204923,32,2025,14,7839
Argentina,Ciudad Autonoma de Buenos Aires,Comuna 7,204924,32,2025,7,11126
Argentina,Ciudad Autonoma de Buenos Aires,Comuna 10,207001,33,2025,6,6651
Argentina,Ciudad Autonoma de Buenos Aires,Comuna 10,207002,33,2025,3,7094
Argentina,Ciudad Autonoma de Buenos Aires,Comuna 10,207003,33,2025,6,6682
Argentina,Ciudad Autonoma de Buenos Aires,Comuna 10,207004,33,2025,8,9342
Argentina,Ciudad Autonoma de Buenos Aires,Comuna 10,207005,33,2025,10,11787
Argentina,Ciudad Autonoma de Buenos Aires,Comuna 10,207006,33,2025,10,12408
Argentina,Ciudad Autonoma de Buenos Aires,Comuna 10,207007,33,2025,15,11630
Argentina,Ciudad Autonoma de Buenos Aires,Comuna 10,207008,33,2025,6,9038
Argentina,Ciudad Autonoma de Buenos Aires,Comuna 10,207009,33,2025,10,8752
Argentina,Ciudad Autonoma de Buenos Aires,Comuna 10,207010,33,2025,11,10398
Argentina,Ciudad Autonoma de Buenos Aires,Comuna 10,207011,33,2025,5,8554
Argentina,Ciudad Autonoma de Buenos Aires,Comuna 10,207012,33,2025,5,6677
Argentina,Ciudad Autonoma de Buenos Aires,Comuna 10,207013,33,2025,10,8285
Argentina,Ciudad Autonoma de Buenos Aires,Comuna 10,207014,33,2025,2,9092
Argentina,Ciudad Autonoma de Buenos Aires,Comuna 10,207015,33,2025,11,7248
Argentina,Ciudad Autonoma de Buenos Aires,Comuna 10,207016,33,2025,5,8724
Argentina,Ciudad Autonoma de Buenos Aires,Comuna 10,207017,33,2025,10,9635
Argentina,Ciudad Autonoma de Buenos Aires,Comuna 10,207018,33,2025,9,8682
Argentina,Ciudad Autonoma de Buenos Aires,Comuna 10,207019,33,2025,14,11217
Argentina,Ciudad Autonoma de Buenos Aires,Comuna 11,207701,33,2025,13,11069
Argentina,Ciudad Autonoma de Buenos Aires,Comuna 11,207702,33,2025,20,10205
Argentina,Ciudad Autonoma de Buenos Aires,Comuna 11,207703,33,2025,5,9103
Argentina,Ciudad Autonoma de Buenos Aires,Comuna 11,207704,33,2025,14,10387
Argentina,Ciudad Autonoma de Buenos Aires,Comuna 11,207705,33,2025,5,7955
Argentina,Ciudad Autonoma de Buenos Aires,Comuna 11,207706,33,2025,17,11455
Argentina,Ciudad Autonoma de Buenos Aires,Comuna 11,207707,33,2025,17,11428
Argentina,Ciudad Autonoma de Buenos Aires,Comuna 11,207708,33,2025,8,8072
Argentina,Ciudad Autonoma de Buenos Aires,Comuna 11,207709,33,2025,14,9257
Argentina,Ciudad Autonoma de Buenos Aires,Comuna 11,207710,33,2025,11,11259
Argentina,Ciudad Autonoma de Buenos Aires,Comuna 11,207711,33,2025,9,8065
Argentina,Ciudad Autonoma de Buenos Aires,Comuna 11,207712,33,2025,10,8059
Argentina,Ciudad Autonoma de Buenos Aires,Comuna 11,207713,33,2025,12,9254
Argentina,Ciudad Autonoma de Buenos Aires,Comuna 11,207714,33,2025,6,7270
Argentina,Ciudad Autonoma de Buenos Aires,Comuna 11,207715,33,2025,15,10022
Argentina,Ciudad Autonoma de Buenos Aires,Comuna 11,207716,33,2025,9,9462
Argentina,Ciudad Autonoma de Buenos Aires,Comuna 11,207717,33,2025,6,6323
Argentina,Ciudad Autonoma de Buenos Aires,Comuna 11,207718,33,2025,7,9010
Argentina,Ciudad Autonoma de Buenos Aires,Comuna 11,207719,33,2025,6,7194
Argentina,Ciudad Autonoma de Buenos Aires,Comuna 11,207720,33,2025,6,9079
Argentina,Ciudad Autonoma de Buenos Aires,Comuna 11,207721,33,2025,7,9075
Argentina,Ciudad Autonoma de Buenos Aires,Comuna 11,207722,33,2025,10,8902
Argentina,Ciudad Autonoma de Buenos Aires,Comuna 12,208401,33,2025,24,9341
Argentina,Ciudad Autonoma de Buenos Aires,Comuna 12,208402,33,2025,28,8793
Argentina,Ciudad Autonoma de Buenos Aires,Comuna 12,208403,33,2025,37,9271
Argentina,Ciudad Autonoma de Buenos Aires,Comuna 12,208404,33,2025,31,8702
Argentina,Ciudad Autonoma de Buenos Aires,Comuna 12,208405,33,2025,19,8415
Argentina,Ciudad Autonoma de Buenos Aires,Comuna 12,208406,33,2025,35,9143
Argentina,Ciudad Autonoma de Buenos Aires,Comuna 12,208407,33,2025,33,10293
Argentina,Ciudad Autonoma de Buenos Aires,Comuna 12,208408,33,2025,36,10510
Argentina,Ciudad Autonoma de Buenos Aires,Comuna 12,208409,33,2025,17,8365
Argentina,Ciudad Autonoma de Buenos Aires,Comuna 12,208410,33,2025,38,11926
Argentina,Ciudad Autonoma de Buenos Aires,Comuna 12,208411,33,2025,35,10276
Argentina,Ciudad Autonoma de Buenos Aires,Comuna 12,208412,33,2025,19,8291
Argentina,Ciudad Autonoma de Buenos Aires,Comuna 12,208413,33,2025,30,9891
Argentina,Ciudad Autonoma de Buenos Aires,Comuna 12,208414,33,2025,41,12202
Argentina,Ciudad Autonoma de Buenos Aires,Comuna 12,208415,33,2025,53,13785
Argentina,Ciudad Autonoma de Buenos Aires,Comuna 12,208416,33,2025,40,16395
Argentina,Ciudad Autonoma de Buenos Aires,Comuna 12,208417,33,2025,24,9935
Argentina,Ciudad Autonoma de Buenos Aires,Comuna 12,208418,33,2025,53,13227
Argentina,Ciudad Autonoma de Buenos Aires,Comuna 12,208419,33,2025,24,12268
Argentina,Ciudad Autonoma de Buenos Aires,Comuna 12,208420,33,2025,31,9926
Argentina,Ciudad Autonoma de Buenos Aires,Comuna 12,208421,33,2025,31,11426
Argentina,Ciudad Autonoma de Buenos Aires,Comuna 12,208422,33,2025,44,12983
Argentina,Ciudad Autonoma de Buenos Aires,Comuna 13,209101,33,2025,26,11656
Argentina,Ciudad Autonoma de Buenos Aires,Comuna 13,209102,33,2025,14,10984
Argentina,Ciudad Autonoma de Buenos Aires,Comuna 13,209103,33,2025,20,10868
Argentina,Ciudad Autonoma de Buenos Aires,Comuna 13,209104,33,2025,29,13113
Argentina,Ciudad Autonoma de Buenos Aires,Comuna 13,209105,33,2025,17,10421
Argentina,Ciudad Autonoma de Buenos Aires,Comuna 13,209106,33,2025,15,7917
Argentina,Ciudad Autonoma de Buenos Aires,Comuna 13,209107,33,2025,12,8294
Argentina,Ciudad Autonoma de Buenos Aires,Comuna 13,209108,33,2025,14,9153
Argentina,Ciudad Autonoma de Buenos Aires,Comuna 13,209109,33,2025,20,8207
Argentina,Ciudad Autonoma de Buenos Aires,Comuna 13,209110,33,2025,16,10807
Argentina,Ciudad Autonoma de Buenos Aires,Comuna 13,209111,33,2025,9,4808
Argentina,Ciudad Autonoma de Buenos Aires,Comuna 13,209112,33,2025,15,8591
Argentina,Ciudad Autonoma de Buenos Aires,Comuna 13,209113,33,2025,27,10772
Argentina,Ciudad Autonoma de Buenos Aires,Comuna 13,209114,33,2025,14,7311
Argentina,Ciudad Autonoma de Buenos Aires,Comuna 13,209115,33,2025,16,9651
Argentina,Ciudad Autonoma de Buenos Aires,Comuna 13,209116,33,2025,27,10427
Argentina,Ciudad Autonoma de Buenos Aires,Comuna 13,209117,33,2025,28,11221
Argentina,Ciudad Autonoma de Buenos Aires,Comuna 13,209118,33,2025,14,8113
Argentina,Ciudad Autonoma de Buenos Aires,Comuna 13,209119,33,2025,20,8504
Argentina,Ciudad Autonoma de Buenos Aires,Comuna 13,209120,33,2025,15,9333
Argentina,Ciudad Autonoma de Buenos Aires,Comuna 13,209121,33,2025,16,8521
Argentina,Ciudad Autonoma de Buenos Aires,Comuna 13,209122,33,2025,17,8416
Argentina,Ciudad Autonoma de Buenos Aires,Comuna 13,209123,33,2025,16,9675
Argentina,Ciudad Autonoma de Buenos Aires,Comuna 13,209124,33,2025,16,7611
Argentina,Ciudad Autonoma de Buenos Aires,Comuna 13,209125,33,2025,17,6503
Argentina,Ciudad Autonoma de Buenos Aires,Comuna 13,209126,33,2025,16,8070
Argentina,Ciudad Autonoma de Buenos Aires,Comuna 13,209127,33,2025,13,7860
Argentina,Ciudad Autonoma de Buenos Aires,Comuna 13,209128,33,2025,15,7714
Argentina,Ciudad Autonoma de Buenos Aires,Comuna 13,209129,33,2025,11,7809
Argentina,Ciudad Autonoma de Buenos Aires,Comuna 14,209801,33,2025,14,8008
Argentina,Ciudad Autonoma de Buenos Aires,Comuna 14,209802,33,2025,15,8651
Argentina,Ciudad Autonoma de Buenos Aires,Comuna 14,209803,33,2025,16,9921
Argentina,Ciudad Autonoma de Buenos Aires,Comuna 14,209804,33,2025,9,9128
Argentina,Ciudad Autonoma de Buenos Aires,Comuna 14,209805,33,2025,12,7958
Argentina,Ciudad Autonoma de Buenos Aires,Comuna 14,209806,33,2025,20,9397
Argentina,Ciudad Autonoma de Buenos Aires,Comuna 14,209807,33,2025,9,9307
Argentina,Ciudad Autonoma de Buenos Aires,Comuna 14,209808,33,2025,18,8700
Argentina,Ciudad Autonoma de Buenos Aires,Comuna 14,209809,33,2025,18,12492
Argentina,Ciudad Autonoma de Buenos Aires,Comuna 14,209810,33,2025,0,190
Argentina,Ciudad Autonoma de Buenos Aires,Comuna 14,209811,33,2025,21,12051
Argentina,Ciudad Autonoma de Buenos Aires,Comuna 14,209812,33,2025,10,7962
Argentina,Ciudad Autonoma de Buenos Aires,Comuna 14,209813,33,2025,11,7376
Argentina,Ciudad Autonoma de Buenos Aires,Comuna 14,209814,33,2025,5,7484
Argentina,Ciudad Autonoma de Buenos Aires,Comuna 14,209815,33,2025,13,8094
Argentina,Ciudad Autonoma de Buenos Aires,Comuna 14,209816,33,2025,6,6773
Argentina,Ciudad Autonoma de Buenos Aires,Comuna 14,209817,33,2025,10,7231
Argentina,Ciudad Autonoma de Buenos Aires,Comuna 14,209818,33,2025,11,6981
Argentina,Ciudad Autonoma de Buenos Aires,Comuna 14,209819,33,2025,5,5589
Argentina,Ciudad Autonoma de Buenos Aires,Comuna 14,209820,33,2025,7,6758
Argentina,Ciudad Autonoma de Buenos Aires,Comuna 14,209821,33,2025,11,7312
Argentina,Ciudad Autonoma de Buenos Aires,Comuna 14,209822,33,2025,14,8363
Argentina,Ciudad Autonoma de Buenos Aires,Comuna 14,209823,33,2025,21,11012
Argentina,Ciudad Autonoma de Buenos Aires,Comuna 14,209824,33,2025,6,6199
Argentina,Ciudad Autonoma de Buenos Aires,Comuna 14,209825,33,2025,6,7637
Argentina,Ciudad Autonoma de Buenos Aires,Comuna 14,209826,33,2025,6,6558
Argentina,Ciudad Autonoma de Buenos Aires,Comuna 14,209827,33,2025,11,6199
Argentina,Ciudad Autonoma de Buenos Aires,Comuna 14,209828,33,2025,13,9243
Argentina,Ciudad Autonoma de Buenos Aires,Comuna 14,209829,33,2025,26,8453
Argentina,Ciudad Autonoma de Buenos Aires,Comuna 14,209830,33,2025,11,8109
Argentina,Ciudad Autonoma de Buenos Aires,Comuna 14,209831,33,2025,14,8116
Argentina,Ciudad Autonoma de Buenos Aires,Comuna 15,210501,33,2025,16,9594
Argentina,Ciudad Autonoma de Buenos Aires,Comuna 15,210502,33,2025,11,6548
Argentina,Ciudad Autonoma de Buenos Aires,Comuna 15,210503,33,2025,22,10235
Argentina,Ciudad Autonoma de Buenos Aires,Comuna 15,210504,33,2025,18,12235
Argentina,Ciudad Autonoma de Buenos Aires,Comuna 15,210505,33,2025,14,12207
Argentina,Ciudad Autonoma de Buenos Aires,Comuna 15,210506,33,2025,6,4156
Argentina,Ciudad Autonoma de Buenos Aires,Comuna 15,210507,33,2025,13,12285
Argentina,Ciudad Autonoma de Buenos Aires,Comuna 15,210508,33,2025,16,8807
Argentina,Ciudad Autonoma de Buenos Aires,Comuna 15,210509,33,2025,19,8645
Argentina,Ciudad Autonoma de Buenos Aires,Comuna 15,210510,33,2025,12,10813
Argentina,Ciudad Autonoma de Buenos Aires,Comuna 15,210511,33,2025,29,11863
Argentina,Ciudad Autonoma de Buenos Aires,Comuna 15,210512,33,2025,13,7208
Argentina,Ciudad Autonoma de Buenos Aires,Comuna 15,210513,33,2025,14,7242
Argentina,Ciudad Autonoma de Buenos Aires,Comuna 15,210514,33,2025,14,9564
Argentina,Ciudad Autonoma de Buenos Aires,Comuna 15,210515,33,2025,11,9091
Argentina,Ciudad Autonoma de Buenos Aires,Comuna 15,210516,33,2025,14,8911
Argentina,Ciudad Autonoma de Buenos Aires,Comuna 15,210517,33,2025,15,8753
Argentina,Ciudad Autonoma de Buenos Aires,Comuna 15,210518,33,2025,11,8161
Argentina,Ciudad Autonoma de Buenos Aires,Comuna 15,210519,33,2025,9,8739
Argentina,Ciudad Autonoma de Buenos Aires,Comuna 15,210520,33,2025,21,8787
Argentina,Ciudad Autonoma de Buenos Aires,Comuna 15,210521,33,2025,11,11421
Argentina,Ciudad Autonoma de Buenos Aires,Comuna 2,201401,33,2025,0,554
Argentina,Ciudad Autonoma de Buenos Aires,Comuna 2,201402,33,2025,3,5022
Argentina,Ciudad Autonoma de Buenos Aires,Comuna 2,201403,33,2025,3,5681
Argentina,Ciudad Autonoma de Buenos Aires,Comuna 2,201404,33,2025,4,6670
Argentina,Ciudad Autonoma de Buenos Aires,Comuna 2,201405,33,2025,8,6654
Argentina,Ciudad Autonoma de Buenos Aires,Comuna 2,201406,33,2025,9,6504
Argentina,Ciudad Autonoma de Buenos Aires,Comuna 2,201407,33,2025,9,7631
Argentina,Ciudad Autonoma de Buenos Aires,Comuna 2,201408,33,2025,5,9285
Argentina,Ciudad Autonoma de Buenos Aires,Comuna 2,201409,33,2025,12,8985
Argentina,Ciudad Autonoma de Buenos Aires,Comuna 2,201410,33,2025,11,7067
Argentina,Ciudad Autonoma de Buenos Aires,Comuna 2,201411,33,2025,5,5593
Argentina,Ciudad Autonoma de Buenos Aires,Comuna 2,201412,33,2025,5,5734
Argentina,Ciudad Autonoma de Buenos Aires,Comuna 2,201413,33,2025,4,7043
Argentina,Ciudad Autonoma de Buenos Aires,Comuna 2,201414,33,2025,10,8370
Argentina,Ciudad Autonoma de Buenos Aires,Comuna 2,201415,33,2025,8,6053
Argentina,Ciudad Autonoma de Buenos Aires,Comuna 2,201416,33,2025,3,5917
Argentina,Ciudad Autonoma de Buenos Aires,Comuna 2,201417,33,2025,12,7963
Argentina,Ciudad Autonoma de Buenos Aires,Comuna 2,201418,33,2025,3,6383
Argentina,Ciudad Autonoma de Buenos Aires,Comuna 2,201419,33,2025,6,6436
Argentina,Ciudad Autonoma de Buenos Aires,Comuna 2,201420,33,2025,7,7134
Argentina,Ciudad Autonoma de Buenos Aires,Comuna 2,201421,33,2025,5,5726
Argentina,Ciudad Autonoma de Buenos Aires,Comuna 2,201422,33,2025,6,5002
Argentina,Ciudad Autonoma de Buenos Aires,Comuna 2,201423,33,2025,8,5517
Argentina,Ciudad Autonoma de Buenos Aires,Comuna 2,201424,33,2025,6,5483
Argentina,Ciudad Autonoma de Buenos Aires,Comuna 2,201425,33,2025,7,8202
Argentina,Ciudad Autonoma de Buenos Aires,Comuna 5,203501,33,2025,7,9107
Argentina,Ciudad Autonoma de Buenos Aires,Comuna 5,203502,33,2025,8,8659
Argentina,Ciudad Autonoma de Buenos Aires,Comuna 5,203503,33,2025,11,9246
Argentina,Ciudad Autonoma de Buenos Aires,Comuna 5,203504,33,2025,10,8180
Argentina,Ciudad Autonoma de Buenos Aires,Comuna 5,203505,33,2025,7,6557
Argentina,Ciudad Autonoma de Buenos Aires,Comuna 5,203506,33,2025,5,7989
Argentina,Ciudad Autonoma de Buenos Aires,Comuna 5,203507,33,2025,11,7616
Argentina,Ciudad Autonoma de Buenos Aires,Comuna 5,203508,33,2025,5,8744
Argentina,Ciudad Autonoma de Buenos Aires,Comuna 5,203509,33,2025,9,7892
Argentina,Ciudad Autonoma de Buenos Aires,Comuna 5,203510,33,2025,7,8718
Argentina,Ciudad Autonoma de Buenos Aires,Comuna 5,203511,33,2025,5,9263
Argentina,Ciudad Autonoma de Buenos Aires,Comuna 5,203512,33,2025,6,7201
Argentina,Ciudad Autonoma de Buenos Aires,Comuna 5,203513,33,2025,8,7410
Argentina,Ciudad Autonoma de Buenos Aires,Comuna 5,203514,33,2025,16,8821
Argentina,Ciudad Autonoma de Buenos Aires,Comuna 5,203515,33,2025,8,7651
Argentina,Ciudad Autonoma de Buenos Aires,Comuna 5,203516,33,2025,11,10461
Argentina,Ciudad Autonoma de Buenos Aires,Comuna 5,203517,33,2025,9,9254
Argentina,Ciudad Autonoma de Buenos Aires,Comuna 5,203518,33,2025,7,9162
Argentina,Ciudad Autonoma de Buenos Aires,Comuna 5,203519,33,2025,11,9340
Argentina,Ciudad Autonoma de Buenos Aires,Comuna 5,203520,33,2025,4,11091
Argentina,Ciudad Autonoma de Buenos Aires,Comuna 5,203521,33,2025,5,8855
Argentina,Ciudad Autonoma de Buenos Aires,Comuna 5,203522,33,2025,10,11232
Argentina,Ciudad Autonoma de Buenos Aires,Comuna 6,204201,33,2025,5,9911
Argentina,Ciudad Autonoma de Buenos Aires,Comuna 6,204202,33,2025,12,10787
Argentina,Ciudad Autonoma de Buenos Aires,Comuna 6,204203,33,2025,13,8899
Argentina,Ciudad Autonoma de Buenos Aires,Comuna 6,204204,33,2025,10,11727
Argentina,Ciudad Autonoma de Buenos Aires,Comuna 6,204205,33,2025,10,10329
Argentina,Ciudad Autonoma de Buenos Aires,Comuna 6,204206,33,2025,10,10367
Argentina,Ciudad Autonoma de Buenos Aires,Comuna 6,204207,33,2025,14,12185
Argentina,Ciudad Autonoma de Buenos Aires,Comuna 6,204208,33,2025,6,9497
Argentina,Ciudad Autonoma de Buenos Aires,Comuna 6,204209,33,2025,10,7356
Argentina,Ciudad Autonoma de Buenos Aires,Comuna 6,204210,33,2025,10,8697
Argentina,Ciudad Autonoma de Buenos Aires,Comuna 6,204211,33,2025,10,9646
Argentina,Ciudad Autonoma de Buenos Aires,Comuna 6,204212,33,2025,12,7926
Argentina,Ciudad Autonoma de Buenos Aires,Comuna 6,204213,33,2025,9,10037
Argentina,Ciudad Autonoma de Buenos Aires,Comuna 6,204214,33,2025,12,9669
Argentina,Ciudad Autonoma de Buenos Aires,Comuna 6,204215,33,2025,11,9168
Argentina,Ciudad Autonoma de Buenos Aires,Comuna 6,204216,33,2025,18,12982
Argentina,Ciudad Autonoma de Buenos Aires,Comuna 6,204217,33,2025,5,7259
Argentina,Ciudad Autonoma de Buenos Aires,Comuna 6,204218,33,2025,6,8066
Argentina,Ciudad Autonoma de Buenos Aires,Comuna 6,204219,33,2025,12,7952
Argentina,Ciudad Autonoma de Buenos Aires,Comuna 6,204220,33,2025,3,8895
Argentina,Ciudad Autonoma de Buenos Aires,Comuna 6,204221,33,2025,6,10409
Argentina,Ciudad Autonoma de Buenos Aires,Comuna 7,204901,33,2025,4,6665
Argentina,Ciudad Autonoma de Buenos Aires,Comuna 7,204902,33,2025,7,8593
Argentina,Ciudad Autonoma de Buenos Aires,Comuna 7,204903,33,2025,11,10871
Argentina,Ciudad Autonoma de Buenos Aires,Comuna 7,204904,33,2025,10,9795
Argentina,Ciudad Autonoma de Buenos Aires,Comuna 7,204905,33,2025,5,8999
Argentina,Ciudad Autonoma de Buenos Aires,Comuna 7,204906,33,2025,8,7524
Argentina,Ciudad Autonoma de Buenos Aires,Comuna 7,204907,33,2025,6,9257
Argentina,Ciudad Autonoma de Buenos Aires,Comuna 7,204908,33,2025,7,7685
Argentina,Ciudad Autonoma de Buenos Aires,Comuna 7,204909,33,2025,15,9705
Argentina,Ciudad Autonoma de Buenos Aires,Comuna 7,204910,33,2025,12,8735
Argentina,Ciudad Autonoma de Buenos Aires,Comuna 7,204911,33,2025,13,10501
Argentina,Ciudad Autonoma de Buenos Aires,Comuna 7,204912,33,2025,14,7467
Argentina,Ciudad Autonoma de Buenos Aires,Comuna 7,204913,33,2025,17,11414
Argentina,Ciudad Autonoma de Buenos Aires,Comuna 7,204914,33,2025,14,11132
Argentina,Ciudad Autonoma de Buenos Aires,Comuna 7,204915,33,2025,13,9647
Argentina,Ciudad Autonoma de Buenos Aires,Comuna 7,204916,33,2025,6,8094
Argentina,Ciudad Autonoma de Buenos Aires,Comuna 7,204917,33,2025,2,2971
Argentina,Ciudad Autonoma de Buenos Aires,Comuna 7,204918,33,2025,2,3398
Argentina,Ciudad Autonoma de Buenos Aires,Comuna 7,204919,33,2025,8,6454
Argentina,Ciudad Autonoma de Buenos Aires,Comuna 7,204920,33,2025,13,12736
Argentina,Ciudad Autonoma de Buenos Aires,Comuna 7,204921,33,2025,16,11351
Argentina,Ciudad Autonoma de Buenos Aires,Comuna 7,204922,33,2025,11,11303
Argentina,Ciudad Autonoma de Buenos Aires,Comuna 7,204923,33,2025,11,7839
Argentina,Ciudad Autonoma de Buenos Aires,Comuna 7,204924,33,2025,5,11126
Argentina,Ciudad Autonoma de Buenos Aires,Comuna 10,207001,34,2025,4,6651
Argentina,Ciudad Autonoma de Buenos Aires,Comuna 10,207002,34,2025,2,7094
Argentina,Ciudad Autonoma de Buenos Aires,Comuna 10,207003,34,2025,5,6682
Argentina,Ciudad Autonoma de Buenos Aires,Comuna 10,207004,34,2025,11,9342
Argentina,Ciudad Autonoma de Buenos Aires,Comuna 10,207005,34,2025,7,11787
Argentina,Ciudad Autonoma de Buenos Aires,Comuna 10,207006,34,2025,14,12408
Argentina,Ciudad Autonoma de Buenos Aires,Comuna 10,207007,34,2025,12,11630
Argentina,Ciudad Autonoma de Buenos Aires,Comuna 10,207008,34,2025,10,9038
Argentina,Ciudad Autonoma de Buenos Aires,Comuna 10,207009,34,2025,10,8752
Argentina,Ciudad Autonoma de Buenos Aires,Comuna 10,207010,34,2025,16,10398
Argentina,Ciudad Autonoma de Buenos Aires,Comuna 10,207011,34,2025,7,8554
Argentina,Ciudad Autonoma de Buenos Aires,Comuna 10,207012,34,2025,6,6677
Argentina,Ciudad Autonoma de Buenos Aires,Comuna 10,207013,34,2025,5,8285
Argentina,Ciudad Autonoma de Buenos Aires,Comuna 10,207014,34,2025,12,9092
Argentina,Ciudad Autonoma de Buenos Aires,Comuna 10,207015,34,2025,7,7248
Argentina,Ciudad Autonoma de Buenos Aires,Comuna 10,207016,34,2025,10,8724
Argentina,Ciudad Autonoma de Buenos Aires,Comuna 10,207017,34,2025,9,9635
Argentina,Ciudad Autonoma de Buenos Aires,Comuna 10,207018,34,2025,8,8682
Argentina,Ciudad Autonoma de Buenos Aires,Comuna 10,207019,34,2025,11,11217
Argentina,Ciudad Autonoma de Buenos Aires,Comuna 11,207701,34,2025,16,11069
Argentina,Ciudad Autonoma de Buenos Aires,Comuna 11,207702,34,2025,15,10205
Argentina,Ciudad Autonoma de Buenos Aires,Comuna 11,207703,34,2025,9,9103
Argentina,Ciudad Autonoma de Buenos Aires,Comuna 11,207704,34,2025,12,10387
Argentina,Ciudad Autonoma de Buenos Aires,Comuna 11,207705,34,2025,5,7955
Argentina,Ciudad Autonoma de Buenos Aires,Comuna 11,207706,34,2025,18,11455
Argentina,Ciudad Autonoma de Buenos Aires,Comuna 11,207707,34,2025,15,11428
Argentina,Ciudad Autonoma de Buenos Aires,Comuna 11,207708,34,2025,11,8072
Argentina,Ciudad Autonoma de Buenos Aires,Comuna 11,207709,34,2025,12,9257
Argentina,Ciudad Autonoma de Buenos Aires,Comuna 11,207710,34,2025,5,11259
Argentina,Ciudad Autonoma de Buenos Aires,Comuna 11,207711,34,2025,4,8065
Argentina,Ciudad Autonoma de Buenos Aires,Comuna 11,207712,34,2025,9,8059
Argentina,Ciudad Autonoma de Buenos Aires,Comuna 11,207713,34,2025,7,9254
Argentina,Ciudad Autonoma de Buenos Aires,Comuna 11,207714,34,2025,4,7270
Argentina,Ciudad Autonoma de Buenos Aires,Comuna 11,207715,34,2025,13,10022
Argentina,Ciudad Autonoma de Buenos Aires,Comuna 11,207716,34,2025,7,9462
Argentina,Ciudad Autonoma de Buenos Aires,Comuna 11,207717,34,2025,9,6323
Argentina,Ciudad Autonoma de Buenos Aires,Comuna 11,207718,34,2025,10,9010
Argentina,Ciudad Autonoma de Buenos Aires,Comuna 11,207719,34,2025,6,7194
Argentina,Ciudad Autonoma de Buenos Aires,Comuna 11,207720,34,2025,11,9079
Argentina,Ciudad Autonoma de Buenos Aires,Comuna 11,207721,34,2025,8,9075
Argentina,Ciudad Autonoma de Buenos Aires,Comuna 11,207722,34,2025,13,8902
Argentina,Ciudad Autonoma de Buenos Aires,Comuna 12,208401,34,2025,25,9341
Argentina,Ciudad Autonoma de Buenos Aires,Comuna 12,208402,34,2025,32,8793
Argentina,Ciudad Autonoma de Buenos Aires,Comuna 12,208403,34,2025,29,9271
Argentina,Ciudad Autonoma de Buenos Aires,Comuna 12,208404,34,2025,32,8702
Argentina,Ciudad Autonoma de Buenos Aires,Comuna 12,208405,34,2025,22,8415
Argentina,Ciudad Autonoma de Buenos Aires,Comuna 12,208406,34,2025,19,9143
Argentina,Ciudad Autonoma de Buenos Aires,Comuna 12,208407,34,2025,37,10293
Argentina,Ciudad Autonoma de Buenos Aires,Comuna 12,208408,34,2025,35,10510
Argentina,Ciudad Autonoma de Buenos Aires,Comuna 12,208409,34,2025,18,8365
Argentina,Ciudad Autonoma de Buenos Aires,Comuna 12,208410,34,2025,40,11926
Argentina,Ciudad Autonoma de Buenos Aires,Comuna 12,208411,34,2025,26,10276
Argentina,Ciudad Autonoma de Buenos Aires,Comuna 12,208412,34,2025,41,8291
Argentina,Ciudad Autonoma de Buenos Aires,Comuna 12,208413,34,2025,34,9891
Argentina,Ciudad Autonoma de Buenos Aires,Comuna 12,208414,34,2025,40,12202
Argentina,Ciudad Autonoma de Buenos Aires,Comuna 12,208415,34,2025,30,13785
Argentina,Ciudad Autonoma de Buenos Aires,Comuna 12,208416,34,2025,45,16395
Argentina,Ciudad Autonoma de Buenos Aires,Comuna 12,208417,34,2025,30,9935
Argentina,Ciudad Autonoma de Buenos Aires,Comuna 12,208418,34,2025,33,13227
Argentina,Ciudad Autonoma de Buenos Aires,Comuna 12,208419,34,2025,41,12268
Argentina,Ciudad Autonoma de Buenos Aires,Comuna 12,208420,34,2025,40,9926
Argentina,Ciudad Autonoma de Buenos Aires,Comuna 12,208421,34,2025,37,11426
Argentina,Ciudad Autonoma de Buenos Aires,Comuna 12,208422,34,2025,35,12983
Argentina,Ciudad Autonoma de Buenos Aires,Comuna 13,209101,34,2025,28,11656
Argentina,Ciudad Autonoma de Buenos Aires,Comuna 13,209102,34,2025,19,10984
Argentina,Ciudad Autonoma de Buenos Aires,Comuna 13,209103,34,2025,27,10868
Argentina,Ciudad Autonoma de Buenos Aires,Comuna 13,209104,34,2025,39,13113
Argentina,Ciudad Autonoma de Buenos Aires,Comuna 13,209105,34,2025,25,10421
Argentina,Ciudad Autonoma de Buenos Aires,Comuna 13,209106,34,2025,14,7917
Argentina,Ciudad Autonoma de Buenos Aires,Comuna 13,209107,34,2025,12,8294
Argentina,Ciudad Autonoma de Buenos Aires,Comuna 13,209108,34,2025,18,9153
Argentina,Ciudad Autonoma de Buenos Aires,Comuna 13,209109,34,2025,18,8207
Argentina,Ciudad Autonoma de Buenos Aires,Comuna 13,209110,34,2025,15,10807
Argentina,Ciudad Autonoma de Buenos Aires,Comuna 13,209111,34,2025,8,4808
Argentina,Ciudad Autonoma de Buenos Aires,Comuna 13,209112,34,2025,16,8591
Argentina,Ciudad Autonoma de Buenos Aires,Comuna 13,209113,34,2025,28,10772
Argentina,Ciudad Autonoma de Buenos Aires,Comuna 13,209114,34,2025,11,7311
Argentina,Ciudad Autonoma de Buenos Aires,Comuna 13,209115,34,2025,24,9651
Argentina,Ciudad Autonoma de Buenos Aires,Comuna 13,209116,34,2025,21,10427
Argentina,Ciudad Autonoma de Buenos Aires,Comuna 13,209117,34,2025,17,11221
Argentina,Ciudad Autonoma de Buenos Aires,Comuna 13,209118,34,2025,14,8113
Argentina,Ciudad Autonoma de Buenos Aires,Comuna 13,209119,34,2025,12,8504
Argentina,Ciudad Autonoma de Buenos Aires,Comuna 13,209120,34,2025,16,9333
Argentina,Ciudad Autonoma de Buenos Aires,Comuna 13,209121,34,2025,13,8521
Argentina,Ciudad Autonoma de Buenos Aires,Comuna 13,209122,34,2025,17,8416
Argentina,Ciudad Autonoma de Buenos Aires,Comuna 13,209123,34,2025,21,9675
Argentina,Ciudad Autonoma de Buenos Aires,Comuna 13,209124,34,2025,20,7611
Argentina,Ciudad Autonoma de Buenos Aires,Comuna 13,209125,34,2025,10,6503
Argentina,Ciudad Autonoma de Buenos Aires,Comuna 13,209126,34,2025,21,8070
Argentina,Ciudad Autonoma de Buenos Aires,Comuna 13,209127,34,2025,15,7860
Argentina,Ciudad Autonoma de Buenos Aires,Comuna 13,209128,34,2025,14,7714
Argentina,Ciudad Autonoma de Buenos Aires,Comuna 13,209129,34,2025,14,7809
Argentina,Ciudad Autonoma de Buenos Aires,Comuna 14,209801,34,2025,12,8008
Argentina,Ciudad Autonoma de Buenos Aires,Comuna 14,209802,34,2025,13,8651
Argentina,Ciudad Autonoma de Buenos Aires,Comuna 14,209803,34,2025,17,9921
Argentina,Ciudad Autonoma de Buenos Aires,Comuna 14,209804,34,2025,10,9128
Argentina,Ciudad Autonoma de Buenos Aires,Comuna 14,209805,34,2025,17,7958
Argentina,Ciudad Autonoma de Buenos Aires,Comuna 14,209806,34,2025,10,9397
Argentina,Ciudad Autonoma de Buenos Aires,Comuna 14,209807,34,2025,15,9307
Argentina,Ciudad Autonoma de Buenos Aires,Comuna 14,209808,34,2025,15,8700
Argentina,Ciudad Autonoma de Buenos Aires,Comuna 14,209809,34,2025,19,12492
Argentina,Ciudad Autonoma de Buenos Aires,Comuna 14,209810,34,2025,0,190
Argentina,Ciudad Autonoma de Buenos Aires,Comuna 14,209811,34,2025,20,12051
Argentina,Ciudad Autonoma de Buenos Aires,Comuna 14,209812,34,2025,13,7962
Argentina,Ciudad Autonoma de Buenos Aires,Comuna 14,209813,34,2025,9,7376
Argentina,Ciudad Autonoma de Buenos Aires,Comuna 14,209814,34,2025,10,7484
Argentina,Ciudad Autonoma de Buenos Aires,Comuna 14,209815,34,2025,13,8094
Argentina,Ciudad Autonoma de Buenos Aires,Comuna 14,209816,34,2025,11,6773
Argentina,Ciudad Autonoma de Buenos Aires,Comuna 14,209817,34,2025,14,7231
Argentina,Ciudad Autonoma de Buenos Aires,Comuna 14,209818,34,2025,7,6981
Argentina,Ciudad Autonoma de Buenos Aires,Comuna 14,209819,34,2025,5,5589
Argentina,Ciudad Autonoma de Buenos Aires,Comuna 14,209820,34,2025,13,6758
Argentina,Ciudad Autonoma de Buenos Aires,Comuna 14,209821,34,2025,9,7312
Argentina,Ciudad Autonoma de Buenos Aires,Comuna 14,209822,34,2025,12,8363
Argentina,Ciudad Autonoma de Buenos Aires,Comuna 14,209823,34,2025,20,11012
Argentina,Ciudad Autonoma de Buenos Aires,Comuna 14,209824,34,2025,5,6199
Argentina,Ciudad Autonoma de Buenos Aires,Comuna 14,209825,34,2025,12,7637
Argentina,Ciudad Autonoma de Buenos Aires,Comuna 14,209826,34,2025,11,6558
Argentina,Ciudad Autonoma de Buenos Aires,Comuna 14,209827,34,2025,6,6199
Argentina,Ciudad Autonoma de Buenos Aires,Comuna 14,209828,34,2025,11,9243
Argentina,Ciudad Autonoma de Buenos Aires,Comuna 14,209829,34,2025,9,8453
Argentina,Ciudad Autonoma de Buenos Aires,Comuna 14,209830,34,2025,1,8109
Argentina,Ciudad Autonoma de Buenos Aires,Comuna 14,209831,34,2025,14,8116
Argentina,Ciudad Autonoma de Buenos Aires,Comuna 15,210501,34,2025,9,9594
Argentina,Ciudad Autonoma de Buenos Aires,Comuna 15,210502,34,2025,6,6548
Argentina,Ciudad Autonoma de Buenos Aires,Comuna 15,210503,34,2025,15,10235
Argentina,Ciudad Autonoma de Buenos Aires,Comuna 15,210504,34,2025,22,12235
Argentina,Ciudad Autonoma de Buenos Aires,Comuna 15,210505,34,2025,20,12207
Argentina,Ciudad Autonoma de Buenos Aires,Comuna 15,210506,34,2025,6,4156
Argentina,Ciudad Autonoma de Buenos Aires,Comuna 15,210507,34,2025,14,12285
Argentina,Ciudad Autonoma de Buenos Aires,Comuna 15,210508,34,2025,11,8807
Argentina,Ciudad Autonoma de Buenos Aires,Comuna 15,210509,34,2025,7,8645
Argentina,Ciudad Autonoma de Buenos Aires,Comuna 15,210510,34,2025,18,10813
Argentina,Ciudad Autonoma de Buenos Aires,Comuna 15,210511,34,2025,21,11863
Argentina,Ciudad Autonoma de Buenos Aires,Comuna 15,210512,34,2025,8,7208
Argentina,Ciudad Autonoma de Buenos Aires,Comuna 15,210513,34,2025,17,7242
Argentina,Ciudad Autonoma de Buenos Aires,Comuna 15,210514,34,2025,13,9564
Argentina,Ciudad Autonoma de Buenos Aires,Comuna 15,210515,34,2025,18,9091
Argentina,Ciudad Autonoma de Buenos Aires,Comuna 15,210516,34,2025,9,8911
Argentina,Ciudad Autonoma de Buenos Aires,Comuna 15,210517,34,2025,9,8753
Argentina,Ciudad Autonoma de Buenos Aires,Comuna 15,210518,34,2025,13,8161
Argentina,Ciudad Autonoma de Buenos Aires,Comuna 15,210519,34,2025,14,8739
Argentina,Ciudad Autonoma de Buenos Aires,Comuna 15,210520,34,2025,14,8787
Argentina,Ciudad Autonoma de Buenos Aires,Comuna 15,210521,34,2025,16,11421
Argentina,Ciudad Autonoma de Buenos Aires,Comuna 2,201401,34,2025,0,554
Argentina,Ciudad Autonoma de Buenos Aires,Comuna 2,201402,34,2025,2,5022
Argentina,Ciudad Autonoma de Buenos Aires,Comuna 2,201403,34,2025,5,5681
Argentina,Ciudad Autonoma de Buenos Aires,Comuna 2,201404,34,2025,6,6670
Argentina,Ciudad Autonoma de Buenos Aires,Comuna 2,201405,34,2025,8,6654
Argentina,Ciudad Autonoma de Buenos Aires,Comuna 2,201406,34,2025,6,6504
Argentina,Ciudad Autonoma de Buenos Aires,Comuna 2,201407,34,2025,7,7631
Argentina,Ciudad Autonoma de Buenos Aires,Comuna 2,201408,34,2025,9,9285
Argentina,Ciudad Autonoma de Buenos Aires,Comuna 2,201409,34,2025,4,8985
Argentina,Ciudad Autonoma de Buenos Aires,Comuna 2,201410,34,2025,3,7067
Argentina,Ciudad Autonoma de Buenos Aires,Comuna 2,201411,34,2025,3,5593
Argentina,Ciudad Autonoma de Buenos Aires,Comuna 2,201412,34,2025,3,5734
Argentina,Ciudad Autonoma de Buenos Aires,Comuna 2,201413,34,2025,7,7043
Argentina,Ciudad Autonoma de Buenos Aires,Comuna 2,201414,34,2025,11,8370
Argentina,Ciudad Autonoma de Buenos Aires,Comuna 2,201415,34,2025,6,6053
Argentina,Ciudad Autonoma de Buenos Aires,Comuna 2,201416,34,2025,1,5917
Argentina,Ciudad Autonoma de Buenos Aires,Comuna 2,201417,34,2025,8,7963
Argentina,Ciudad Autonoma de Buenos Aires,Comuna 2,201418,34,2025,10,6383
Argentina,Ciudad Autonoma de Buenos Aires,Comuna 2,201419,34,2025,9,6436
Argentina,Ciudad Autonoma de Buenos Aires,Comuna 2,201420,34,2025,11,7134
Argentina,Ciudad Autonoma de Buenos Aires,Comuna 2,201421,34,2025,5,5726
Argentina,Ciudad Autonoma de Buenos Aires,Comuna 2,201422,34,2025,7,5002
Argentina,Ciudad Autonoma de Buenos Aires,Comuna 2,201423,34,2025,6,5517
Argentina,Ciudad Autonoma de Buenos Aires,Comuna 2,201424,34,2025,3,5483
Argentina,Ciudad Autonoma de Buenos Aires,Comuna 2,201425,34,2025,13,8202
Argentina,Ciudad Autonoma de Buenos Aires,Comuna 5,203501,34,2025,9,9107
Argentina,Ciudad Autonoma de Buenos Aires,Comuna 5,203502,34,2025,12,8659
Argentina,Ciudad Autonoma de Buenos Aires,Comuna 5,203503,34,2025,5,9246
Argentina,Ciudad Autonoma de Buenos Aires,Comuna 5,203504,34,2025,4,8180
Argentina,Ciudad Autonoma de Buenos Aires,Comuna 5,203505,34,2025,2,6557
Argentina,Ciudad Autonoma de Buenos Aires,Comuna 5,203506,34,2025,12,7989
Argentina,Ciudad Autonoma de Buenos Aires,Comuna 5,203507,34,2025,9,7616
Argentina,Ciudad Autonoma de Buenos Aires,Comuna 5,203508,34,2025,11,8744
Argentina,Ciudad Autonoma de Buenos Aires,Comuna 5,203509,34,2025,11,7892
Argentina,Ciudad Autonoma de Buenos Aires,Comuna 5,203510,34,2025,9,8718
Argentina,Ciudad Autonoma de Buenos Aires,Comuna 5,203511,34,2025,9,9263
Argentina,Ciudad Autonoma de Buenos Aires,Comuna 5,203512,34,2025,6,7201
Argentina,Ciudad Autonoma de Buenos Aires,Comuna 5,203513,34,2025,10,7410
Argentina,Ciudad Autonoma de Buenos Aires,Comuna 5,203514,34,2025,4,8821
Argentina,Ciudad Autonoma de Buenos Aires,Comuna 5,203515,34,2025,10,7651
Argentina,Ciudad Autonoma de Buenos Aires,Comuna 5,203516,34,2025,9,10461
Argentina,Ciudad Autonoma de Buenos Aires,Comuna 5,203517,34,2025,11,9254
Argentina,Ciudad Autonoma de Buenos Aires,Comuna 5,203518,34,2025,7,9162
Argentina,Ciudad Autonoma de Buenos Aires,Comuna 5,203519,34,2025,11,9340
Argentina,Ciudad Autonoma de Buenos Aires,Comuna 5,203520,34,2025,13,11091
Argentina,Ciudad Autonoma de Buenos Aires,Comuna 5,203521,34,2025,6,8855
Argentina,Ciudad Autonoma de Buenos Aires,Comuna 5,203522,34,2025,11,11232
Argentina,Ciudad Autonoma de Buenos Aires,Comuna 6,204201,34,2025,10,9911
Argentina,Ciudad Autonoma de Buenos Aires,Comuna 6,204202,34,2025,9,10787
Argentina,Ciudad Autonoma de Buenos Aires,Comuna 6,204203,34,2025,6,8899
Argentina,Ciudad Autonoma de Buenos Aires,Comuna 6,204204,34,2025,15,11727
Argentina,Ciudad Autonoma de Buenos Aires,Comuna 6,204205,34,2025,9,10329
Argentina,Ciudad Autonoma de Buenos Aires,Comuna 6,204206,34,2025,13,10367
Argentina,Ciudad Autonoma de Buenos Aires,Comuna 6,204207,34,2025,11,12185
Argentina,Ciudad Autonoma de Buenos Aires,Comuna 6,204208,34,2025,11,9497
Argentina,Ciudad Autonoma de Buenos Aires,Comuna 6,204209,34,2025,7,7356
Argentina,Ciudad Autonoma de Buenos Aires,Comuna 6,204210,34,2025,1,8697
Argentina,Ciudad Autonoma de Buenos Aires,Comuna 6,204211,34,2025,9,9646
Argentina,Ciudad Autonoma de Buenos Aires,Comuna 6,204212,34,2025,2,7926
Argentina,Ciudad Autonoma de Buenos Aires,Comuna 6,204213,34,2025,15,10037
Argentina,Ciudad Autonoma de Buenos Aires,Comuna 6,204214,34,2025,8,9669
Argentina,Ciudad Autonoma de Buenos Aires,Comuna 6,204215,34,2025,13,9168
Argentina,Ciudad Autonoma de Buenos Aires,Comuna 6,204216,34,2025,15,12982
Argentina,Ciudad Autonoma de Buenos Aires,Comuna 6,204217,34,2025,7,7259
Argentina,Ciudad Autonoma de Buenos Aires,Comuna 6,204218,34,2025,10,8066
Argentina,Ciudad Autonoma de Buenos Aires,Comuna 6,204219,34,2025,10,7952
Argentina,Ciudad Autonoma de Buenos Aires,Comuna 6,204220,34,2025,5,8895
Argentina,Ciudad Autonoma de Buenos Aires,Comuna 6,204221,34,2025,9,10409
Argentina,Ciudad Autonoma de Buenos Aires,Comuna 7,204901,34,2025,4,6665
Argentina,Ciudad Autonoma de Buenos Aires,Comuna 7,204902,34,2025,7,8593
Argentina,Ciudad Autonoma de Buenos Aires,Comuna 7,204903,34,2025,8,10871
Argentina,Ciudad Autonoma de Buenos Aires,Comuna 7,204904,34,2025,9,9795
Argentina,Ciudad Autonoma de Buenos Aires,Comuna 7,204905,34,2025,10,8999
Argentina,Ciudad Autonoma de Buenos Aires,Comuna 7,204906,34,2025,3,7524
Argentina,Ciudad Autonoma de Buenos Aires,Comuna 7,204907,34,2025,6,9257
Argentina,Ciudad Autonoma de Buenos Aires,Comuna 7,204908,34,2025,7,7685
Argentina,Ciudad Autonoma de Buenos Aires,Comuna 7,204909,34,2025,8,9705
Argentina,Ciudad Autonoma de Buenos Aires,Comuna 7,204910,34,2025,11,8735
Argentina,Ciudad Autonoma de Buenos Aires,Comuna 7,204911,34,2025,10,10501
Argentina,Ciudad Autonoma de Buenos Aires,Comuna 7,204912,34,2025,2,7467
Argentina,Ciudad Autonoma de Buenos Aires,Comuna 7,204913,34,2025,15,11414
Argentina,Ciudad Autonoma de Buenos Aires,Comuna 7,204914,34,2025,10,11132
Argentina,Ciudad Autonoma de Buenos Aires,Comuna 7,204915,34,2025,15,9647
Argentina,Ciudad Autonoma de Buenos Aires,Comuna 7,204916,34,2025,13,8094
Argentina,Ciudad Autonoma de Buenos Aires,Comuna 7,204917,34,2025,3,2971
Argentina,Ciudad Autonoma de Buenos Aires,Comuna 7,204918,34,2025,5,3398
Argentina,Ciudad Autonoma de Buenos Aires,Comuna 7,204919,34,2025,7,6454
Argentina,Ciudad Autonoma de Buenos Aires,Comuna 7,204920,34,2025,9,12736
Argentina,Ciudad Autonoma de Buenos Aires,Comuna 7,204921,34,2025,15,11351
Argentina,Ciudad Autonoma de Buenos Aires,Comuna 7,204922,34,2025,10,11303
Argentina,Ciudad Autonoma de Buenos Aires,Comuna 7,204923,34,2025,7,7839
Argentina,Ciudad Autonoma de Buenos Aires,Comuna 7,204924,34,2025,10,11126
Argentina,Ciudad Autonoma de Buenos Aires,Comuna 10,207001,35,2025,9,6651
Argentina,Ciudad Autonoma de Buenos Aires,Comuna 10,207002,35,2025,9,7094
Argentina,Ciudad Autonoma de Buenos Aires,Comuna 10,207003,35,2025,6,6682
Argentina,Ciudad Autonoma de Buenos Aires,Comuna 10,207004,35,2025,8,9342
Argentina,Ciudad Autonoma de Buenos Aires,Comuna 10,207005,35,2025,7,11787
Argentina,Ciudad Autonoma de Buenos Aires,Comuna 10,207006,35,2025,8,12408
Argentina,Ciudad Autonoma de Buenos Aires,Comuna 10,207007,35,2025,14,11630
Argentina,Ciudad Autonoma de Buenos Aires,Comuna 10,207008,35,2025,12,9038
Argentina,Ciudad Autonoma de Buenos Aires,Comuna 10,207009,35,2025,8,8752
Argentina,Ciudad Autonoma de Buenos Aires,Comuna 10,207010,35,2025,14,10398
Argentina,Ciudad Autonoma de Buenos Aires,Comuna 10,207011,35,2025,7,8554
Argentina,Ciudad Autonoma de Buenos Aires,Comuna 10,207012,35,2025,9,6677
Argentina,Ciudad Autonoma de Buenos Aires,Comuna 10,207013,35,2025,9,8285
Argentina,Ciudad Autonoma de Buenos Aires,Comuna 10,207014,35,2025,10,9092
Argentina,Ciudad Autonoma de Buenos Aires,Comuna 10,207015,35,2025,5,7248
Argentina,Ciudad Autonoma de Buenos Aires,Comuna 10,207016,35,2025,6,8724
Argentina,Ciudad Autonoma de Buenos Aires,Comuna 10,207017,35,2025,8,9635
Argentina,Ciudad Autonoma de Buenos Aires,Comuna 10,207018,35,2025,11,8682
Argentina,Ciudad Autonoma de Buenos Aires,Comuna 10,207019,35,2025,16,11217
Argentina,Ciudad Autonoma de Buenos Aires,Comuna 11,207701,35,2025,14,11069
Argentina,Ciudad Autonoma de Buenos Aires,Comuna 11,207702,35,2025,13,10205
Argentina,Ciudad Autonoma de Buenos Aires,Comuna 11,207703,35,2025,10,9103
Argentina,Ciudad Autonoma de Buenos Aires,Comuna 11,207704,35,2025,7,10387
Argentina,Ciudad Autonoma de Buenos Aires,Comuna 11,207705,35,2025,8,7955
Argentina,Ciudad Autonoma de Buenos Aires,Comuna 11,207706,35,2025,18,11455
Argentina,Ciudad Autonoma de Buenos Aires,Comuna 11,207707,35,2025,13,11428
Argentina,Ciudad Autonoma de Buenos Aires,Comuna 11,207708,35,2025,5,8072
Argentina,Ciudad Autonoma de Buenos Aires,Comuna 11,207709,35,2025,9,9257
Argentina,Ciudad Autonoma de Buenos Aires,Comuna 11,207710,35,2025,15,11259
Argentina,Ciudad Autonoma de Buenos Aires,Comuna 11,207711,35,2025,13,8065
Argentina,Ciudad Autonoma de Buenos Aires,Comuna 11,207712,35,2025,6,8059
Argentina,Ciudad Autonoma de Buenos Aires,Comuna 11,207713,35,2025,7,9254
Argentina,Ciudad Autonoma de Buenos Aires,Comuna 11,207714,35,2025,4,7270
Argentina,Ciudad Autonoma de Buenos Aires,Comuna 11,207715,35,2025,15,10022
Argentina,Ciudad Autonoma de Buenos Aires,Comuna 11,207716,35,2025,8,9462
Argentina,Ciudad Autonoma de Buenos Aires,Comuna 11,207717,35,2025,5,6323
Argentina,Ciudad Autonoma de Buenos Aires,Comuna 11,207718,35,2025,5,9010
Argentina,Ciudad Autonoma de Buenos Aires,Comuna 11,207719,35,2025,8,7194
Argentina,Ciudad Autonoma de Buenos Aires,Comuna 11,207720,35,2025,7,9079
Argentina,Ciudad Autonoma de Buenos Aires,Comuna 11,207721,35,2025,9,9075
Argentina,Ciudad Autonoma de Buenos Aires,Comuna 11,207722,35,2025,9,8902
Argentina,Ciudad Autonoma de Buenos Aires,Comuna 12,208401,35,2025,21,9341
Argentina,Ciudad Autonoma de Buenos Aires,Comuna 12,208402,35,2025,23,8793
Argentina,Ciudad Autonoma de Buenos Aires,Comuna 12,208403,35,2025,38,9271
Argentina,Ciudad Autonoma de Buenos Aires,Comuna 12,208404,35,2025,21,8702
Argentina,Ciudad Autonoma de Buenos Aires,Comuna 12,208405,35,2025,28,8415
Argentina,Ciudad Autonoma de Buenos Aires,Comuna 12,208406,35,2025,27,9143
Argentina,Ciudad Autonoma de Buenos Aires,Comuna 12,208407,35,2025,25,10293
Argentina,Ciudad Autonoma de Buenos Aires,Comuna 12,208408,35,2025,37,10510
Argentina,Ciudad Autonoma de Buenos Aires,Comuna 12,208409,35,2025,14,8365
Argentina,Ciudad Autonoma de Buenos Aires,Comuna 12,208410,35,2025,42,11926
Argentina,Ciudad Autonoma de Buenos Aires,Comuna 12,208411,35,2025,25,10276
Argentina,Ciudad Autonoma de Buenos Aires,Comuna 12,208412,35,2025,21,8291
Argentina,Ciudad Autonoma de Buenos Aires,Comuna 12,208413,35,2025,27,9891
Argentina,Ciudad Autonoma de Buenos Aires,Comuna 12,208414,35,2025,35,12202
Argentina,Ciudad Autonoma de Buenos Aires,Comuna 12,208415,35,2025,43,13785
Argentina,Ciudad Autonoma de Buenos Aires,Comuna 12,208416,35,2025,65,16395
Argentina,Ciudad Autonoma de Buenos Aires,Comuna 12,208417,35,2025,29,9935
Argentina,Ciudad Autonoma de Buenos Aires,Comuna 12,208418,35,2025,38,13227
Argentina,Ciudad Autonoma de Buenos Aires,Comuna 12,208419,35,2025,39,12268
Argentina,Ciudad Autonoma de Buenos Aires,Comuna 12,208420,35,2025,27,9926
Argentina,Ciudad Autonoma de Buenos Aires,Comuna 12,208421,35,2025,30,11426
Argentina,Ciudad Autonoma de Buenos Aires,Comuna 12,208422,35,2025,41,12983
Argentina,Ciudad Autonoma de Buenos Aires,Comuna 13,209101,35,2025,29,11656
Argentina,Ciudad Autonoma de Buenos Aires,Comuna 13,209102,35,2025,39,10984
Argentina,Ciudad Autonoma de Buenos Aires,Comuna 13,209103,35,2025,20,10868
Argentina,Ciudad Autonoma de Buenos Aires,Comuna 13,209104,35,2025,33,13113
Argentina,Ciudad Autonoma de Buenos Aires,Comuna 13,209105,35,2025,24,10421
Argentina,Ciudad Autonoma de Buenos Aires,Comuna 13,209106,35,2025,16,7917
Argentina,Ciudad Autonoma de Buenos Aires,Comuna 13,209107,35,2025,14,8294
Argentina,Ciudad Autonoma de Buenos Aires,Comuna 13,209108,35,2025,17,9153
Argentina,Ciudad Autonoma de Buenos Aires,Comuna 13,209109,35,2025,11,8207
Argentina,Ciudad Autonoma de Buenos Aires,Comuna 13,209110,35,2025,17,10807
Argentina,Ciudad Autonoma de Buenos Aires,Comuna 13,209111,35,2025,6,4808
Argentina,Ciudad Autonoma de Buenos Aires,Comuna 13,209112,35,2025,15,8591
Argentina,Ciudad Autonoma de Buenos Aires,Comuna 13,209113,35,2025,20,10772
Argentina,Ciudad Autonoma de Buenos Aires,Comuna 13,209114,35,2025,14,7311
Argentina,Ciudad Autonoma de Buenos Aires,Comuna 13,209115,35,2025,20,9651
Argentina,Ciudad Autonoma de Buenos Aires,Comuna 13,209116,35,2025,27,10427
Argentina,Ciudad Autonoma de Buenos Aires,Comuna 13,209117,35,2025,25,11221
Argentina,Ciudad Autonoma de Buenos Aires,Comuna 13,209118,35,2025,15,8113
Argentina,Ciudad Autonoma de Buenos Aires,Comuna 13,209119,35,2025,12,8504
Argentina,Ciudad Autonoma de Buenos Aires,Comuna 13,209120,35,2025,15,9333
Argentina,Ciudad Autonoma de Buenos Aires,Comuna 13,209121,35,2025,17,8521
Argentina,Ciudad Autonoma de Buenos Aires,Comuna 13,209122,35,2025,15,8416
Argentina,Ciudad Autonoma de Buenos Aires,Comuna 13,209123,35,2025,22,9675
Argentina,Ciudad Autonoma de Buenos Aires,Comuna 13,209124,35,2025,18,7611
Argentina,Ciudad Autonoma de Buenos Aires,Comuna 13,209125,35,2025,16,6503
Argentina,Ciudad Autonoma de Buenos Aires,Comuna 13,209126,35,2025,19,8070
Argentina,Ciudad Autonoma de Buenos Aires,Comuna 13,209127,35,2025,13,7860
Argentina,Ciudad Autonoma de Buenos Aires,Comuna 13,209128,35,2025,14,7714
Argentina,Ciudad Autonoma de Buenos Aires,Comuna 13,209129,35,2025,13,7809
Argentina,Ciudad Autonoma de Buenos Aires,Comuna 14,209801,35,2025,12,8008
Argentina,Ciudad Autonoma de Buenos Aires,Comuna 14,209802,35,2025,17,8651
Argentina,Ciudad Autonoma de Buenos Aires,Comuna 14,209803,35,2025,12,9921
Argentina,Ciudad Autonoma de Buenos Aires,Comuna 14,209804,35,2025,11,9128
Argentina,Ciudad Autonoma de Buenos Aires,Comuna 14,209805,35,2025,17,7958
Argentina,Ciudad Autonoma de Buenos Aires,Comuna 14,209806,35,2025,16,9397
Argentina,Ciudad Autonoma de Buenos Aires,Comuna 14,209807,35,2025,10,9307
Argentina,Ciudad Autonoma de Buenos Aires,Comuna 14,209808,35,2025,9,8700
Argentina,Ciudad Autonoma de Buenos Aires,Comuna 14,209809,35,2025,15,12492
Argentina,Ciudad Autonoma de Buenos Aires,Comuna 14,209810,35,2025,1,190
Argentina,Ciudad Autonoma de Buenos Aires,Comuna 14,209811,35,2025,14,12051
Argentina,Ciudad Autonoma de Buenos Aires,Comuna 14,209812,35,2025,6,7962
Argentina,Ciudad Autonoma de Buenos Aires,Comuna 14,209813,35,2025,6,7376
Argentina,Ciudad Autonoma de Buenos Aires,Comuna 14,209814,35,2025,14,7484
Argentina,Ciudad Autonoma de Buenos Aires,Comuna 14,209815,35,2025,18,8094
Argentina,Ciudad Autonoma de Buenos Aires,Comuna 14,209816,35,2025,4,6773
Argentina,Ciudad Autonoma de Buenos Aires,Comuna 14,209817,35,2025,12,7231
Argentina,Ciudad Autonoma de Buenos Aires,Comuna 14,209818,35,2025,7,6981
Argentina,Ciudad Autonoma de Buenos Aires,Comuna 14,209819,35,2025,11,5589
Argentina,Ciudad Autonoma de Buenos Aires,Comuna 14,209820,35,2025,12,6758
Argentina,Ciudad Autonoma de Buenos Aires,Comuna 14,209821,35,2025,15,7312
Argentina,Ciudad Autonoma de Buenos Aires,Comuna 14,209822,35,2025,17,8363
Argentina,Ciudad Autonoma de Buenos Aires,Comuna 14,209823,35,2025,14,11012
Argentina,Ciudad Autonoma de Buenos Aires,Comuna 14,209824,35,2025,13,6199
Argentina,Ciudad Autonoma de Buenos Aires,Comuna 14,209825,35,2025,8,7637
Argentina,Ciudad Autonoma de Buenos Aires,Comuna 14,209826,35,2025,13,6558
Argentina,Ciudad Autonoma de Buenos Aires,Comuna 14,209827,35,2025,7,6199
Argentina,Ciudad Autonoma de Buenos Aires,Comuna 14,209828,35,2025,12,9243
Argentina,Ciudad Autonoma de Buenos Aires,Comuna 14,209829,35,2025,13,8453
Argentina,Ciudad Autonoma de Buenos Aires,Comuna 14,209830,35,2025,10,8109
Argentina,Ciudad Autonoma de Buenos Aires,Comuna 14,209831,35,2025,7,8116
Argentina,Ciudad Autonoma de Buenos Aires,Comuna 15,210501,35,2025,13,9594
Argentina,Ciudad Autonoma de Buenos Aires,Comuna 15,210502,35,2025,12,6548
Argentina,Ciudad Autonoma de Buenos Aires,Comuna 15,210503,35,2025,14,10235
Argentina,Ciudad Autonoma de Buenos Aires,Comuna 15,210504,35,2025,16,12235
Argentina,Ciudad Autonoma de Buenos Aires,Comuna 15,210505,35,2025,15,12207
Argentina,Ciudad Autonoma de Buenos Aires,Comuna 15,210506,35,2025,7,4156
Argentina,Ciudad Autonoma de Buenos Aires,Comuna 15,210507,35,2025,24,12285
Argentina,Ciudad Autonoma de Buenos Aires,Comuna 15,210508,35,2025,16,8807
Argentina,Ciudad Autonoma de Buenos Aires,Comuna 15,210509,35,2025,9,8645
Argentina,Ciudad Autonoma de Buenos Aires,Comuna 15,210510,35,2025,16,10813
Argentina,Ciudad Autonoma de Buenos Aires,Comuna 15,210511,35,2025,20,11863
Argentina,Ciudad Autonoma de Buenos Aires,Comuna 15,210512,35,2025,13,7208
Argentina,Ciudad Autonoma de Buenos Aires,Comuna 15,210513,35,2025,17,7242
Argentina,Ciudad Autonoma de Buenos Aires,Comuna 15,210514,35,2025,16,9564
Argentina,Ciudad Autonoma de Buenos Aires,Comuna 15,210515,35,2025,18,9091
Argentina,Ciudad Autonoma de Buenos Aires,Comuna 15,210516,35,2025,12,8911
Argentina,Ciudad Autonoma de Buenos Aires,Comuna 15,210517,35,2025,15,8753
Argentina,Ciudad Autonoma de Buenos Aires,Comuna 15,210518,35,2025,9,8161
Argentina,Ciudad Autonoma de Buenos Aires,Comuna 15,210519,35,2025,8,8739
Argentina,Ciudad Autonoma de Buenos Aires,Comuna 15,210520,35,2025,15,8787
Argentina,Ciudad Autonoma de Buenos Aires,Comuna 15,210521,35,2025,17,11421
Argentina,Ciudad Autonoma de Buenos Aires,Comuna 2,201401,35,2025,4,554
Argentina,Ciudad Autonoma de Buenos Aires,Comuna 2,201402,35,2025,3,5022
Argentina,Ciudad Autonoma de Buenos Aires,Comuna 2,201403,35,2025,5,5681
Argentina,Ciudad Autonoma de Buenos Aires,Comuna 2,201404,35,2025,6,6670
Argentina,Ciudad Autonoma de Buenos Aires,Comuna 2,201405,35,2025,4,6654
Argentina,Ciudad Autonoma de Buenos Aires,Comuna 2,201406,35,2025,10,6504
Argentina,Ciudad Autonoma de Buenos Aires,Comuna 2,201407,35,2025,4,7631
Argentina,Ciudad Autonoma de Buenos Aires,Comuna 2,201408,35,2025,6,9285
Argentina,Ciudad Autonoma de Buenos Aires,Comuna 2,201409,35,2025,5,8985
Argentina,Ciudad Autonoma de Buenos Aires,Comuna 2,201410,35,2025,6,7067
Argentina,Ciudad Autonoma de Buenos Aires,Comuna 2,201411,35,2025,6,5593
Argentina,Ciudad Autonoma de Buenos Aires,Comuna 2,201412,35,2025,4,5734
Argentina,Ciudad Autonoma de Buenos Aires,Comuna 2,201413,35,2025,11,7043
Argentina,Ciudad Autonoma de Buenos Aires,Comuna 2,201414,35,2025,5,8370
Argentina,Ciudad Autonoma de Buenos Aires,Comuna 2,201415,35,2025,5,6053
Argentina,Ciudad Autonoma de Buenos Aires,Comuna 2,201416,35,2025,5,5917
Argentina,Ciudad Autonoma de Buenos Aires,Comuna 2,201417,35,2025,8,7963
Argentina,Ciudad Autonoma de Buenos Aires,Comuna 2,201418,35,2025,8,6383
Argentina,Ciudad Autonoma de Buenos Aires,Comuna 2,201419,35,2025,7,6436
Argentina,Ciudad Autonoma de Buenos Aires,Comuna 2,201420,35,2025,9,7134
Argentina,Ciudad Autonoma de Buenos Aires,Comuna 2,201421,35,2025,5,5726
Argentina,Ciudad Autonoma de Buenos Aires,Comuna 2,201422,35,2025,4,5002
Argentina,Ciudad Autonoma de Buenos Aires,Comuna 2,201423,35,2025,9,5517
Argentina,Ciudad Autonoma de Buenos Aires,Comuna 2,201424,35,2025,5,5483
Argentina,Ciudad Autonoma de Buenos Aires,Comuna 2,201425,35,2025,1,8202
Argentina,Ciudad Autonoma de Buenos Aires,Comuna 5,203501,35,2025,8,9107
Argentina,Ciudad Autonoma de Buenos Aires,Comuna 5,203502,35,2025,16,8659
Argentina,Ciudad Autonoma de Buenos Aires,Comuna 5,203503,35,2025,7,9246
Argentina,Ciudad Autonoma de Buenos Aires,Comuna 5,203504,35,2025,13,8180
Argentina,Ciudad Autonoma de Buenos Aires,Comuna 5,203505,35,2025,11,6557
Argentina,Ciudad Autonoma de Buenos Aires,Comuna 5,203506,35,2025,4,7989
Argentina,Ciudad Autonoma de Buenos Aires,Comuna 5,203507,35,2025,6,7616
Argentina,Ciudad Autonoma de Buenos Aires,Comuna 5,203508,35,2025,11,8744
Argentina,Ciudad Autonoma de Buenos Aires,Comuna 5,203509,35,2025,7,7892
Argentina,Ciudad Autonoma de Buenos Aires,Comuna 5,203510,35,2025,9,8718
Argentina,Ciudad Autonoma de Buenos Aires,Comuna 5,203511,35,2025,9,9263
Argentina,Ciudad Autonoma de Buenos Aires,Comuna 5,203512,35,2025,6,7201
Argentina,Ciudad Autonoma de Buenos Aires,Comuna 5,203513,35,2025,12,7410
Argentina,Ciudad Autonoma de Buenos Aires,Comuna 5,203514,35,2025,4,8821
Argentina,Ciudad Autonoma de Buenos Aires,Comuna 5,203515,35,2025,13,7651
Argentina,Ciudad Autonoma de Buenos Aires,Comuna 5,203516,35,2025,11,10461
Argentina,Ciudad Autonoma de Buenos Aires,Comuna 5,203517,35,2025,11,9254
Argentina,Ciudad Autonoma de Buenos Aires,Comuna 5,203518,35,2025,9,9162
Argentina,Ciudad Autonoma de Buenos Aires,Comuna 5,203519,35,2025,10,9340
Argentina,Ciudad Autonoma de Buenos Aires,Comuna 5,203520,35,2025,9,11091
Argentina,Ciudad Autonoma de Buenos Aires,Comuna 5,203521,35,2025,8,8855
Argentina,Ciudad Autonoma de Buenos Aires,Comuna 5,203522,35,2025,10,11232
Argentina,Ciudad Autonoma de Buenos Aires,Comuna 6,204201,35,2025,11,9911
Argentina,Ciudad Autonoma de Buenos Aires,Comuna 6,204202,35,2025,11,10787
Argentina,Ciudad Autonoma de Buenos Aires,Comuna 6,204203,35,2025,11,8899
Argentina,Ciudad Autonoma de Buenos Aires,Comuna 6,204204,35,2025,16,11727
Argentina,Ciudad Autonoma de Buenos Aires,Comuna 6,204205,35,2025,16,10329
Argentina,Ciudad Autonoma de Buenos Aires,Comuna 6,204206,35,2025,10,10367
Argentina,Ciudad Autonoma de Buenos Aires,Comuna 6,204207,35,2025,20,12185
Argentina,Ciudad Autonoma de Buenos Aires,Comuna 6,204208,35,2025,7,9497
Argentina,Ciudad Autonoma de Buenos Aires,Comuna 6,204209,35,2025,10,7356
Argentina,Ciudad Autonoma de Buenos Aires,Comuna 6,204210,35,2025,6,8697
Argentina,Ciudad Autonoma de Buenos Aires,Comuna 6,204211,35,2025,14,9646
Argentina,Ciudad Autonoma de Buenos Aires,Comuna 6,204212,35,2025,9,7926
Argentina,Ciudad Autonoma de Buenos Aires,Comuna 6,204213,35,2025,9,10037
Argentina,Ciudad Autonoma de Buenos Aires,Comuna 6,204214,35,2025,12,9669
Argentina,Ciudad Autonoma de Buenos Aires,Comuna 6,204215,35,2025,10,9168
Argentina,Ciudad Autonoma de Buenos Aires,Comuna 6,204216,35,2025,10,12982
Argentina,Ciudad Autonoma de Buenos Aires,Comuna 6,204217,35,2025,11,7259
Argentina,Ciudad Autonoma de Buenos Aires,Comuna 6,204218,35,2025,8,8066
Argentina,Ciudad Autonoma de Buenos Aires,Comuna 6,204219,35,2025,11,7952
Argentina,Ciudad Autonoma de Buenos Aires,Comuna 6,204220,35,2025,7,8895
Argentina,Ciudad Autonoma de Buenos Aires,Comuna 6,204221,35,2025,16,10409
Argentina,Ciudad Autonoma de Buenos Aires,Comuna 7,204901,35,2025,7,6665
Argentina,Ciudad Autonoma de Buenos Aires,Comuna 7,204902,35,2025,2,8593
Argentina,Ciudad Autonoma de Buenos Aires,Comuna 7,204903,35,2025,16,10871
Argentina,Ciudad Autonoma de Buenos Aires,Comuna 7,204904,35,2025,6,9795
Argentina,Ciudad Autonoma de Buenos Aires,Comuna 7,204905,35,2025,10,8999
Argentina,Ciudad Autonoma de Buenos Aires,Comuna 7,204906,35,2025,10,7524
Argentina,Ciudad Autonoma de Buenos Aires,Comuna 7,204907,35,2025,6,9257
Argentina,Ciudad Autonoma de Buenos Aires,Comuna 7,204908,35,2025,10,7685
Argentina,Ciudad Autonoma de Buenos Aires,Comuna 7,204909,35,2025,3,9705
Argentina,Ciudad Autonoma de Buenos Aires,Comuna 7,204910,35,2025,7,8735
Argentina,Ciudad Autonoma de Buenos Aires,Comuna 7,204911,35,2025,4,10501
Argentina,Ciudad Autonoma de Buenos Aires,Comuna 7,204912,35,2025,9,7467
Argentina,Ciudad Autonoma de Buenos Aires,Comuna 7,204913,35,2025,12,11414
Argentina,Ciudad Autonoma de Buenos Aires,Comuna 7,204914,35,2025,18,11132
Argentina,Ciudad Autonoma de Buenos Aires,Comuna 7,204915,35,2025,16,9647
Argentina,Ciudad Autonoma de Buenos Aires,Comuna 7,204916,35,2025,4,8094
Argentina,Ciudad Autonoma de Buenos Aires,Comuna 7,204917,35,2025,3,2971
Argentina,Ciudad Autonoma de Buenos Aires,Comuna 7,204918,35,2025,2,3398
Argentina,Ciudad Autonoma de Buenos Aires,Comuna 7,204919,35,2025,3,6454
Argentina,Ciudad Autonoma de Buenos Aires,Comuna 7,204920,35,2025,15,12736
Argentina,Ciudad Autonoma de Buenos Aires,Comuna 7,204921,35,2025,9,11351
Argentina,Ciudad Autonoma de Buenos Aires,Comuna 7,204922,35,2025,11,11303
Argentina,Ciudad Autonoma de Buenos Aires,Comuna 7,204923,35,2025,18,7839
Argentina,Ciudad Autonoma de Buenos Aires,Comuna 7,204924,35,2025,14,11126
Argentina,Ciudad Autonoma de Buenos Aires,Comuna 10,207001,36,2025,9,6651
Argentina,Ciudad Autonoma de Buenos Aires,Comuna 10,207002,36,2025,4,7094
Argentina,Ciudad Autonoma de Buenos Aires,Comuna 10,207003,36,2025,9,6682
Argentina,Ciudad Autonoma de Buenos Aires,Comuna 10,207004,36,2025,5,9342
Argentina,Ciudad Autonoma de Buenos Aires,Comuna 10,207005,36,2025,7,11787
Argentina,Ciudad Autonoma de Buenos Aires,Comuna 10,207006,36,2025,11,12408
Argentina,Ciudad Autonoma de Buenos Aires,Comuna 10,207007,36,2025,10,11630
Argentina,Ciudad Autonoma de Buenos Aires,Comuna 10,207008,36,2025,8,9038
Argentina,Ciudad Autonoma de Buenos Aires,Comuna 10,207009,36,2025,4,8752
Argentina,Ciudad Autonoma de Buenos Aires,Comuna 10,207010,36,2025,18,10398
Argentina,Ciudad Autonoma de Buenos Aires,Comuna 10,207011,36,2025,7,8554
Argentina,Ciudad Autonoma de Buenos Aires,Comuna 10,207012,36,2025,6,6677
Argentina,Ciudad Autonoma de Buenos Aires,Comuna 10,207013,36,2025,5,8285
Argentina,Ciudad Autonoma de Buenos Aires,Comuna 10,207014,36,2025,12,9092
Argentina,Ciudad Autonoma de Buenos Aires,Comuna 10,207015,36,2025,10,7248
Argentina,Ciudad Autonoma de Buenos Aires,Comuna 10,207016,36,2025,10,8724
Argentina,Ciudad Autonoma de Buenos Aires,Comuna 10,207017,36,2025,7,9635
Argentina,Ciudad Autonoma de Buenos Aires,Comuna 10,207018,36,2025,11,8682
Argentina,Ciudad Autonoma de Buenos Aires,Comuna 10,207019,36,2025,12,11217
Argentina,Ciudad Autonoma de Buenos Aires,Comuna 11,207701,36,2025,14,11069
Argentina,Ciudad Autonoma de Buenos Aires,Comuna 11,207702,36,2025,11,10205
Argentina,Ciudad Autonoma de Buenos Aires,Comuna 11,207703,36,2025,7,9103
Argentina,Ciudad Autonoma de Buenos Aires,Comuna 11,207704,36,2025,7,10387
Argentina,Ciudad Autonoma de Buenos Aires,Comuna 11,207705,36,2025,8,7955
Argentina,Ciudad Autonoma de Buenos Aires,Comuna 11,207706,36,2025,6,11455
Argentina,Ciudad Autonoma de Buenos Aires,Comuna 11,207707,36,2025,14,11428
Argentina,Ciudad Autonoma de Buenos Aires,Comuna 11,207708,36,2025,6,8072
Argentina,Ciudad Autonoma de Buenos Aires,Comuna 11,207709,36,2025,8,9257
Argentina,Ciudad Autonoma de Buenos Aires,Comuna 11,207710,36,2025,12,11259
Argentina,Ciudad Autonoma de Buenos Aires,Comuna 11,207711,36,2025,8,8065
Argentina,Ciudad Autonoma de Buenos Aires,Comuna 11,207712,36,2025,9,8059
Argentina,Ciudad Autonoma de Buenos Aires,Comuna 11,207713,36,2025,6,9254
Argentina,Ciudad Autonoma de Buenos Aires,Comuna 11,207714,36,2025,7,7270
Argentina,Ciudad Autonoma de Buenos Aires,Comuna 11,207715,36,2025,8,10022
Argentina,Ciudad Autonoma de Buenos Aires,Comuna 11,207716,36,2025,16,9462
Argentina,Ciudad Autonoma de Buenos Aires,Comuna 11,207717,36,2025,6,6323
Argentina,Ciudad Autonoma de Buenos Aires,Comuna 11,207718,36,2025,9,9010
Argentina,Ciudad Autonoma de Buenos Aires,Comuna 11,207719,36,2025,7,7194
Argentina,Ciudad Autonoma de Buenos Aires,Comuna 11,207720,36,2025,6,9079
Argentina,Ciudad Autonoma de Buenos Aires,Comuna 11,207721,36,2025,11,9075
Argentina,Ciudad Autonoma de Buenos Aires,Comuna 11,207722,36,2025,11,8902
Argentina,Ciudad Autonoma de Buenos Aires,Comuna 12,208401,36,2025,29,9341
Argentina,Ciudad Autonoma de Buenos Aires,Comuna 12,208402,36,2025,27,8793
Argentina,Ciudad Autonoma de Buenos Aires,Comuna 12,208403,36,2025,27,9271
Argentina,Ciudad Autonoma de Buenos Aires,Comuna 12,208404,36,2025,35,8702
Argentina,Ciudad Autonoma de Buenos Aires,Comuna 12,208405,36,2025,29,8415
Argentina,Ciudad Autonoma de Buenos Aires,Comuna 12,208406,36,2025,25,9143
Argentina,Ciudad Autonoma de Buenos Aires,Comuna 12,208407,36,2025,34,10293
Argentina,Ciudad Autonoma de Buenos Aires,Comuna 12,208408,36,2025,26,10510
Argentina,Ciudad Autonoma de Buenos Aires,Comuna 12,208409,36,2025,27,8365
Argentina,Ciudad Autonoma de Buenos Aires,Comuna 12,208410,36,2025,32,11926
Argentina,Ciudad Autonoma de Buenos Aires,Comuna 12,208411,36,2025,28,10276
Argentina,Ciudad Autonoma de Buenos Aires,Comuna 12,208412,36,2025,26,8291
Argentina,Ciudad Autonoma de Buenos Aires,Comuna 12,208413,36,2025,43,9891
Argentina,Ciudad Autonoma de Buenos Aires,Comuna 12,208414,36,2025,31,12202
Argentina,Ciudad Autonoma de Buenos Aires,Comuna 12,208415,36,2025,45,13785
Argentina,Ciudad Autonoma de Buenos Aires,Comuna 12,208416,36,2025,59,16395
Argentina,Ciudad Autonoma de Buenos Aires,Comuna 12,208417,36,2025,25,9935
Argentina,Ciudad Autonoma de Buenos Aires,Comuna 12,208418,36,2025,35,13227
Argentina,Ciudad Autonoma de Buenos Aires,Comuna 12,208419,36,2025,33,12268
Argentina,Ciudad Autonoma de Buenos Aires,Comuna 12,208420,36,2025,21,9926
Argentina,Ciudad Autonoma de Buenos Aires,Comuna 12,208421,36,2025,46,11426
Argentina,Ciudad Autonoma de Buenos Aires,Comuna 12,208422,36,2025,47,12983
Argentina,Ciudad Autonoma de Buenos Aires,Comuna 13,209101,36,2025,20,11656
Argentina,Ciudad Autonoma de Buenos Aires,Comuna 13,209102,36,2025,18,10984
Argentina,Ciudad Autonoma de Buenos Aires,Comuna 13,209103,36,2025,19,10868
Argentina,Ciudad Autonoma de Buenos Aires,Comuna 13,209104,36,2025,26,13113
Argentina,Ciudad Autonoma de Buenos Aires,Comuna 13,209105,36,2025,23,10421
Argentina,Ciudad Autonoma de Buenos Aires,Comuna 13,209106,36,2025,16,7917
Argentina,Ciudad Autonoma de Buenos Aires,Comuna 13,209107,36,2025,13,8294
Argentina,Ciudad Autonoma de Buenos Aires,Comuna 13,209108,36,2025,24,9153
Argentina,Ciudad Autonoma de Buenos Aires,Comuna 13,209109,36,2025,20,8207
Argentina,Ciudad Autonoma de Buenos Aires,Comuna 13,209110,36,2025,26,10807
Argentina,Ciudad Autonoma de Buenos Aires,Comuna 13,209111,36,2025,5,4808
Argentina,Ciudad Autonoma de Buenos Aires,Comuna 13,209112,36,2025,16,8591
Argentina,Ciudad Autonoma de Buenos Aires,Comuna 13,209113,36,2025,31,10772
Argentina,Ciudad Autonoma de Buenos Aires,Comuna 13,209114,36,2025,13,7311
Argentina,Ciudad Autonoma de Buenos Aires,Comuna 13,209115,36,2025,15,9651
Argentina,Ciudad Autonoma de Buenos Aires,Comuna 13,209116,36,2025,17,10427
Argentina,Ciudad Autonoma de Buenos Aires,Comuna 13,209117,36,2025,28,11221
Argentina,Ciudad Autonoma de Buenos Aires,Comuna 13,209118,36,2025,19,8113
Argentina,Ciudad Autonoma de Buenos Aires,Comuna 13,209119,36,2025,13,8504
Argentina,Ciudad Autonoma de Buenos Aires,Comuna 13,209120,36,2025,21,9333
Argentina,Ciudad Autonoma de Buenos Aires,Comuna 13,209121,36,2025,26,8521
Argentina,Ciudad Autonoma de Buenos Aires,Comuna 13,209122,36,2025,15,8416
Argentina,Ciudad Autonoma de Buenos Aires,Comuna 13,209123,36,2025,11,9675
Argentina,Ciudad Autonoma de Buenos Aires,Comuna 13,209124,36,2025,14,7611
Argentina,Ciudad Autonoma de Buenos Aires,Comuna 13,209125,36,2025,13,6503
Argentina,Ciudad Autonoma de Buenos Aires,Comuna 13,209126,36,2025,13,8070
Argentina,Ciudad Autonoma de Buenos Aires,Comuna 13,209127,36,2025,17,7860
Argentina,Ciudad Autonoma de Buenos Aires,Comuna 13,209128,36,2025,13,7714
Argentina,Ciudad Autonoma de Buenos Aires,Comuna 13,209129,36,2025,24,7809
Argentina,Ciudad Autonoma de Buenos Aires,Comuna 14,209801,36,2025,15,8008
Argentina,Ciudad Autonoma de Buenos Aires,Comuna 14,209802,36,2025,5,8651
Argentina,Ciudad Autonoma de Buenos Aires,Comuna 14,209803,36,2025,13,9921
Argentina,Ciudad Autonoma de Buenos Aires,Comuna 14,209804,36,2025,11,9128
Argentina,Ciudad Autonoma de Buenos Aires,Comuna 14,209805,36,2025,21,7958
Argentina,Ciudad Autonoma de Buenos Aires,Comuna 14,209806,36,2025,12,9397
Argentina,Ciudad Autonoma de Buenos Aires,Comuna 14,209807,36,2025,17,9307
Argentina,Ciudad Autonoma de Buenos Aires,Comuna 14,209808,36,2025,15,8700
Argentina,Ciudad Autonoma de Buenos Aires,Comuna 14,209809,36,2025,20,12492
Argentina,Ciudad Autonoma de Buenos Aires,Comuna 14,209810,36,2025,0,190
Argentina,Ciudad Autonoma de Buenos Aires,Comuna 14,209811,36,2025,20,12051
Argentina,Ciudad Autonoma de Buenos Aires,Comuna 14,209812,36,2025,13,7962
Argentina,Ciudad Autonoma de Buenos Aires,Comuna 14,209813,36,2025,10,7376
Argentina,Ciudad Autonoma de Buenos Aires,Comuna 14,209814,36,2025,10,7484
Argentina,Ciudad Autonoma de Buenos Aires,Comuna 14,209815,36,2025,6,8094
Argentina,Ciudad Autonoma de Buenos Aires,Comuna 14,209816,36,2025,6,6773
Argentina,Ciudad Autonoma de Buenos Aires,Comuna 14,209817,36,2025,14,7231
Argentina,Ciudad Autonoma de Buenos Aires,Comuna 14,209818,36,2025,4,6981
Argentina,Ciudad Autonoma de Buenos Aires,Comuna 14,209819,36,2025,10,5589
Argentina,Ciudad Autonoma de Buenos Aires,Comuna 14,209820,36,2025,15,6758
Argentina,Ciudad Autonoma de Buenos Aires,Comuna 14,209821,36,2025,12,7312
Argentina,Ciudad Autonoma de Buenos Aires,Comuna 14,209822,36,2025,9,8363
Argentina,Ciudad Autonoma de Buenos Aires,Comuna 14,209823,36,2025,13,11012
Argentina,Ciudad Autonoma de Buenos Aires,Comuna 14,209824,36,2025,13,6199
Argentina,Ciudad Autonoma de Buenos Aires,Comuna 14,209825,36,2025,6,7637
Argentina,Ciudad Autonoma de Buenos Aires,Comuna 14,209826,36,2025,9,6558
Argentina,Ciudad Autonoma de Buenos Aires,Comuna 14,209827,36,2025,7,6199
Argentina,Ciudad Autonoma de Buenos Aires,Comuna 14,209828,36,2025,13,9243
Argentina,Ciudad Autonoma de Buenos Aires,Comuna 14,209829,36,2025,9,8453
Argentina,Ciudad Autonoma de Buenos Aires,Comuna 14,209830,36,2025,13,8109
Argentina,Ciudad Autonoma de Buenos Aires,Comuna 14,209831,36,2025,13,8116
Argentina,Ciudad Autonoma de Buenos Aires,Comuna 15,210501,36,2025,15,9594
Argentina,Ciudad Autonoma de Buenos Aires,Comuna 15,210502,36,2025,10,6548
Argentina,Ciudad Autonoma de Buenos Aires,Comuna 15,210503,36,2025,12,10235
Argentina,Ciudad Autonoma de Buenos Aires,Comuna 15,210504,36,2025,12,12235
Argentina,Ciudad Autonoma de Buenos Aires,Comuna 15,210505,36,2025,16,12207
Argentina,Ciudad Autonoma de Buenos Aires,Comuna 15,210506,36,2025,5,4156
Argentina,Ciudad Autonoma de Buenos Aires,Comuna 15,210507,36,2025,16,12285
Argentina,Ciudad Autonoma de Buenos Aires,Comuna 15,210508,36,2025,9,8807
Argentina,Ciudad Autonoma de Buenos Aires,Comuna 15,210509,36,2025,15,8645
Argentina,Ciudad Autonoma de Buenos Aires,Comuna 15,210510,36,2025,23,10813
Argentina,Ciudad Autonoma de Buenos Aires,Comuna 15,210511,36,2025,11,11863
Argentina,Ciudad Autonoma de Buenos Aires,Comuna 15,210512,36,2025,15,7208
Argentina,Ciudad Autonoma de Buenos Aires,Comuna 15,210513,36,2025,14,7242
Argentina,Ciudad Autonoma de Buenos Aires,Comuna 15,210514,36,2025,23,9564
Argentina,Ciudad Autonoma de Buenos Aires,Comuna 15,210515,36,2025,12,9091
Argentina,Ciudad Autonoma de Buenos Aires,Comuna 15,210516,36,2025,13,8911
Argentina,Ciudad Autonoma de Buenos Aires,Comuna 15,210517,36,2025,10,8753
Argentina,Ciudad Autonoma de Buenos Aires,Comuna 15,210518,36,2025,12,8161
Argentina,Ciudad Autonoma de Buenos Aires,Comuna 15,210519,36,2025,17,8739
Argentina,Ciudad Autonoma de Buenos Aires,Comuna 15,210520,36,2025,7,8787
Argentina,Ciudad Autonoma de Buenos Aires,Comuna 15,210521,36,2025,16,11421
Argentina,Ciudad Autonoma de Buenos Aires,Comuna 2,201401,36,2025,1,554
Argentina,Ciudad Autonoma de Buenos Aires,Comuna 2,201402,36,2025,4,5022
Argentina,Ciudad Autonoma de Buenos Aires,Comuna 2,201403,36,2025,5,5681
Argentina,Ciudad Autonoma de Buenos Aires,Comuna 2,201404,36,2025,5,6670
Argentina,Ciudad Autonoma de Buenos Aires,Comuna 2,201405,36,2025,6,6654
Argentina,Ciudad Autonoma de Buenos Aires,Comuna 2,201406,36,2025,9,6504
Argentina,Ciudad Autonoma de Buenos Aires,Comuna 2,201407,36,2025,6,7631
Argentina,Ciudad Autonoma de Buenos Aires,Comuna 2,201408,36,2025,6,9285
Argentina,Ciudad Autonoma de Buenos Aires,Comuna 2,201409,36,2025,7,8985
Argentina,Ciudad Autonoma de Buenos Aires,Comuna 2,201410,36,2025,4,7067
Argentina,Ciudad Autonoma de Buenos Aires,Comuna 2,201411,36,2025,7,5593
Argentina,Ciudad Autonoma de Buenos Aires,Comuna 2,201412,36,2025,4,5734
Argentina,Ciudad Autonoma de Buenos Aires,Comuna 2,201413,36,2025,5,7043
Argentina,Ciudad Autonoma de Buenos Aires,Comuna 2,201414,36,2025,8,8370
Argentina,Ciudad Autonoma de Buenos Aires,Comuna 2,201415,36,2025,2,6053
Argentina,Ciudad Autonoma de Buenos Aires,Comuna 2,201416,36,2025,6,5917
Argentina,Ciudad Autonoma de Buenos Aires,Comuna 2,201417,36,2025,12,7963
Argentina,Ciudad Autonoma de Buenos Aires,Comuna 2,201418,36,2025,6,6383
Argentina,Ciudad Autonoma de Buenos Aires,Comuna 2,201419,36,2025,5,6436
Argentina,Ciudad Autonoma de Buenos Aires,Comuna 2,201420,36,2025,3,7134
Argentina,Ciudad Autonoma de Buenos Aires,Comuna 2,201421,36,2025,8,5726
Argentina,Ciudad Autonoma de Buenos Aires,Comuna 2,201422,36,2025,5,5002
Argentina,Ciudad Autonoma de Buenos Aires,Comuna 2,201423,36,2025,1,5517
Argentina,Ciudad Autonoma de Buenos Aires,Comuna 2,201424,36,2025,5,5483
Argentina,Ciudad Autonoma de Buenos Aires,Comuna 2,201425,36,2025,6,8202
Argentina,Ciudad Autonoma de Buenos Aires,Comuna 5,203501,36,2025,6,9107
Argentina,Ciudad Autonoma de Buenos Aires,Comuna 5,203502,36,2025,8,8659
Argentina,Ciudad Autonoma de Buenos Aires,Comuna 5,203503,36,2025,13,9246
Argentina,Ciudad Autonoma de Buenos Aires,Comuna 5,203504,36,2025,7,8180
Argentina,Ciudad Autonoma de Buenos Aires,Comuna 5,203505,36,2025,7,6557
Argentina,Ciudad Autonoma de Buenos Aires,Comuna 5,203506,36,2025,9,7989
Argentina,Ciudad Autonoma de Buenos Aires,Comuna 5,203507,36,2025,3,7616
Argentina,Ciudad Autonoma de Buenos Aires,Comuna 5,203508,36,2025,5,8744
Argentina,Ciudad Autonoma de Buenos Aires,Comuna 5,203509,36,2025,7,7892
Argentina,Ciudad Autonoma de Buenos Aires,Comuna 5,203510,36,2025,6,8718
Argentina,Ciudad Autonoma de Buenos Aires,Comuna 5,203511,36,2025,13,9263
Argentina,Ciudad Autonoma de Buenos Aires,Comuna 5,203512,36,2025,3,7201
Argentina,Ciudad Autonoma de Buenos Aires,Comuna 5,203513,36,2025,11,7410
Argentina,Ciudad Autonoma de Buenos Aires,Comuna 5,203514,36,2025,9,8821
Argentina,Ciudad Autonoma de Buenos Aires,Comuna 5,203515,36,2025,11,7651
Argentina,Ciudad Autonoma de Buenos Aires,Comuna 5,203516,36,2025,7,10461
Argentina,Ciudad Autonoma de Buenos Aires,Comuna 5,203517,36,2025,6,9254
Argentina,Ciudad Autonoma de Buenos Aires,Comuna 5,203518,36,2025,5,9162
Argentina,Ciudad Autonoma de Buenos Aires,Comuna 5,203519,36,2025,9,9340
Argentina,Ciudad Autonoma de Buenos Aires,Comuna 5,203520,36,2025,6,11091
Argentina,Ciudad Autonoma de Buenos Aires,Comuna 5,203521,36,2025,3,8855
Argentina,Ciudad Autonoma de Buenos Aires,Comuna 5,203522,36,2025,3,11232
Argentina,Ciudad Autonoma de Buenos Aires,Comuna 6,204201,36,2025,7,9911
Argentina,Ciudad Autonoma de Buenos Aires,Comuna 6,204202,36,2025,5,10787
Argentina,Ciudad Autonoma de Buenos Aires,Comuna 6,204203,36,2025,8,8899
Argentina,Ciudad Autonoma de Buenos Aires,Comuna 6,204204,36,2025,7,11727
Argentina,Ciudad Autonoma de Buenos Aires,Comuna 6,204205,36,2025,12,10329
Argentina,Ciudad Autonoma de Buenos Aires,Comuna 6,204206,36,2025,12,10367
Argentina,Ciudad Autonoma de Buenos Aires,Comuna 6,204207,36,2025,13,12185
Argentina,Ciudad Autonoma de Buenos Aires,Comuna 6,204208,36,2025,12,9497
Argentina,Ciudad Autonoma de Buenos Aires,Comuna 6,204209,36,2025,9,7356
Argentina,Ciudad Autonoma de Buenos Aires,Comuna 6,204210,36,2025,6,8697
Argentina,Ciudad Autonoma de Buenos Aires,Comuna 6,204211,36,2025,6,9646
Argentina,Ciudad Autonoma de Buenos Aires,Comuna 6,204212,36,2025,6,7926
Argentina,Ciudad Autonoma de Buenos Aires,Comuna 6,204213,36,2025,17,10037
Argentina,Ciudad Autonoma de Buenos Aires,Comuna 6,204214,36,2025,5,9669
Argentina,Ciudad Autonoma de Buenos Aires,Comuna 6,204215,36,2025,15,9168
Argentina,Ciudad Autonoma de Buenos Aires,Comuna 6,204216,36,2025,11,12982
Argentina,Ciudad Autonoma de Buenos Aires,Comuna 6,204217,36,2025,6,7259
Argentina,Ciudad Autonoma de Buenos Aires,Comuna 6,204218,36,2025,8,8066
Argentina,Ciudad Autonoma de Buenos Aires,Comuna 6,204219,36,2025,10,7952
Argentina,Ciudad Autonoma de Buenos Aires,Comuna 6,204220,36,2025,10,8895
Argentina,Ciudad Autonoma de Buenos Aires,Comuna 6,204221,36,2025,7,10409
Argentina,Ciudad Autonoma de Buenos Aires,Comuna 7,204901,36,2025,5,6665
Argentina,Ciudad Autonoma de Buenos Aires,Comuna 7,204902,36,2025,9,8593
Argentina,Ciudad Autonoma de Buenos Aires,Comuna 7,204903,36,2025,12,10871
Argentina,Ciudad Autonoma de Buenos Aires,Comuna 7,204904,36,2025,12,9795
Argentina,Ciudad Autonoma de Buenos Aires,Comuna 7,204905,36,2025,6,8999
Argentina,Ciudad Autonoma de Buenos Aires,Comuna 7,204906,36,2025,6,7524
Argentina,Ciudad Autonoma de Buenos Aires,Comuna 7,204907,36,2025,9,9257
Argentina,Ciudad Autonoma de Buenos Aires,Comuna 7,204908,36,2025,11,7685
Argentina,Ciudad Autonoma de Buenos Aires,Comuna 7,204909,36,2025,8,9705
Argentina,Ciudad Autonoma de Buenos Aires,Comuna 7,204910,36,2025,13,8735
Argentina,Ciudad Autonoma de Buenos Aires,Comuna 7,204911,36,2025,9,10501
Argentina,Ciudad Autonoma de Buenos Aires,Comuna 7,204912,36,2025,7,7467
Argentina,Ciudad Autonoma de Buenos Aires,Comuna 7,204913,36,2025,12,11414
Argentina,Ciudad Autonoma de Buenos Aires,Comuna 7,204914,36,2025,5,11132
Argentina,Ciudad Autonoma de Buenos Aires,Comuna 7,204915,36,2025,5,9647
Argentina,Ciudad Autonoma de Buenos Aires,Comuna 7,204916,36,2025,10,8094
Argentina,Ciudad Autonoma de Buenos Aires,Comuna 7,204917,36,2025,3,2971
Argentina,Ciudad Autonoma de Buenos Aires,Comuna 7,204918,36,2025,4,3398
Argentina,Ciudad Autonoma de Buenos Aires,Comuna 7,204919,36,2025,5,6454
Argentina,Ciudad Autonoma de Buenos Aires,Comuna 7,204920,36,2025,10,12736
Argentina,Ciudad Autonoma de Buenos Aires,Comuna 7,204921,36,2025,12,11351
Argentina,Ciudad Autonoma de Buenos Aires,Comuna 7,204922,36,2025,19,11303
Argentina,Ciudad Autonoma de Buenos Aires,Comuna 7,204923,36,2025,7,7839
Argentina,Ciudad Autonoma de Buenos Aires,Comuna 7,204924,36,2025,15,11126
Argentina,Ciudad Autonoma de Buenos Aires,Comuna 10,207001,37,2025,4,6651
Argentina,Ciudad Autonoma de Buenos Aires,Comuna 10,207002,37,2025,4,7094
Argentina,Ciudad Autonoma de Buenos Aires,Comuna 10,207003,37,2025,6,6682
Argentina,Ciudad Autonoma de Buenos Aires,Comuna 10,207004,37,2025,8,9342
Argentina,Ciudad Autonoma de Buenos Aires,Comuna 10,207005,37,2025,13,11787
Argentina,Ciudad Autonoma de Buenos Aires,Comuna 10,207006,37,2025,7,12408
Argentina,Ciudad Autonoma de Buenos Aires,Comuna 10,207007,37,2025,12,11630
Argentina,Ciudad Autonoma de Buenos Aires,Comuna 10,207008,37,2025,9,9038
Argentina,Ciudad Autonoma de Buenos Aires,Comuna 10,207009,37,2025,10,8752
Argentina,Ciudad Autonoma de Buenos Aires,Comuna 10,207010,37,2025,8,10398
Argentina,Ciudad Autonoma de Buenos Aires,Comuna 10,207011,37,2025,7,8554
Argentina,Ciudad Autonoma de Buenos Aires,Comuna 10,207012,37,2025,8,6677
Argentina,Ciudad Autonoma de Buenos Aires,Comuna 10,207013,37,2025,8,8285
Argentina,Ciudad Autonoma de Buenos Aires,Comuna 10,207014,37,2025,9,9092
Argentina,Ciudad Autonoma de Buenos Aires,Comuna 10,207015,37,2025,6,7248
Argentina,Ciudad Autonoma de Buenos Aires,Comuna 10,207016,37,2025,10,8724
Argentina,Ciudad Autonoma de Buenos Aires,Comuna 10,207017,37,2025,10,9635
Argentina,Ciudad Autonoma de Buenos Aires,Comuna 10,207018,37,2025,14,8682
Argentina,Ciudad Autonoma de Buenos Aires,Comuna 10,207019,37,2025,12,11217
Argentina,Ciudad Autonoma de Buenos Aires,Comuna 11,207701,37,2025,11,11069
Argentina,Ciudad Autonoma de Buenos Aires,Comuna 11,207702,37,2025,7,10205
Argentina,Ciudad Autonoma de Buenos Aires,Comuna 11,207703,37,2025,5,9103
Argentina,Ciudad Autonoma de Buenos Aires,Comuna 11,207704,37,2025,10,10387
Argentina,Ciudad Autonoma de Buenos Aires,Comuna 11,207705,37,2025,3,7955
Argentina,Ciudad Autonoma de Buenos Aires,Comuna 11,207706,37,2025,9,11455
Argentina,Ciudad Autonoma de Buenos Aires,Comuna 11,207707,37,2025,14,11428
Argentina,Ciudad Autonoma de Buenos Aires,Comuna 11,207708,37,2025,7,8072
Argentina,Ciudad Autonoma de Buenos Aires,Comuna 11,207709,37,2025,9,9257
Argentina,Ciudad Autonoma de Buenos Aires,Comuna 11,207710,37,2025,3,11259
Argentina,Ciudad Autonoma de Buenos Aires,Comuna 11,207711,37,2025,11,8065
Argentina,Ciudad Autonoma de Buenos Aires,Comuna 11,207712,37,2025,9,8059
Argentina,Ciudad Autonoma de Buenos Aires,Comuna 11,207713,37,2025,8,9254
Argentina,Ciudad Autonoma de Buenos Aires,Comuna 11,207714,37,2025,9,7270
Argentina,Ciudad Autonoma de Buenos Aires,Comuna 11,207715,37,2025,9,10022
Argentina,Ciudad Autonoma de Buenos Aires,Comuna 11,207716,37,2025,7,9462
Argentina,Ciudad Autonoma de Buenos Aires,Comuna 11,207717,37,2025,6,6323
Argentina,Ciudad Autonoma de Buenos Aires,Comuna 11,207718,37,2025,5,9010
Argentina,Ciudad Autonoma de Buenos Aires,Comuna 11,207719,37,2025,7,7194
Argentina,Ciudad Autonoma de Buenos Aires,Comuna 11,207720,37,2025,5,9079
Argentina,Ciudad Autonoma de Buenos Aires,Comuna 11,207721,37,2025,13,9075
Argentina,Ciudad Autonoma de Buenos Aires,Comuna 11,207722,37,2025,6,8902
Argentina,Ciudad Autonoma de Buenos Aires,Comuna 12,208401,37,2025,24,9341
Argentina,Ciudad Autonoma de Buenos Aires,Comuna 12,208402,37,2025,25,8793
Argentina,Ciudad Autonoma de Buenos Aires,Comuna 12,208403,37,2025,37,9271
Argentina,Ciudad Autonoma de Buenos Aires,Comuna 12,208404,37,2025,31,8702
Argentina,Ciudad Autonoma de Buenos Aires,Comuna 12,208405,37,2025,22,8415
Argentina,Ciudad Autonoma de Buenos Aires,Comuna 12,208406,37,2025,30,9143
Argentina,Ciudad Autonoma de Buenos Aires,Comuna 12,208407,37,2025,39,10293
Argentina,Ciudad Autonoma de Buenos Aires,Comuna 12,208408,37,2025,24,10510
Argentina,Ciudad Autonoma de Buenos Aires,Comuna 12,208409,37,2025,21,8365
Argentina,Ciudad Autonoma de Buenos Aires,Comuna 12,208410,37,2025,35,11926
Argentina,Ciudad Autonoma de Buenos Aires,Comuna 12,208411,37,2025,25,10276
Argentina,Ciudad Autonoma de Buenos Aires,Comuna 12,208412,37,2025,21,8291
Argentina,Ciudad Autonoma de Buenos Aires,Comuna 12,208413,37,2025,34,9891
Argentina,Ciudad Autonoma de Buenos Aires,Comuna 12,208414,37,2025,39,12202
Argentina,Ciudad Autonoma de Buenos Aires,Comuna 12,208415,37,2025,37,13785
Argentina,Ciudad Autonoma de Buenos Aires,Comuna 12,208416,37,2025,46,16395
Argentina,Ciudad Autonoma de Buenos Aires,Comuna 12,208417,37,2025,24,9935
Argentina,Ciudad Autonoma de Buenos Aires,Comuna 12,208418,37,2025,46,13227
Argentina,Ciudad Autonoma de Buenos Aires,Comuna 12,208419,37,2025,39,12268
Argentina,Ciudad Autonoma de Buenos Aires,Comuna 12,208420,37,2025,30,9926
Argentina,Ciudad Autonoma de Buenos Aires,Comuna 12,208421,37,2025,40,11426
Argentina,Ciudad Autonoma de Buenos Aires,Comuna 12,208422,37,2025,49,12983
Argentina,Ciudad Autonoma de Buenos Aires,Comuna 13,209101,37,2025,18,11656
Argentina,Ciudad Autonoma de Buenos Aires,Comuna 13,209102,37,2025,29,10984
Argentina,Ciudad Autonoma de Buenos Aires,Comuna 13,209103,37,2025,25,10868
Argentina,Ciudad Autonoma de Buenos Aires,Comuna 13,209104,37,2025,25,13113
Argentina,Ciudad Autonoma de Buenos Aires,Comuna 13,209105,37,2025,20,10421
Argentina,Ciudad Autonoma de Buenos Aires,Comuna 13,209106,37,2025,14,7917
Argentina,Ciudad Autonoma de Buenos Aires,Comuna 13,209107,37,2025,13,8294
Argentina,Ciudad Autonoma de Buenos Aires,Comuna 13,209108,37,2025,17,9153
Argentina,Ciudad Autonoma de Buenos Aires,Comuna 13,209109,37,2025,12,8207
Argentina,Ciudad Autonoma de Buenos Aires,Comuna 13,209110,37,2025,14,10807
Argentina,Ciudad Autonoma de Buenos Aires,Comuna 13,209111,37,2025,19,4808
Argentina,Ciudad Autonoma de Buenos Aires,Comuna 13,209112,37,2025,22,8591
Argentina,Ciudad Autonoma de Buenos Aires,Comuna 13,209113,37,2025,27,10772
Argentina,Ciudad Autonoma de Buenos Aires,Comuna 13,209114,37,2025,15,7311
Argentina,Ciudad Autonoma de Buenos Aires,Comuna 13,209115,37,2025,19,9651
Argentina,Ciudad Autonoma de Buenos Aires,Comuna 13,209116,37,2025,15,10427
Argentina,Ciudad Autonoma de Buenos Aires,Comuna 13,209117,37,2025,28,11221
Argentina,Ciudad Autonoma de Buenos Aires,Comuna 13,209118,37,2025,14,8113
Argentina,Ciudad Autonoma de Buenos Aires,Comuna 13,209119,37,2025,22,8504
Argentina,Ciudad Autonoma de Buenos Aires,Comuna 13,209120,37,2025,17,9333
Argentina,Ciudad Autonoma de Buenos Aires,Comuna 13,209121,37,2025,18,8521
Argentina,Ciudad Autonoma de Buenos Aires,Comuna 13,209122,37,2025,26,8416
Argentina,Ciudad Autonoma de Buenos Aires,Comuna 13,209123,37,2025,16,9675
Argentina,Ciudad Autonoma de Buenos Aires,Comuna 13,209124,37,2025,15,7611
Argentina,Ciudad Autonoma de Buenos Aires,Comuna 13,209125,37,2025,16,6503
Argentina,Ciudad Autonoma de Buenos Aires,Comuna 13,209126,37,2025,21,8070
Argentina,Ciudad Autonoma de Buenos Aires,Comuna 13,209127,37,2025,13,7860
Argentina,Ciudad Autonoma de Buenos Aires,Comuna 13,209128,37,2025,18,7714
Argentina,Ciudad Autonoma de Buenos Aires,Comuna 13,209129,37,2025,14,7809
Argentina,Ciudad Autonoma de Buenos Aires,Comuna 14,209801,37,2025,11,8008
Argentina,Ciudad Autonoma de Buenos Aires,Comuna 14,209802,37,2025,11,8651
Argentina,Ciudad Autonoma de Buenos Aires,Comuna 14,209803,37,2025,10,9921
Argentina,Ciudad Autonoma de Buenos Aires,Comuna 14,209804,37,2025,11,9128
Argentina,Ciudad Autonoma de Buenos Aires,Comuna 14,209805,37,2025,9,7958
Argentina,Ciudad Autonoma de Buenos Aires,Comuna 14,209806,37,2025,14,9397
Argentina,Ciudad Autonoma de Buenos Aires,Comuna 14,209807,37,2025,18,9307
Argentina,Ciudad Autonoma de Buenos Aires,Comuna 14,209808,37,2025,15,8700
Argentina,Ciudad Autonoma de Buenos Aires,Comuna 14,209809,37,2025,29,12492
Argentina,Ciudad Autonoma de Buenos Aires,Comuna 14,209810,37,2025,2,190
Argentina,Ciudad Autonoma de Buenos Aires,Comuna 14,209811,37,2025,27,12051
Argentina,Ciudad Autonoma de Buenos Aires,Comuna 14,209812,37,2025,13,7962
Argentina,Ciudad Autonoma de Buenos Aires,Comuna 14,209813,37,2025,13,7376
Argentina,Ciudad Autonoma de Buenos Aires,Comuna 14,209814,37,2025,16,7484
Argentina,Ciudad Autonoma de Buenos Aires,Comuna 14,209815,37,2025,9,8094
Argentina,Ciudad Autonoma de Buenos Aires,Comuna 14,209816,37,2025,12,6773
Argentina,Ciudad Autonoma de Buenos Aires,Comuna 14,209817,37,2025,19,7231
Argentina,Ciudad Autonoma de Buenos Aires,Comuna 14,209818,37,2025,8,6981
Argentina,Ciudad Autonoma de Buenos Aires,Comuna 14,209819,37,2025,6,5589
Argentina,Ciudad Autonoma de Buenos Aires,Comuna 14,209820,37,2025,18,6758
Argentina,Ciudad Autonoma de Buenos Aires,Comuna 14,209821,37,2025,8,7312
Argentina,Ciudad Autonoma de Buenos Aires,Comuna 14,209822,37,2025,14,8363
Argentina,Ciudad Autonoma de Buenos Aires,Comuna 14,209823,37,2025,25,11012
Argentina,Ciudad Autonoma de Buenos Aires,Comuna 14,209824,37,2025,5,6199
Argentina,Ciudad Autonoma de Buenos Aires,Comuna 14,209825,37,2025,12,7637
Argentina,Ciudad Autonoma de Buenos Aires,Comuna 14,209826,37,2025,12,6558
Argentina,Ciudad Autonoma de Buenos Aires,Comuna 14,209827,37,2025,10,6199
Argentina,Ciudad Autonoma de Buenos Aires,Comuna 14,209828,37,2025,7,9243
Argentina,Ciudad Autonoma de Buenos Aires,Comuna 14,209829,37,2025,12,8453
Argentina,Ciudad Autonoma de Buenos Aires,Comuna 14,209830,37,2025,14,8109
Argentina,Ciudad Autonoma de Buenos Aires,Comuna 14,209831,37,2025,14,8116
Argentina,Ciudad Autonoma de Buenos Aires,Comuna 15,210501,37,2025,26,9594
Argentina,Ciudad Autonoma de Buenos Aires,Comuna 15,210502,37,2025,9,6548
Argentina,Ciudad Autonoma de Buenos Aires,Comuna 15,210503,37,2025,18,10235
Argentina,Ciudad Autonoma de Buenos Aires,Comuna 15,210504,37,2025,16,12235
Argentina,Ciudad Autonoma de Buenos Aires,Comuna 15,210505,37,2025,25,12207
Argentina,Ciudad Autonoma de Buenos Aires,Comuna 15,210506,37,2025,4,4156
Argentina,Ciudad Autonoma de Buenos Aires,Comuna 15,210507,37,2025,17,12285
Argentina,Ciudad Autonoma de Buenos Aires,Comuna 15,210508,37,2025,11,8807
Argentina,Ciudad Autonoma de Buenos Aires,Comuna 15,210509,37,2025,15,8645
Argentina,Ciudad Autonoma de Buenos Aires,Comuna 15,210510,37,2025,15,10813
Argentina,Ciudad Autonoma de Buenos Aires,Comuna 15,210511,37,2025,15,11863
Argentina,Ciudad Autonoma de Buenos Aires,Comuna 15,210512,37,2025,10,7208
Argentina,Ciudad Autonoma de Buenos Aires,Comuna 15,210513,37,2025,8,7242
Argentina,Ciudad Autonoma de Buenos Aires,Comuna 15,210514,37,2025,13,9564
Argentina,Ciudad Autonoma de Buenos Aires,Comuna 15,210515,37,2025,18,9091
Argentina,Ciudad Autonoma de Buenos Aires,Comuna 15,210516,37,2025,11,8911
Argentina,Ciudad Autonoma de Buenos Aires,Comuna 15,210517,37,2025,9,8753
Argentina,Ciudad Autonoma de Buenos Aires,Comuna 15,210518,37,2025,13,8161
Argentina,Ciudad Autonoma de Buenos Aires,Comuna 15,210519,37,2025,9,8739
Argentina,Ciudad Autonoma de Buenos Aires,Comuna 15,210520,37,2025,14,8787
Argentina,Ciudad Autonoma de Buenos Aires,Comuna 15,210521,37,2025,14,11421
Argentina,Ciudad Autonoma de Buenos Aires,Comuna 2,201401,37,2025,0,554
Argentina,Ciudad Autonoma de Buenos Aires,Comuna 2,201402,37,2025,6,5022
Argentina,Ciudad Autonoma de Buenos Aires,Comuna 2,201403,37,2025,5,5681
Argentina,Ciudad Autonoma de Buenos Aires,Comuna 2,201404,37,2025,6,6670
Argentina,Ciudad Autonoma de Buenos Aires,Comuna 2,201405,37,2025,8,6654
Argentina,Ciudad Autonoma de Buenos Aires,Comuna 2,201406,37,2025,4,6504
Argentina,Ciudad Autonoma de Buenos Aires,Comuna 2,201407,37,2025,9,7631
Argentina,Ciudad Autonoma de Buenos Aires,Comuna 2,201408,37,2025,5,9285
Argentina,Ciudad Autonoma de Buenos Aires,Comuna 2,201409,37,2025,7,8985
Argentina,Ciudad Autonoma de Buenos Aires,Comuna 2,201410,37,2025,4,7067
Argentina,Ciudad Autonoma de Buenos Aires,Comuna 2,201411,37,2025,5,5593
Argentina,Ciudad Autonoma de Buenos Aires,Comuna 2,201412,37,2025,6,5734
Argentina,Ciudad Autonoma de Buenos Aires,Comuna 2,201413,37,2025,4,7043
Argentina,Ciudad Autonoma de Buenos Aires,Comuna 2,201414,37,2025,5,8370
Argentina,Ciudad Autonoma de Buenos Aires,Comuna 2,201415,37,2025,3,6053
Argentina,Ciudad Autonoma de Buenos Aires,Comuna 2,201416,37,2025,5,5917
Argentina,Ciudad Autonoma de Buenos Aires,Comuna 2,201417,37,2025,5,7963
Argentina,Ciudad Autonoma de Buenos Aires,Comuna 2,201418,37,2025,5,6383
Argentina,Ciudad Autonoma de Buenos Aires,Comuna 2,201419,37,2025,8,6436
Argentina,Ciudad Autonoma de Buenos Aires,Comuna 2,201420,37,2025,6,7134
Argentina,Ciudad Autonoma de Buenos Aires,Comuna 2,201421,37,2025,7,5726
Argentina,Ciudad Autonoma de Buenos Aires,Comuna 2,201422,37,2025,5,5002
Argentina,Ciudad Autonoma de Buenos Aires,Comuna 2,201423,37,2025,4,5517
Argentina,Ciudad Autonoma de Buenos Aires,Comuna 2,201424,37,2025,8,5483
Argentina,Ciudad Autonoma de Buenos Aires,Comuna 2,201425,37,2025,6,8202
Argentina,Ciudad Autonoma de Buenos Aires,Comuna 5,203501,37,2025,5,9107
Argentina,Ciudad Autonoma de Buenos Aires,Comuna 5,203502,37,2025,9,8659
Argentina,Ciudad Autonoma de Buenos Aires,Comuna 5,203503,37,2025,4,9246
Argentina,Ciudad Autonoma de Buenos Aires,Comuna 5,203504,37,2025,5,8180
Argentina,Ciudad Autonoma de Buenos Aires,Comuna 5,203505,37,2025,5,6557
Argentina,Ciudad Autonoma de Buenos Aires,Comuna 5,203506,37,2025,12,7989
Argentina,Ciudad Autonoma de Buenos Aires,Comuna 5,203507,37,2025,7,7616
Argentina,Ciudad Autonoma de Buenos Aires,Comuna 5,203508,37,2025,10,8744
Argentina,Ciudad Autonoma de Buenos Aires,Comuna 5,203509,37,2025,11,7892
Argentina,Ciudad Autonoma de Buenos Aires,Comuna 5,203510,37,2025,13,8718
Argentina,Ciudad Autonoma de Buenos Aires,Comuna 5,203511,37,2025,10,9263
Argentina,Ciudad Autonoma de Buenos Aires,Comuna 5,203512,37,2025,7,7201
Argentina,Ciudad Autonoma de Buenos Aires,Comuna 5,203513,37,2025,5,7410
Argentina,Ciudad Autonoma de Buenos Aires,Comuna 5,203514,37,2025,16,8821
Argentina,Ciudad Autonoma de Buenos Aires,Comuna 5,203515,37,2025,6,7651
Argentina,Ciudad Autonoma de Buenos Aires,Comuna 5,203516,37,2025,7,10461
Argentina,Ciudad Autonoma de Buenos Aires,Comuna 5,203517,37,2025,11,9254
Argentina,Ciudad Autonoma de Buenos Aires,Comuna 5,203518,37,2025,8,9162
Argentina,Ciudad Autonoma de Buenos Aires,Comuna 5,203519,37,2025,16,9340
Argentina,Ciudad Autonoma de Buenos Aires,Comuna 5,203520,37,2025,9,11091
Argentina,Ciudad Autonoma de Buenos Aires,Comuna 5,203521,37,2025,3,8855
Argentina,Ciudad Autonoma de Buenos Aires,Comuna 5,203522,37,2025,7,11232
Argentina,Ciudad Autonoma de Buenos Aires,Comuna 6,204201,37,2025,11,9911
Argentina,Ciudad Autonoma de Buenos Aires,Comuna 6,204202,37,2025,16,10787
Argentina,Ciudad Autonoma de Buenos Aires,Comuna 6,204203,37,2025,4,8899
Argentina,Ciudad Autonoma de Buenos Aires,Comuna 6,204204,37,2025,22,11727
Argentina,Ciudad Autonoma de Buenos Aires,Comuna 6,204205,37,2025,6,10329
Argentina,Ciudad Autonoma de Buenos Aires,Comuna 6,204206,37,2025,11,10367
Argentina,Ciudad Autonoma de Buenos Aires,Comuna 6,204207,37,2025,13,12185
Argentina,Ciudad Autonoma de Buenos Aires,Comuna 6,204208,37,2025,9,9497
Argentina,Ciudad Autonoma de Buenos Aires,Comuna 6,204209,37,2025,2,7356
Argentina,Ciudad Autonoma de Buenos Aires,Comuna 6,204210,37,2025,8,8697
Argentina,Ciudad Autonoma de Buenos Aires,Comuna 6,204211,37,2025,4,9646
Argentina,Ciudad Autonoma de Buenos Aires,Comuna 6,204212,37,2025,10,7926
Argentina,Ciudad Autonoma de Buenos Aires,Comuna 6,204213,37,2025,9,10037
Argentina,Ciudad Autonoma de Buenos Aires,Comuna 6,204214,37,2025,10,9669
Argentina,Ciudad Autonoma de Buenos Aires,Comuna 6,204215,37,2025,7,9168
Argentina,Ciudad Autonoma de Buenos Aires,Comuna 6,204216,37,2025,8,12982
Argentina,Ciudad Autonoma de Buenos Aires,Comuna 6,204217,37,2025,4,7259
Argentina,Ciudad Autonoma de Buenos Aires,Comuna 6,204218,37,2025,8,8066
Argentina,Ciudad Autonoma de Buenos Aires,Comuna 6,204219,37,2025,6,7952
Argentina,Ciudad Autonoma de Buenos Aires,Comuna 6,204220,37,2025,17,8895
Argentina,Ciudad Autonoma de Buenos Aires,Comuna 6,204221,37,2025,13,10409
Argentina,Ciudad Autonoma de Buenos Aires,Comuna 7,204901,37,2025,10,6665
Argentina,Ciudad Autonoma de Buenos Aires,Comuna 7,204902,37,2025,7,8593
Argentina,Ciudad Autonoma de Buenos Aires,Comuna 7,204903,37,2025,14,10871
Argentina,Ciudad Autonoma de Buenos Aires,Comuna 7,204904,37,2025,9,9795
Argentina,Ciudad Autonoma de Buenos Aires,Comuna 7,204905,37,2025,9,8999
Argentina,Ciudad Autonoma de Buenos Aires,Comuna 7,204906,37,2025,3,7524
Argentina,Ciudad Autonoma de Buenos Aires,Comuna 7,204907,37,2025,12,9257
Argentina,Ciudad Autonoma de Buenos Aires,Comuna 7,204908,37,2025,4,7685
Argentina,Ciudad Autonoma de Buenos Aires,Comuna 7,204909,37,2025,3,9705
Argentina,Ciudad Autonoma de Buenos Aires,Comuna 7,204910,37,2025,9,8735
Argentina,Ciudad Autonoma de Buenos Aires,Comuna 7,204911,37,2025,10,10501
Argentina,Ciudad Autonoma de Buenos Aires,Comuna 7,204912,37,2025,4,7467
Argentina,Ciudad Autonoma de Buenos Aires,Comuna 7,204913,37,2025,13,11414
Argentina,Ciudad Autonoma de Buenos Aires,Comuna 7,204914,37,2025,8,11132
Argentina,Ciudad Autonoma de Buenos Aires,Comuna 7,204915,37,2025,9,9647
Argentina,Ciudad Autonoma de Buenos Aires,Comuna 7,204916,37,2025,4,8094
Argentina,Ciudad Autonoma de Buenos Aires,Comuna 7,204917,37,2025,3,2971
Argentina,Ciudad Autonoma de Buenos Aires,Comuna 7,204918,37,2025,2,3398
Argentina,Ciudad Autonoma de Buenos Aires,Comuna 7,204919,37,2025,8,6454
Argentina,Ciudad Autonoma de Buenos Aires,Comuna 7,204920,37,2025,12,12736
Argentina,Ciudad Autonoma de Buenos Aires,Comuna 7,204921,37,2025,12,11351
Argentina,Ciudad Autonoma de Buenos Aires,Comuna 7,204922,37,2025,11,11303
Argentina,Ciudad Autonoma de Buenos Aires,Comuna 7,204923,37,2025,7,7839
Argentina,Ciudad Autonoma de Buenos Aires,Comuna 7,204924,37,2025,10,11126
Argentina,Ciudad Autonoma de Buenos Aires,Comuna 10,207001,38,2025,4,6651
Argentina,Ciudad Autonoma de Buenos Aires,Comuna 10,207002,38,2025,5,7094
Argentina,Ciudad Autonoma de Buenos Aires,Comuna 10,207003,38,2025,6,6682
Argentina,Ciudad Autonoma de Buenos Aires,Comuna 10,207004,38,2025,9,9342
Argentina,Ciudad Autonoma de Buenos Aires,Comuna 10,207005,38,2025,16,11787
Argentina,Ciudad Autonoma de Buenos Aires,Comuna 10,207006,38,2025,16,12408
Argentina,Ciudad Autonoma de Buenos Aires,Comuna 10,207007,38,2025,10,11630
Argentina,Ciudad Autonoma de Buenos Aires,Comuna 10,207008,38,2025,9,9038
Argentina,Ciudad Autonoma de Buenos Aires,Comuna 10,207009,38,2025,12,8752
Argentina,Ciudad Autonoma de Buenos Aires,Comuna 10,207010,38,2025,16,10398
Argentina,Ciudad Autonoma de Buenos Aires,Comuna 10,207011,38,2025,8,8554
Argentina,Ciudad Autonoma de Buenos Aires,Comuna 10,207012,38,2025,6,6677
Argentina,Ciudad Autonoma de Buenos Aires,Comuna 10,207013,38,2025,5,8285
Argentina,Ciudad Autonoma de Buenos Aires,Comuna 10,207014,38,2025,7,9092
Argentina,Ciudad Autonoma de Buenos Aires,Comuna 10,207015,38,2025,3,7248
Argentina,Ciudad Autonoma de Buenos Aires,Comuna 10,207016,38,2025,2,8724
Argentina,Ciudad Autonoma de Buenos Aires,Comuna 10,207017,38,2025,5,9635
Argentina,Ciudad Autonoma de Buenos Aires,Comuna 10,207018,38,2025,12,8682
Argentina,Ciudad Autonoma de Buenos Aires,Comuna 10,207019,38,2025,4,11217
Argentina,Ciudad Autonoma de Buenos Aires,Comuna 11,207701,38,2025,9,11069
Argentina,Ciudad Autonoma de Buenos Aires,Comuna 11,207702,38,2025,8,10205
Argentina,Ciudad Autonoma de Buenos Aires,Comuna 11,207703,38,2025,8,9103
Argentina,Ciudad Autonoma de Buenos Aires,Comuna 11,207704,38,2025,14,10387
Argentina,Ciudad Autonoma de Buenos Aires,Comuna 11,207705,38,2025,4,7955
Argentina,Ciudad Autonoma de Buenos Aires,Comuna 11,207706,38,2025,9,11455
Argentina,Ciudad Autonoma de Buenos Aires,Comuna 11,207707,38,2025,9,11428
Argentina,Ciudad Autonoma de Buenos Aires,Comuna 11,207708,38,2025,10,8072
Argentina,Ciudad Autonoma de Buenos Aires,Comuna 11,207709,38,2025,7,9257
Argentina,Ciudad Autonoma de Buenos Aires,Comuna 11,207710,38,2025,11,11259
Argentina,Ciudad Autonoma de Buenos Aires,Comuna 11,207711,38,2025,6,8065
Argentina,Ciudad Autonoma de Buenos Aires,Comuna 11,207712,38,2025,3,8059
Argentina,Ciudad Autonoma de Buenos Aires,Comuna 11,207713,38,2025,14,9254
Argentina,Ciudad Autonoma de Buenos Aires,Comuna 11,207714,38,2025,7,7270
Argentina,Ciudad Autonoma de Buenos Aires,Comuna 11,207715,38,2025,10,10022
Argentina,Ciudad Autonoma de Buenos Aires,Comuna 11,207716,38,2025,10,9462
Argentina,Ciudad Autonoma de Buenos Aires,Comuna 11,207717,38,2025,8,6323
Argentina,Ciudad Autonoma de Buenos Aires,Comuna 11,207718,38,2025,7,9010
Argentina,Ciudad Autonoma de Buenos Aires,Comuna 11,207719,38,2025,9,7194
Argentina,Ciudad Autonoma de Buenos Aires,Comuna 11,207720,38,2025,11,9079
Argentina,Ciudad Autonoma de Buenos Aires,Comuna 11,207721,38,2025,5,9075
Argentina,Ciudad Autonoma de Buenos Aires,Comuna 11,207722,38,2025,10,8902
Argentina,Ciudad Autonoma de Buenos Aires,Comuna 12,208401,38,2025,27,9341
Argentina,Ciudad Autonoma de Buenos Aires,Comuna 12,208402,38,2025,30,8793
Argentina,Ciudad Autonoma de Buenos Aires,Comuna 12,208403,38,2025,27,9271
Argentina,Ciudad Autonoma de Buenos Aires,Comuna 12,208404,38,2025,26,8702
Argentina,Ciudad Autonoma de Buenos Aires,Comuna 12,208405,38,2025,24,8415
Argentina,Ciudad Autonoma de Buenos Aires,Comuna 12,208406,38,2025,27,9143
Argentina,Ciudad Autonoma de Buenos Aires,Comuna 12,208407,38,2025,35,10293
Argentina,Ciudad Autonoma de Buenos Aires,Comuna 12,208408,38,2025,31,10510
Argentina,Ciudad Autonoma de Buenos Aires,Comuna 12,208409,38,2025,21,8365
Argentina,Ciudad Autonoma de Buenos Aires,Comuna 12,208410,38,2025,37,11926
Argentina,Ciudad Autonoma de Buenos Aires,Comuna 12,208411,38,2025,25,10276
Argentina,Ciudad Autonoma de Buenos Aires,Comuna 12,208412,38,2025,28,8291
Argentina,Ciudad Autonoma de Buenos Aires,Comuna 12,208413,38,2025,26,9891
Argentina,Ciudad Autonoma de Buenos Aires,Comuna 12,208414,38,2025,34,12202
Argentina,Ciudad Autonoma de Buenos Aires,Comuna 12,208415,38,2025,31,13785
Argentina,Ciudad Autonoma de Buenos Aires,Comuna 12,208416,38,2025,44,16395
Argentina,Ciudad Autonoma de Buenos Aires,Comuna 12,208417,38,2025,24,9935
Argentina,Ciudad Autonoma de Buenos Aires,Comuna 12,208418,38,2025,31,13227
Argentina,Ciudad Autonoma de Buenos Aires,Comuna 12,208419,38,2025,38,12268
Argentina,Ciudad Autonoma de Buenos Aires,Comuna 12,208420,38,2025,27,9926
Argentina,Ciudad Autonoma de Buenos Aires,Comuna 12,208421,38,2025,44,11426
Argentina,Ciudad Autonoma de Buenos Aires,Comuna 12,208422,38,2025,35,12983
Argentina,Ciudad Autonoma de Buenos Aires,Comuna 13,209101,38,2025,27,11656
Argentina,Ciudad Autonoma de Buenos Aires,Comuna 13,209102,38,2025,30,10984
Argentina,Ciudad Autonoma de Buenos Aires,Comuna 13,209103,38,2025,25,10868
Argentina,Ciudad Autonoma de Buenos Aires,Comuna 13,209104,38,2025,28,13113
Argentina,Ciudad Autonoma de Buenos Aires,Comuna 13,209105,38,2025,16,10421
Argentina,Ciudad Autonoma de Buenos Aires,Comuna 13,209106,38,2025,17,7917
Argentina,Ciudad Autonoma de Buenos Aires,Comuna 13,209107,38,2025,19,8294
Argentina,Ciudad Autonoma de Buenos Aires,Comuna 13,209108,38,2025,23,9153
Argentina,Ciudad Autonoma de Buenos Aires,Comuna 13,209109,38,2025,13,8207
Argentina,Ciudad Autonoma de Buenos Aires,Comuna 13,209110,38,2025,25,10807
Argentina,Ciudad Autonoma de Buenos Aires,Comuna 13,209111,38,2025,9,4808
Argentina,Ciudad Autonoma de Buenos Aires,Comuna 13,209112,38,2025,16,8591
Argentina,Ciudad Autonoma de Buenos Aires,Comuna 13,209113,38,2025,22,10772
Argentina,Ciudad Autonoma de Buenos Aires,Comuna 13,209114,38,2025,12,7311
Argentina,Ciudad Autonoma de Buenos Aires,Comuna 13,209115,38,2025,20,9651
Argentina,Ciudad Autonoma de Buenos Aires,Comuna 13,209116,38,2025,16,10427
Argentina,Ciudad Autonoma de Buenos Aires,Comuna 13,209117,38,2025,29,11221
Argentina,Ciudad Autonoma de Buenos Aires,Comuna 13,209118,38,2025,10,8113
Argentina,Ciudad Autonoma de Buenos Aires,Comuna 13,209119,38,2025,18,8504
Argentina,Ciudad Autonoma de Buenos Aires,Comuna 13,209120,38,2025,19,9333
Argentina,Ciudad Autonoma de Buenos Aires,Comuna 13,209121,38,2025,17,8521
Argentina,Ciudad Autonoma de Buenos Aires,Comuna 13,209122,38,2025,21,8416
Argentina,Ciudad Autonoma de Buenos Aires,Comuna 13,209123,38,2025,19,9675
Argentina,Ciudad Autonoma de Buenos Aires,Comuna 13,209124,38,2025,19,7611
Argentina,Ciudad Autonoma de Buenos Aires,Comuna 13,209125,38,2025,13,6503
Argentina,Ciudad Autonoma de Buenos Aires,Comuna 13,209126,38,2025,19,8070
Argentina,Ciudad Autonoma de Buenos Aires,Comuna 13,209127,38,2025,15,7860
Argentina,Ciudad Autonoma de Buenos Aires,Comuna 13,209128,38,2025,7,7714
Argentina,Ciudad Autonoma de Buenos Aires,Comuna 13,209129,38,2025,17,7809
Argentina,Ciudad Autonoma de Buenos Aires,Comuna 14,209801,38,2025,12,8008
Argentina,Ciudad Autonoma de Buenos Aires,Comuna 14,209802,38,2025,13,8651
Argentina,Ciudad Autonoma de Buenos Aires,Comuna 14,209803,38,2025,13,9921
Argentina,Ciudad Autonoma de Buenos Aires,Comuna 14,209804,38,2025,20,9128
Argentina,Ciudad Autonoma de Buenos Aires,Comuna 14,209805,38,2025,13,7958
Argentina,Ciudad Autonoma de Buenos Aires,Comuna 14,209806,38,2025,15,9397
Argentina,Ciudad Autonoma de Buenos Aires,Comuna 14,209807,38,2025,17,9307
Argentina,Ciudad Autonoma de Buenos Aires,Comuna 14,209808,38,2025,15,8700
Argentina,Ciudad Autonoma de Buenos Aires,Comuna 14,209809,38,2025,14,12492
Argentina,Ciudad Autonoma de Buenos Aires,Comuna 14,209810,38,2025,1,190
Argentina,Ciudad Autonoma de Buenos Aires,Comuna 14,209811,38,2025,16,12051
Argentina,Ciudad Autonoma de Buenos Aires,Comuna 14,209812,38,2025,14,7962
Argentina,Ciudad Autonoma de Buenos Aires,Comuna 14,209813,38,2025,12,7376
Argentina,Ciudad Autonoma de Buenos Aires,Comuna 14,209814,38,2025,15,7484
Argentina,Ciudad Autonoma de Buenos Aires,Comuna 14,209815,38,2025,12,8094
Argentina,Ciudad Autonoma de Buenos Aires,Comuna 14,209816,38,2025,9,6773
Argentina,Ciudad Autonoma de Buenos Aires,Comuna 14,209817,38,2025,9,7231
Argentina,Ciudad Autonoma de Buenos Aires,Comuna 14,209818,38,2025,5,6981
Argentina,Ciudad Autonoma de Buenos Aires,Comuna 14,209819,38,2025,8,5589
Argentina,Ciudad Autonoma de Buenos Aires,Comuna 14,209820,38,2025,11,6758
Argentina,Ciudad Autonoma de Buenos Aires,Comuna 14,209821,38,2025,4,7312
Argentina,Ciudad Autonoma de Buenos Aires,Comuna 14,209822,38,2025,10,8363
Argentina,Ciudad Autonoma de Buenos Aires,Comuna 14,209823,38,2025,14,11012
Argentina,Ciudad Autonoma de Buenos Aires,Comuna 14,209824,38,2025,12,6199
Argentina,Ciudad Autonoma de Buenos Aires,Comuna 14,209825,38,2025,14,7637
Argentina,Ciudad Autonoma de Buenos Aires,Comuna 14,209826,38,2025,6,6558
Argentina,Ciudad Autonoma de Buenos Aires,Comuna 14,209827,38,2025,10,6199
Argentina,Ciudad Autonoma de Buenos Aires,Comuna 14,209828,38,2025,17,9243
Argentina,Ciudad Autonoma de Buenos Aires,Comuna 14,209829,38,2025,22,8453
Argentina,Ciudad Autonoma de Buenos Aires,Comuna 14,209830,38,2025,11,8109
Argentina,Ciudad Autonoma de Buenos Aires,Comuna 14,209831,38,2025,9,8116
Argentina,Ciudad Autonoma de Buenos Aires,Comuna 15,210501,38,2025,13,9594
Argentina,Ciudad Autonoma de Buenos Aires,Comuna 15,210502,38,2025,9,6548
Argentina,Ciudad Autonoma de Buenos Aires,Comuna 15,210503,38,2025,13,10235
Argentina,Ciudad Autonoma de Buenos Aires,Comuna 15,210504,38,2025,24,12235
Argentina,Ciudad Autonoma de Buenos Aires,Comuna 15,210505,38,2025,18,12207
Argentina,Ciudad Autonoma de Buenos Aires,Comuna 15,210506,38,2025,8,4156
Argentina,Ciudad Autonoma de Buenos Aires,Comuna 15,210507,38,2025,14,12285
Argentina,Ciudad Autonoma de Buenos Aires,Comuna 15,210508,38,2025,15,8807
Argentina,Ciudad Autonoma de Buenos Aires,Comuna 15,210509,38,2025,17,8645
Argentina,Ciudad Autonoma de Buenos Aires,Comuna 15,210510,38,2025,16,10813
Argentina,Ciudad Autonoma de Buenos Aires,Comuna 15,210511,38,2025,22,11863
Argentina,Ciudad Autonoma de Buenos Aires,Comuna 15,210512,38,2025,13,7208
Argentina,Ciudad Autonoma de Buenos Aires,Comuna 15,210513,38,2025,17,7242
Argentina,Ciudad Autonoma de Buenos Aires,Comuna 15,210514,38,2025,18,9564
Argentina,Ciudad Autonoma de Buenos Aires,Comuna 15,210515,38,2025,13,9091
Argentina,Ciudad Autonoma de Buenos Aires,Comuna 15,210516,38,2025,23,8911
Argentina,Ciudad Autonoma de Buenos Aires,Comuna 15,210517,38,2025,13,8753
Argentina,Ciudad Autonoma de Buenos Aires,Comuna 15,210518,38,2025,13,8161
Argentina,Ciudad Autonoma de Buenos Aires,Comuna 15,210519,38,2025,11,8739
Argentina,Ciudad Autonoma de Buenos Aires,Comuna 15,210520,38,2025,11,8787
Argentina,Ciudad Autonoma de Buenos Aires,Comuna 15,210521,38,2025,16,11421
Argentina,Ciudad Autonoma de Buenos Aires,Comuna 2,201401,38,2025,0,554
Argentina,Ciudad Autonoma de Buenos Aires,Comuna 2,201402,38,2025,4,5022
Argentina,Ciudad Autonoma de Buenos Aires,Comuna 2,201403,38,2025,6,5681
Argentina,Ciudad Autonoma de Buenos Aires,Comuna 2,201404,38,2025,7,6670
Argentina,Ciudad Autonoma de Buenos Aires,Comuna 2,201405,38,2025,3,6654
Argentina,Ciudad Autonoma de Buenos Aires,Comuna 2,201406,38,2025,3,6504
Argentina,Ciudad Autonoma de Buenos Aires,Comuna 2,201407,38,2025,8,7631
Argentina,Ciudad Autonoma de Buenos Aires,Comuna 2,201408,38,2025,9,9285
Argentina,Ciudad Autonoma de Buenos Aires,Comuna 2,201409,38,2025,11,8985
Argentina,Ciudad Autonoma de Buenos Aires,Comuna 2,201410,38,2025,7,7067
Argentina,Ciudad Autonoma de Buenos Aires,Comuna 2,201411,38,2025,11,5593
Argentina,Ciudad Autonoma de Buenos Aires,Comuna 2,201412,38,2025,2,5734
Argentina,Ciudad Autonoma de Buenos Aires,Comuna 2,201413,38,2025,8,7043
Argentina,Ciudad Autonoma de Buenos Aires,Comuna 2,201414,38,2025,14,8370
Argentina,Ciudad Autonoma de Buenos Aires,Comuna 2,201415,38,2025,6,6053
Argentina,Ciudad Autonoma de Buenos Aires,Comuna 2,201416,38,2025,8,5917
Argentina,Ciudad Autonoma de Buenos Aires,Comuna 2,201417,38,2025,6,7963
Argentina,Ciudad Autonoma de Buenos Aires,Comuna 2,201418,38,2025,5,6383
Argentina,Ciudad Autonoma de Buenos Aires,Comuna 2,201419,38,2025,10,6436
Argentina,Ciudad Autonoma de Buenos Aires,Comuna 2,201420,38,2025,4,7134
Argentina,Ciudad Autonoma de Buenos Aires,Comuna 2,201421,38,2025,5,5726
Argentina,Ciudad Autonoma de Buenos Aires,Comuna 2,201422,38,2025,3,5002
Argentina,Ciudad Autonoma de Buenos Aires,Comuna 2,201423,38,2025,7,5517
Argentina,Ciudad Autonoma de Buenos Aires,Comuna 2,201424,38,2025,6,5483
Argentina,Ciudad Autonoma de Buenos Aires,Comuna 2,201425,38,2025,7,8202
Argentina,Ciudad Autonoma de Buenos Aires,Comuna 5,203501,38,2025,6,9107
Argentina,Ciudad Autonoma de Buenos Aires,Comuna 5,203502,38,2025,9,8659
Argentina,Ciudad Autonoma de Buenos Aires,Comuna 5,203503,38,2025,9,9246
Argentina,Ciudad Autonoma de Buenos Aires,Comuna 5,203504,38,2025,8,8180
Argentina,Ciudad Autonoma de Buenos Aires,Comuna 5,203505,38,2025,13,6557
Argentina,Ciudad Autonoma de Buenos Aires,Comuna 5,203506,38,2025,5,7989
Argentina,Ciudad Autonoma de Buenos Aires,Comuna 5,203507,38,2025,11,7616
Argentina,Ciudad Autonoma de Buenos Aires,Comuna 5,203508,38,2025,10,8744
Argentina,Ciudad Autonoma de Buenos Aires,Comuna 5,203509,38,2025,7,7892
Argentina,Ciudad Autonoma de Buenos Aires,Comuna 5,203510,38,2025,6,8718
Argentina,Ciudad Autonoma de Buenos Aires,Comuna 5,203511,38,2025,10,9263
Argentina,Ciudad Autonoma de Buenos Aires,Comuna 5,203512,38,2025,8,7201
Argentina,Ciudad Autonoma de Buenos Aires,Comuna 5,203513,38,2025,8,7410
Argentina,Ciudad Autonoma de Buenos Aires,Comuna 5,203514,38,2025,6,8821
Argentina,Ciudad Autonoma de Buenos Aires,Comuna 5,203515,38,2025,8,7651
Argentina,Ciudad Autonoma de Buenos Aires,Comuna 5,203516,38,2025,10,10461
Argentina,Ciudad Autonoma de Buenos Aires,Comuna 5,203517,38,2025,12,9254
Argentina,Ciudad Autonoma de Buenos Aires,Comuna 5,203518,38,2025,10,9162
Argentina,Ciudad Autonoma de Buenos Aires,Comuna 5,203519,38,2025,7,9340
Argentina,Ciudad Autonoma de Buenos Aires,Comuna 5,203520,38,2025,15,11091
Argentina,Ciudad Autonoma de Buenos Aires,Comuna 5,203521,38,2025,9,8855
Argentina,Ciudad Autonoma de Buenos Aires,Comuna 5,203522,38,2025,16,11232
Argentina,Ciudad Autonoma de Buenos Aires,Comuna 6,204201,38,2025,4,9911
Argentina,Ciudad Autonoma de Buenos Aires,Comuna 6,204202,38,2025,15,10787
Argentina,Ciudad Autonoma de Buenos Aires,Comuna 6,204203,38,2025,13,8899
Argentina,Ciudad Autonoma de Buenos Aires,Comuna 6,204204,38,2025,16,11727
Argentina,Ciudad Autonoma de Buenos Aires,Comuna 6,204205,38,2025,11,10329
Argentina,Ciudad Autonoma de Buenos Aires,Comuna 6,204206,38,2025,17,10367
Argentina,Ciudad Autonoma de Buenos Aires,Comuna 6,204207,38,2025,13,12185
Argentina,Ciudad Autonoma de Buenos Aires,Comuna 6,204208,38,2025,5,9497
Argentina,Ciudad Autonoma de Buenos Aires,Comuna 6,204209,38,2025,8,7356
Argentina,Ciudad Autonoma de Buenos Aires,Comuna 6,204210,38,2025,9,8697
Argentina,Ciudad Autonoma de Buenos Aires,Comuna 6,204211,38,2025,10,9646
Argentina,Ciudad Autonoma de Buenos Aires,Comuna 6,204212,38,2025,14,7926
Argentina,Ciudad Autonoma de Buenos Aires,Comuna 6,204213,38,2025,10,10037
Argentina,Ciudad Autonoma de Buenos Aires,Comuna 6,204214,38,2025,11,9669
Argentina,Ciudad Autonoma de Buenos Aires,Comuna 6,204215,38,2025,9,9168
Argentina,Ciudad Autonoma de Buenos Aires,Comuna 6,204216,38,2025,14,12982
Argentina,Ciudad Autonoma de Buenos Aires,Comuna 6,204217,38,2025,5,7259
Argentina,Ciudad Autonoma de Buenos Aires,Comuna 6,204218,38,2025,3,8066
Argentina,Ciudad Autonoma de Buenos Aires,Comuna 6,204219,38,2025,4,7952
Argentina,Ciudad Autonoma de Buenos Aires,Comuna 6,204220,38,2025,8,8895
Argentina,Ciudad Autonoma de Buenos Aires,Comuna 6,204221,38,2025,11,10409
Argentina,Ciudad Autonoma de Buenos Aires,Comuna 7,204901,38,2025,11,6665
Argentina,Ciudad Autonoma de Buenos Aires,Comuna 7,204902,38,2025,8,8593
Argentina,Ciudad Autonoma de Buenos Aires,Comuna 7,204903,38,2025,7,10871
Argentina,Ciudad Autonoma de Buenos Aires,Comuna 7,204904,38,2025,7,9795
Argentina,Ciudad Autonoma de Buenos Aires,Comuna 7,204905,38,2025,11,8999
Argentina,Ciudad Autonoma de Buenos Aires,Comuna 7,204906,38,2025,6,7524
Argentina,Ciudad Autonoma de Buenos Aires,Comuna 7,204907,38,2025,12,9257
Argentina,Ciudad Autonoma de Buenos Aires,Comuna 7,204908,38,2025,8,7685
Argentina,Ciudad Autonoma de Buenos Aires,Comuna 7,204909,38,2025,10,9705
Argentina,Ciudad Autonoma de Buenos Aires,Comuna 7,204910,38,2025,9,8735
Argentina,Ciudad Autonoma de Buenos Aires,Comuna 7,204911,38,2025,9,10501
Argentina,Ciudad Autonoma de Buenos Aires,Comuna 7,204912,38,2025,10,7467
Argentina,Ciudad Autonoma de Buenos Aires,Comuna 7,204913,38,2025,10,11414
Argentina,Ciudad Autonoma de Buenos Aires,Comuna 7,204914,38,2025,11,11132
Argentina,Ciudad Autonoma de Buenos Aires,Comuna 7,204915,38,2025,8,9647
Argentina,Ciudad Autonoma de Buenos Aires,Comuna 7,204916,38,2025,10,8094
Argentina,Ciudad Autonoma de Buenos Aires,Comuna 7,204917,38,2025,4,2971
Argentina,Ciudad Autonoma de Buenos Aires,Comuna 7,204918,38,2025,1,3398
Argentina,Ciudad Autonoma de Buenos Aires,Comuna 7,204919,38,2025,9,6454
Argentina,Ciudad Autonoma de Buenos Aires,Comuna 7,204920,38,2025,14,12736
Argentina,Ciudad Autonoma de Buenos Aires,Comuna 7,204921,38,2025,8,11351
Argentina,Ciudad Autonoma de Buenos Aires,Comuna 7,204922,38,2025,16,11303
Argentina,Ciudad Autonoma de Buenos Aires,Comuna 7,204923,38,2025,8,7839
Argentina,Ciudad Autonoma de Buenos Aires,Comuna 7,204924,38,2025,17,11126
Argentina,Ciudad Autonoma de Buenos Aires,Comuna 10,207001,39,2025,9,6651
Argentina,Ciudad Autonoma de Buenos Aires,Comuna 10,207002,39,2025,8,7094
Argentina,Ciudad Autonoma de Buenos Aires,Comuna 10,207003,39,2025,5,6682
Argentina,Ciudad Autonoma de Buenos Aires,Comuna 10,207004,39,2025,8,9342
Argentina,Ciudad Autonoma de Buenos Aires,Comuna 10,207005,39,2025,8,11787
Argentina,Ciudad Autonoma de Buenos Aires,Comuna 10,207006,39,2025,13,12408
Argentina,Ciudad Autonoma de Buenos Aires,Comuna 10,207007,39,2025,9,11630
Argentina,Ciudad Autonoma de Buenos Aires,Comuna 10,207008,39,2025,6,9038
Argentina,Ciudad Autonoma de Buenos Aires,Comuna 10,207009,39,2025,10,8752
Argentina,Ciudad Autonoma de Buenos Aires,Comuna 10,207010,39,2025,13,10398
Argentina,Ciudad Autonoma de Buenos Aires,Comuna 10,207011,39,2025,10,8554
Argentina,Ciudad Autonoma de Buenos Aires,Comuna 10,207012,39,2025,3,6677
Argentina,Ciudad Autonoma de Buenos Aires,Comuna 10,207013,39,2025,8,8285
Argentina,Ciudad Autonoma de Buenos Aires,Comuna 10,207014,39,2025,10,9092
Argentina,Ciudad Autonoma de Buenos Aires,Comuna 10,207015,39,2025,7,7248
Argentina,Ciudad Autonoma de Buenos Aires,Comuna 10,207016,39,2025,4,8724
Argentina,Ciudad Autonoma de Buenos Aires,Comuna 10,207017,39,2025,9,9635
Argentina,Ciudad Autonoma de Buenos Aires,Comuna 10,207018,39,2025,7,8682
Argentina,Ciudad Autonoma de Buenos Aires,Comuna 10,207019,39,2025,7,11217
Argentina,Ciudad Autonoma de Buenos Aires,Comuna 11,207701,39,2025,16,11069
Argentina,Ciudad Autonoma de Buenos Aires,Comuna 11,207702,39,2025,12,10205
Argentina,Ciudad Autonoma de Buenos Aires,Comuna 11,207703,39,2025,11,9103
Argentina,Ciudad Autonoma de Buenos Aires,Comuna 11,207704,39,2025,8,10387
Argentina,Ciudad Autonoma de Buenos Aires,Comuna 11,207705,39,2025,8,7955
Argentina,Ciudad Autonoma de Buenos Aires,Comuna 11,207706,39,2025,12,11455
Argentina,Ciudad Autonoma de Buenos Aires,Comuna 11,207707,39,2025,10,11428
Argentina,Ciudad Autonoma de Buenos Aires,Comuna 11,207708,39,2025,7,8072
Argentina,Ciudad Autonoma de Buenos Aires,Comuna 11,207709,39,2025,8,9257
Argentina,Ciudad Autonoma de Buenos Aires,Comuna 11,207710,39,2025,15,11259
Argentina,Ciudad Autonoma de Buenos Aires,Comuna 11,207711,39,2025,8,8065
Argentina,Ciudad Autonoma de Buenos Aires,Comuna 11,207712,39,2025,7,8059
Argentina,Ciudad Autonoma de Buenos Aires,Comuna 11,207713,39,2025,2,9254
Argentina,Ciudad Autonoma de Buenos Aires,Comuna 11,207714,39,2025,13,7270
Argentina,Ciudad Autonoma de Buenos Aires,Comuna 11,207715,39,2025,12,10022
Argentina,Ciudad Autonoma de Buenos Aires,Comuna 11,207716,39,2025,12,9462
Argentina,Ciudad Autonoma de Buenos Aires,Comuna 11,207717,39,2025,6,6323
Argentina,Ciudad Autonoma de Buenos Aires,Comuna 11,207718,39,2025,6,9010
Argentina,Ciudad Autonoma de Buenos Aires,Comuna 11,207719,39,2025,9,7194
Argentina,Ciudad Autonoma de Buenos Aires,Comuna 11,207720,39,2025,9,9079
Argentina,Ciudad Autonoma de Buenos Aires,Comuna 11,207721,39,2025,8,9075
Argentina,Ciudad Autonoma de Buenos Aires,Comuna 11,207722,39,2025,8,8902
Argentina,Ciudad Autonoma de Buenos Aires,Comuna 12,208401,39,2025,23,9341
Argentina,Ciudad Autonoma de Buenos Aires,Comuna 12,208402,39,2025,21,8793
Argentina,Ciudad Autonoma de Buenos Aires,Comuna 12,208403,39,2025,23,9271
Argentina,Ciudad Autonoma de Buenos Aires,Comuna 12,208404,39,2025,22,8702
Argentina,Ciudad Autonoma de Buenos Aires,Comuna 12,208405,39,2025,29,8415
Argentina,Ciudad Autonoma de Buenos Aires,Comuna 12,208406,39,2025,40,9143
Argentina,Ciudad Autonoma de Buenos Aires,Comuna 12,208407,39,2025,30,10293
Argentina,Ciudad Autonoma de Buenos Aires,Comuna 12,208408,39,2025,36,10510
Argentina,Ciudad Autonoma de Buenos Aires,Comuna 12,208409,39,2025,24,8365
Argentina,Ciudad Autonoma de Buenos Aires,Comuna 12,208410,39,2025,36,11926
Argentina,Ciudad Autonoma de Buenos Aires,Comuna 12,208411,39,2025,28,10276
Argentina,Ciudad Autonoma de Buenos Aires,Comuna 12,208412,39,2025,24,8291
Argentina,Ciudad Autonoma de Buenos Aires,Comuna 12,208413,39,2025,38,9891
Argentina,Ciudad Autonoma de Buenos Aires,Comuna 12,208414,39,2025,38,12202
Argentina,Ciudad Autonoma de Buenos Aires,Comuna 12,208415,39,2025,39,13785
Argentina,Ciudad Autonoma de Buenos Aires,Comuna 12,208416,39,2025,62,16395
Argentina,Ciudad Autonoma de Buenos Aires,Comuna 12,208417,39,2025,29,9935
Argentina,Ciudad Autonoma de Buenos Aires,Comuna 12,208418,39,2025,45,13227
Argentina,Ciudad Autonoma de Buenos Aires,Comuna 12,208419,39,2025,30,12268
Argentina,Ciudad Autonoma de Buenos Aires,Comuna 12,208420,39,2025,31,9926
Argentina,Ciudad Autonoma de Buenos Aires,Comuna 12,208421,39,2025,25,11426
Argentina,Ciudad Autonoma de Buenos Aires,Comuna 12,208422,39,2025,30,12983
Argentina,Ciudad Autonoma de Buenos Aires,Comuna 13,209101,39,2025,15,11656
Argentina,Ciudad Autonoma de Buenos Aires,Comuna 13,209102,39,2025,15,10984
Argentina,Ciudad Autonoma de Buenos Aires,Comuna 13,209103,39,2025,29,10868
Argentina,Ciudad Autonoma de Buenos Aires,Comuna 13,209104,39,2025,32,13113
Argentina,Ciudad Autonoma de Buenos Aires,Comuna 13,209105,39,2025,29,10421
Argentina,Ciudad Autonoma de Buenos Aires,Comuna 13,209106,39,2025,14,7917
Argentina,Ciudad Autonoma de Buenos Aires,Comuna 13,209107,39,2025,15,8294
Argentina,Ciudad Autonoma de Buenos Aires,Comuna 13,209108,39,2025,16,9153
Argentina,Ciudad Autonoma de Buenos Aires,Comuna 13,209109,39,2025,15,8207
Argentina,Ciudad Autonoma de Buenos Aires,Comuna 13,209110,39,2025,26,10807
Argentina,Ciudad Autonoma de Buenos Aires,Comuna 13,209111,39,2025,8,4808
Argentina,Ciudad Autonoma de Buenos Aires,Comuna 13,209112,39,2025,17,8591
Argentina,Ciudad Autonoma de Buenos Aires,Comuna 13,209113,39,2025,17,10772
Argentina,Ciudad Autonoma de Buenos Aires,Comuna 13,209114,39,2025,10,7311
Argentina,Ciudad Autonoma de Buenos Aires,Comuna 13,209115,39,2025,17,9651
Argentina,Ciudad Autonoma de Buenos Aires,Comuna 13,209116,39,2025,29,10427
Argentina,Ciudad Autonoma de Buenos Aires,Comuna 13,209117,39,2025,32,11221
Argentina,Ciudad Autonoma de Buenos Aires,Comuna 13,209118,39,2025,18,8113
Argentina,Ciudad Autonoma de Buenos Aires,Comuna 13,209119,39,2025,18,8504
Argentina,Ciudad Autonoma de Buenos Aires,Comuna 13,209120,39,2025,17,9333
Argentina,Ciudad Autonoma de Buenos Aires,Comuna 13,209121,39,2025,13,8521
Argentina,Ciudad Autonoma de Buenos Aires,Comuna 13,209122,39,2025,23,8416
Argentina,Ciudad Autonoma de Buenos Aires,Comuna 13,209123,39,2025,17,9675
Argentina,Ciudad Autonoma de Buenos Aires,Comuna 13,209124,39,2025,20,7611
Argentina,Ciudad Autonoma de Buenos Aires,Comuna 13,209125,39,2025,10,6503
Argentina,Ciudad Autonoma de Buenos Aires,Comuna 13,209126,39,2025,23,8070
Argentina,Ciudad Autonoma de Buenos Aires,Comuna 13,209127,39,2025,20,7860
Argentina,Ciudad Autonoma de Buenos Aires,Comuna 13,209128,39,2025,18,7714
Argentina,Ciudad Autonoma de Buenos Aires,Comuna 13,209129,39,2025,20,7809
Argentina,Ciudad Autonoma de Buenos Aires,Comuna 14,209801,39,2025,12,8008
Argentina,Ciudad Autonoma de Buenos Aires,Comuna 14,209802,39,2025,14,8651
Argentina,Ciudad Autonoma de Buenos Aires,Comuna 14,209803,39,2025,6,9921
Argentina,Ciudad Autonoma de Buenos Aires,Comuna 14,209804,39,2025,15,9128
Argentina,Ciudad Autonoma de Buenos Aires,Comuna 14,209805,39,2025,17,7958
Argentina,Ciudad Autonoma de Buenos Aires,Comuna 14,209806,39,2025,11,9397
Argentina,Ciudad Autonoma de Buenos Aires,Comuna 14,209807,39,2025,13,9307
Argentina,Ciudad Autonoma de Buenos Aires,Comuna 14,209808,39,2025,13,8700
Argentina,Ciudad Autonoma de Buenos Aires,Comuna 14,209809,39,2025,18,12492
Argentina,Ciudad Autonoma de Buenos Aires,Comuna 14,209810,39,2025,0,190
Argentina,Ciudad Autonoma de Buenos Aires,Comuna 14,209811,39,2025,18,12051
Argentina,Ciudad Autonoma de Buenos Aires,Comuna 14,209812,39,2025,13,7962
Argentina,Ciudad Autonoma de Buenos Aires,Comuna 14,209813,39,2025,13,7376
Argentina,Ciudad Autonoma de Buenos Aires,Comuna 14,209814,39,2025,10,7484
Argentina,Ciudad Autonoma de Buenos Aires,Comuna 14,209815,39,2025,18,8094
Argentina,Ciudad Autonoma de Buenos Aires,Comuna 14,209816,39,2025,11,6773
Argentina,Ciudad Autonoma de Buenos Aires,Comuna 14,209817,39,2025,11,7231
Argentina,Ciudad Autonoma de Buenos Aires,Comuna 14,209818,39,2025,11,6981
Argentina,Ciudad Autonoma de Buenos Aires,Comuna 14,209819,39,2025,12,5589
Argentina,Ciudad Autonoma de Buenos Aires,Comuna 14,209820,39,2025,4,6758
Argentina,Ciudad Autonoma de Buenos Aires,Comuna 14,209821,39,2025,10,7312
Argentina,Ciudad Autonoma de Buenos Aires,Comuna 14,209822,39,2025,10,8363
Argentina,Ciudad Autonoma de Buenos Aires,Comuna 14,209823,39,2025,18,11012
Argentina,Ciudad Autonoma de Buenos Aires,Comuna 14,209824,39,2025,9,6199
Argentina,Ciudad Autonoma de Buenos Aires,Comuna 14,209825,39,2025,7,7637
Argentina,Ciudad Autonoma de Buenos Aires,Comuna 14,209826,39,2025,13,6558
Argentina,Ciudad Autonoma de Buenos Aires,Comuna 14,209827,39,2025,10,6199
Argentina,Ciudad Autonoma de Buenos Aires,Comuna 14,209828,39,2025,13,9243
Argentina,Ciudad Autonoma de Buenos Aires,Comuna 14,209829,39,2025,12,8453
Argentina,Ciudad Autonoma de Buenos Aires,Comuna 14,209830,39,2025,12,8109
Argentina,Ciudad Autonoma de Buenos Aires,Comuna 14,209831,39,2025,12,8116
Argentina,Ciudad Autonoma de Buenos Aires,Comuna 15,210501,39,2025,12,9594
Argentina,Ciudad Autonoma de Buenos Aires,Comuna 15,210502,39,2025,13,6548
Argentina,Ciudad Autonoma de Buenos Aires,Comuna 15,210503,39,2025,8,10235
Argentina,Ciudad Autonoma de Buenos Aires,Comuna 15,210504,39,2025,22,12235
Argentina,Ciudad Autonoma de Buenos Aires,Comuna 15,210505,39,2025,23,12207
Argentina,Ciudad Autonoma de Buenos Aires,Comuna 15,210506,39,2025,4,4156
Argentina,Ciudad Autonoma de Buenos Aires,Comuna 15,210507,39,2025,12,12285
Argentina,Ciudad Autonoma de Buenos Aires,Comuna 15,210508,39,2025,9,8807
Argentina,Ciudad Autonoma de Buenos Aires,Comuna 15,210509,39,2025,12,8645
Argentina,Ciudad Autonoma de Buenos Aires,Comuna 15,210510,39,2025,16,10813
Argentina,Ciudad Autonoma de Buenos Aires,Comuna 15,210511,39,2025,17,11863
Argentina,Ciudad Autonoma de Buenos Aires,Comuna 15,210512,39,2025,9,7208
Argentina,Ciudad Autonoma de Buenos Aires,Comuna 15,210513,39,2025,13,7242
Argentina,Ciudad Autonoma de Buenos Aires,Comuna 15,210514,39,2025,11,9564
Argentina,Ciudad Autonoma de Buenos Aires,Comuna 15,210515,39,2025,10,9091
Argentina,Ciudad Autonoma de Buenos Aires,Comuna 15,210516,39,2025,14,8911
Argentina,Ciudad Autonoma de Buenos Aires,Comuna 15,210517,39,2025,13,8753
Argentina,Ciudad Autonoma de Buenos Aires,Comuna 15,210518,39,2025,11,8161
Argentina,Ciudad Autonoma de Buenos Aires,Comuna 15,210519,39,2025,13,8739
Argentina,Ciudad Autonoma de Buenos Aires,Comuna 15,210520,39,2025,11,8787
Argentina,Ciudad Autonoma de Buenos Aires,Comuna 15,210521,39,2025,20,11421
Argentina,Ciudad Autonoma de Buenos Aires,Comuna 2,201401,39,2025,0,554
Argentina,Ciudad Autonoma de Buenos Aires,Comuna 2,201402,39,2025,4,5022
Argentina,Ciudad Autonoma de Buenos Aires,Comuna 2,201403,39,2025,4,5681
Argentina,Ciudad Autonoma de Buenos Aires,Comuna 2,201404,39,2025,10,6670
Argentina,Ciudad Autonoma de Buenos Aires,Comuna 2,201405,39,2025,5,6654
Argentina,Ciudad Autonoma de Buenos Aires,Comuna 2,201406,39,2025,8,6504
Argentina,Ciudad Autonoma de Buenos Aires,Comuna 2,201407,39,2025,15,7631
Argentina,Ciudad Autonoma de Buenos Aires,Comuna 2,201408,39,2025,11,9285
Argentina,Ciudad Autonoma de Buenos Aires,Comuna 2,201409,39,2025,8,8985
Argentina,Ciudad Autonoma de Buenos Aires,Comuna 2,201410,39,2025,7,7067
Argentina,Ciudad Autonoma de Buenos Aires,Comuna 2,201411,39,2025,8,5593
Argentina,Ciudad Autonoma de Buenos Aires,Comuna 2,201412,39,2025,6,5734
Argentina,Ciudad Autonoma de Buenos Aires,Comuna 2,201413,39,2025,5,7043
Argentina,Ciudad Autonoma de Buenos Aires,Comuna 2,201414,39,2025,9,8370
Argentina,Ciudad Autonoma de Buenos Aires,Comuna 2,201415,39,2025,7,6053
Argentina,Ciudad Autonoma de Buenos Aires,Comuna 2,201416,39,2025,5,5917
Argentina,Ciudad Autonoma de Buenos Aires,Comuna 2,201417,39,2025,9,7963
Argentina,Ciudad Autonoma de Buenos Aires,Comuna 2,201418,39,2025,8,6383
Argentina,Ciudad Autonoma de Buenos Aires,Comuna 2,201419,39,2025,4,6436
Argentina,Ciudad Autonoma de Buenos Aires,Comuna 2,201420,39,2025,10,7134
Argentina,Ciudad Autonoma de Buenos Aires,Comuna 2,201421,39,2025,4,5726
Argentina,Ciudad Autonoma de Buenos Aires,Comuna 2,201422,39,2025,3,5002
Argentina,Ciudad Autonoma de Buenos Aires,Comuna 2,201423,39,2025,9,5517
Argentina,Ciudad Autonoma de Buenos Aires,Comuna 2,201424,39,2025,8,5483
Argentina,Ciudad Autonoma de Buenos Aires,Comuna 2,201425,39,2025,14,8202
Argentina,Ciudad Autonoma de Buenos Aires,Comuna 5,203501,39,2025,11,9107
Argentina,Ciudad Autonoma de Buenos Aires,Comuna 5,203502,39,2025,8,8659
Argentina,Ciudad Autonoma de Buenos Aires,Comuna 5,203503,39,2025,12,9246
Argentina,Ciudad Autonoma de Buenos Aires,Comuna 5,203504,39,2025,5,8180
Argentina,Ciudad Autonoma de Buenos Aires,Comuna 5,203505,39,2025,1,6557
Argentina,Ciudad Autonoma de Buenos Aires,Comuna 5,203506,39,2025,10,7989
Argentina,Ciudad Autonoma de Buenos Aires,Comuna 5,203507,39,2025,9,7616
Argentina,Ciudad Autonoma de Buenos Aires,Comuna 5,203508,39,2025,5,8744
Argentina,Ciudad Autonoma de Buenos Aires,Comuna 5,203509,39,2025,10,7892
Argentina,Ciudad Autonoma de Buenos Aires,Comuna 5,203510,39,2025,10,8718
Argentina,Ciudad Autonoma de Buenos Aires,Comuna 5,203511,39,2025,5,9263
Argentina,Ciudad Autonoma de Buenos Aires,Comuna 5,203512,39,2025,7,7201
Argentina,Ciudad Autonoma de Buenos Aires,Comuna 5,203513,39,2025,5,7410
Argentina,Ciudad Autonoma de Buenos Aires,Comuna 5,203514,39,2025,7,8821
Argentina,Ciudad Autonoma de Buenos Aires,Comuna 5,203515,39,2025,9,7651
Argentina,Ciudad Autonoma de Buenos Aires,Comuna 5,203516,39,2025,11,10461
Argentina,Ciudad Autonoma de Buenos Aires,Comuna 5,203517,39,2025,8,9254
Argentina,Ciudad Autonoma de Buenos Aires,Comuna 5,203518,39,2025,8,9162
Argentina,Ciudad Autonoma de Buenos Aires,Comuna 5,203519,39,2025,5,9340
Argentina,Ciudad Autonoma de Buenos Aires,Comuna 5,203520,39,2025,17,11091
Argentina,Ciudad Autonoma de Buenos Aires,Comuna 5,203521,39,2025,10,8855
Argentina,Ciudad Autonoma de Buenos Aires,Comuna 5,203522,39,2025,14,11232
Argentina,Ciudad Autonoma de Buenos Aires,Comuna 6,204201,39,2025,8,9911
Argentina,Ciudad Autonoma de Buenos Aires,Comuna 6,204202,39,2025,9,10787
Argentina,Ciudad Autonoma de Buenos Aires,Comuna 6,204203,39,2025,13,8899
Argentina,Ciudad Autonoma de Buenos Aires,Comuna 6,204204,39,2025,10,11727
Argentina,Ciudad Autonoma de Buenos Aires,Comuna 6,204205,39,2025,9,10329
Argentina,Ciudad Autonoma de Buenos Aires,Comuna 6,204206,39,2025,8,10367
Argentina,Ciudad Autonoma de Buenos Aires,Comuna 6,204207,39,2025,21,12185
Argentina,Ciudad Autonoma de Buenos Aires,Comuna 6,204208,39,2025,7,9497
Argentina,Ciudad Autonoma de Buenos Aires,Comuna 6,204209,39,2025,10,7356
Argentina,Ciudad Autonoma de Buenos Aires,Comuna 6,204210,39,2025,5,8697
Argentina,Ciudad Autonoma de Buenos Aires,Comuna 6,204211,39,2025,13,9646
Argentina,Ciudad Autonoma de Buenos Aires,Comuna 6,204212,39,2025,12,7926
Argentina,Ciudad Autonoma de Buenos Aires,Comuna 6,204213,39,2025,8,10037
Argentina,Ciudad Autonoma de Buenos Aires,Comuna 6,204214,39,2025,13,9669
Argentina,Ciudad Autonoma de Buenos Aires,Comuna 6,204215,39,2025,6,9168
Argentina,Ciudad Autonoma de Buenos Aires,Comuna 6,204216,39,2025,13,12982
Argentina,Ciudad Autonoma de Buenos Aires,Comuna 6,204217,39,2025,6,7259
Argentina,Ciudad Autonoma de Buenos Aires,Comuna 6,204218,39,2025,9,8066
Argentina,Ciudad Autonoma de Buenos Aires,Comuna 6,204219,39,2025,8,7952
Argentina,Ciudad Autonoma de Buenos Aires,Comuna 6,204220,39,2025,14,8895
Argentina,Ciudad Autonoma de Buenos Aires,Comuna 6,204221,39,2025,12,10409
Argentina,Ciudad Autonoma de Buenos Aires,Comuna 7,204901,39,2025,2,6665
Argentina,Ciudad Autonoma de Buenos Aires,Comuna 7,204902,39,2025,7,8593
Argentina,Ciudad Autonoma de Buenos Aires,Comuna 7,204903,39,2025,11,10871
Argentina,Ciudad Autonoma de Buenos Aires,Comuna 7,204904,39,2025,8,9795
Argentina,Ciudad Autonoma de Buenos Aires,Comuna 7,204905,39,2025,12,8999
Argentina,Ciudad Autonoma de Buenos Aires,Comuna 7,204906,39,2025,11,7524
Argentina,Ciudad Autonoma de Buenos Aires,Comuna 7,204907,39,2025,7,9257
Argentina,Ciudad Autonoma de Buenos Aires,Comuna 7,204908,39,2025,8,7685
Argentina,Ciudad Autonoma de Buenos Aires,Comuna 7,204909,39,2025,14,9705
Argentina,Ciudad Autonoma de Buenos Aires,Comuna 7,204910,39,2025,7,8735
Argentina,Ciudad Autonoma de Buenos Aires,Comuna 7,204911,39,2025,18,10501
Argentina,Ciudad Autonoma de Buenos Aires,Comuna 7,204912,39,2025,5,7467
Argentina,Ciudad Autonoma de Buenos Aires,Comuna 7,204913,39,2025,13,11414
Argentina,Ciudad Autonoma de Buenos Aires,Comuna 7,204914,39,2025,12,11132
Argentina,Ciudad Autonoma de Buenos Aires,Comuna 7,204915,39,2025,7,9647
Argentina,Ciudad Autonoma de Buenos Aires,Comuna 7,204916,39,2025,6,8094
Argentina,Ciudad Autonoma de Buenos Aires,Comuna 7,204917,39,2025,1,2971
Argentina,Ciudad Autonoma de Buenos Aires,Comuna 7,204918,39,2025,3,3398
Argentina,Ciudad Autonoma de Buenos Aires,Comuna 7,204919,39,2025,5,6454
Argentina,Ciudad Autonoma de Buenos Aires,Comuna 7,204920,39,2025,18,12736
Argentina,Ciudad Autonoma de Buenos Aires,Comuna 7,204921,39,2025,13,11351
Argentina,Ciudad Autonoma de Buenos Aires,Comuna 7,204922,39,2025,6,11303
Argentina,Ciudad Autonoma de Buenos Aires,Comuna 7,204923,39,2025,10,7839
Argentina,Ciudad Autonoma de Buenos Aires,Comuna 7,204924,39,2025,12,11126
Argentina,Ciudad Autonoma de Buenos Aires,Comuna 10,207001,40,2025,3,6651
Argentina,Ciudad Autonoma de Buenos Aires,Comuna 10,207002,40,2025,5,7094
Argentina,Ciudad Autonoma de Buenos Aires,Comuna 10,207003,40,2025,9,6682
Argentina,Ciudad Autonoma de Buenos Aires,Comuna 10,207004,40,2025,15,9342
Argentina,Ciudad Autonoma de Buenos Aires,Comuna 10,207005,40,2025,7,11787
Argentina,Ciudad Autonoma de Buenos Aires,Comuna 10,207006,40,2025,10,12408
Argentina,Ciudad Autonoma de Buenos Aires,Comuna 10,207007,40,2025,13,11630
Argentina,Ciudad Autonoma de Buenos Aires,Comuna 10,207008,40,2025,12,9038
Argentina,Ciudad Autonoma de Buenos Aires,Comuna 10,207009,40,2025,7,8752
Argentina,Ciudad Autonoma de Buenos Aires,Comuna 10,207010,40,2025,13,10398
Argentina,Ciudad Autonoma de Buenos Aires,Comuna 10,207011,40,2025,10,8554
Argentina,Ciudad Autonoma de Buenos Aires,Comuna 10,207012,40,2025,11,6677
Argentina,Ciudad Autonoma de Buenos Aires,Comuna 10,207013,40,2025,6,8285
Argentina,Ciudad Autonoma de Buenos Aires,Comuna 10,207014,40,2025,14,9092
Argentina,Ciudad Autonoma de Buenos Aires,Comuna 10,207015,40,2025,13,7248
Argentina,Ciudad Autonoma de Buenos Aires,Comuna 10,207016,40,2025,10,8724
Argentina,Ciudad Autonoma de Buenos Aires,Comuna 10,207017,40,2025,4,9635
Argentina,Ciudad Autonoma de Buenos Aires,Comuna 10,207018,40,2025,10,8682
Argentina,Ciudad Autonoma de Buenos Aires,Comuna 10,207019,40,2025,9,11217
Argentina,Ciudad Autonoma de Buenos Aires,Comuna 11,207701,40,2025,10,11069
Argentina,Ciudad Autonoma de Buenos Aires,Comuna 11,207702,40,2025,15,10205
Argentina,Ciudad Autonoma de Buenos Aires,Comuna 11,207703,40,2025,5,9103
Argentina,Ciudad Autonoma de Buenos Aires,Comuna 11,207704,40,2025,11,10387
Argentina,Ciudad Autonoma de Buenos Aires,Comuna 11,207705,40,2025,9,7955
Argentina,Ciudad Autonoma de Buenos Aires,Comuna 11,207706,40,2025,13,11455
Argentina,Ciudad Autonoma de Buenos Aires,Comuna 11,207707,40,2025,18,11428
Argentina,Ciudad Autonoma de Buenos Aires,Comuna 11,207708,40,2025,8,8072
Argentina,Ciudad Autonoma de Buenos Aires,Comuna 11,207709,40,2025,7,9257
Argentina,Ciudad Autonoma de Buenos Aires,Comuna 11,207710,40,2025,20,11259
Argentina,Ciudad Autonoma de Buenos Aires,Comuna 11,207711,40,2025,7,8065
Argentina,Ciudad Autonoma de Buenos Aires,Comuna 11,207712,40,2025,8,8059
Argentina,Ciudad Autonoma de Buenos Aires,Comuna 11,207713,40,2025,9,9254
Argentina,Ciudad Autonoma de Buenos Aires,Comuna 11,207714,40,2025,7,7270
Argentina,Ciudad Autonoma de Buenos Aires,Comuna 11,207715,40,2025,8,10022
Argentina,Ciudad Autonoma de Buenos Aires,Comuna 11,207716,40,2025,5,9462
Argentina,Ciudad Autonoma de Buenos Aires,Comuna 11,207717,40,2025,8,6323
Argentina,Ciudad Autonoma de Buenos Aires,Comuna 11,207718,40,2025,9,9010
Argentina,Ciudad Autonoma de Buenos Aires,Comuna 11,207719,40,2025,10,7194
Argentina,Ciudad Autonoma de Buenos Aires,Comuna 11,207720,40,2025,12,9079
Argentina,Ciudad Autonoma de Buenos Aires,Comuna 11,207721,40,2025,9,9075
Argentina,Ciudad Autonoma de Buenos Aires,Comuna 11,207722,40,2025,10,8902
Argentina,Ciudad Autonoma de Buenos Aires,Comuna 12,208401,40,2025,27,9341
Argentina,Ciudad Autonoma de Buenos Aires,Comuna 12,208402,40,2025,22,8793
Argentina,Ciudad Autonoma de Buenos Aires,Comuna 12,208403,40,2025,29,9271
Argentina,Ciudad Autonoma de Buenos Aires,Comuna 12,208404,40,2025,33,8702
Argentina,Ciudad Autonoma de Buenos Aires,Comuna 12,208405,40,2025,31,8415
Argentina,Ciudad Autonoma de Buenos Aires,Comuna 12,208406,40,2025,28,9143
Argentina,Ciudad Autonoma de Buenos Aires,Comuna 12,208407,40,2025,29,10293
Argentina,Ciudad Autonoma de Buenos Aires,Comuna 12,208408,40,2025,35,10510
Argentina,Ciudad Autonoma de Buenos Aires,Comuna 12,208409,40,2025,28,8365
Argentina,Ciudad Autonoma de Buenos Aires,Comuna 12,208410,40,2025,38,11926
Argentina,Ciudad Autonoma de Buenos Aires,Comuna 12,208411,40,2025,32,10276
Argentina,Ciudad Autonoma de Buenos Aires,Comuna 12,208412,40,2025,20,8291
Argentina,Ciudad Autonoma de Buenos Aires,Comuna 12,208413,40,2025,41,9891
Argentina,Ciudad Autonoma de Buenos Aires,Comuna 12,208414,40,2025,40,12202
Argentina,Ciudad Autonoma de Buenos Aires,Comuna 12,208415,40,2025,34,13785
Argentina,Ciudad Autonoma de Buenos Aires,Comuna 12,208416,40,2025,62,16395
Argentina,Ciudad Autonoma de Buenos Aires,Comuna 12,208417,40,2025,27,9935
Argentina,Ciudad Autonoma de Buenos Aires,Comuna 12,208418,40,2025,45,13227
Argentina,Ciudad Autonoma de Buenos Aires,Comuna 12,208419,40,2025,34,12268
Argentina,Ciudad Autonoma de Buenos Aires,Comuna 12,208420,40,2025,22,9926
Argentina,Ciudad Autonoma de Buenos Aires,Comuna 12,208421,40,2025,39,11426
Argentina,Ciudad Autonoma de Buenos Aires,Comuna 12,208422,40,2025,41,12983
Argentina,Ciudad Autonoma de Buenos Aires,Comuna 13,209101,40,2025,27,11656
Argentina,Ciudad Autonoma de Buenos Aires,Comuna 13,209102,40,2025,15,10984
Argentina,Ciudad Autonoma de Buenos Aires,Comuna 13,209103,40,2025,23,10868
Argentina,Ciudad Autonoma de Buenos Aires,Comuna 13,209104,40,2025,25,13113
Argentina,Ciudad Autonoma de Buenos Aires,Comuna 13,209105,40,2025,16,10421
Argentina,Ciudad Autonoma de Buenos Aires,Comuna 13,209106,40,2025,26,7917
Argentina,Ciudad Autonoma de Buenos Aires,Comuna 13,209107,40,2025,29,8294
Argentina,Ciudad Autonoma de Buenos Aires,Comuna 13,209108,40,2025,19,9153
Argentina,Ciudad Autonoma de Buenos Aires,Comuna 13,209109,40,2025,22,8207
Argentina,Ciudad Autonoma de Buenos Aires,Comuna 13,209110,40,2025,17,10807
Argentina,Ciudad Autonoma de Buenos Aires,Comuna 13,209111,40,2025,18,4808
Argentina,Ciudad Autonoma de Buenos Aires,Comuna 13,209112,40,2025,12,8591
Argentina,Ciudad Autonoma de Buenos Aires,Comuna 13,209113,40,2025,20,10772
Argentina,Ciudad Autonoma de Buenos Aires,Comuna 13,209114,40,2025,17,7311
Argentina,Ciudad Autonoma de Buenos Aires,Comuna 13,209115,40,2025,22,9651
Argentina,Ciudad Autonoma de Buenos Aires,Comuna 13,209116,40,2025,14,10427
Argentina,Ciudad Autonoma de Buenos Aires,Comuna 13,209117,40,2025,18,11221
Argentina,Ciudad Autonoma de Buenos Aires,Comuna 13,209118,40,2025,10,8113
Argentina,Ciudad Autonoma de Buenos Aires,Comuna 13,209119,40,2025,23,8504
Argentina,Ciudad Autonoma de Buenos Aires,Comuna 13,209120,40,2025,18,9333
Argentina,Ciudad Autonoma de Buenos Aires,Comuna 13,209121,40,2025,19,8521
Argentina,Ciudad Autonoma de Buenos Aires,Comuna 13,209122,40,2025,18,8416
Argentina,Ciudad Autonoma de Buenos Aires,Comuna 13,209123,40,2025,26,9675
Argentina,Ciudad Autonoma de Buenos Aires,Comuna 13,209124,40,2025,18,7611
Argentina,Ciudad Autonoma de Buenos Aires,Comuna 13,209125,40,2025,16,6503
Argentina,Ciudad Autonoma de Buenos Aires,Comuna 13,209126,40,2025,23,8070
Argentina,Ciudad Autonoma de Buenos Aires,Comuna 13,209127,40,2025,18,7860
Argentina,Ciudad Autonoma de Buenos Aires,Comuna 13,209128,40,2025,17,7714
Argentina,Ciudad Autonoma de Buenos Aires,Comuna 13,209129,40,2025,18,7809
Argentina,Ciudad Autonoma de Buenos Aires,Comuna 14,209801,40,2025,14,8008
Argentina,Ciudad Autonoma de Buenos Aires,Comuna 14,209802,40,2025,19,8651
Argentina,Ciudad Autonoma de Buenos Aires,Comuna 14,209803,40,2025,23,9921
Argentina,Ciudad Autonoma de Buenos Aires,Comuna 14,209804,40,2025,13,9128
Argentina,Ciudad Autonoma de Buenos Aires,Comuna 14,209805,40,2025,10,7958
Argentina,Ciudad Autonoma de Buenos Aires,Comuna 14,209806,40,2025,20,9397
Argentina,Ciudad Autonoma de Buenos Aires,Comuna 14,209807,40,2025,19,9307
Argentina,Ciudad Autonoma de Buenos Aires,Comuna 14,209808,40,2025,14,8700
Argentina,Ciudad Autonoma de Buenos Aires,Comuna 14,209809,40,2025,19,12492
Argentina,Ciudad Autonoma de Buenos Aires,Comuna 14,209810,40,2025,0,190
Argentina,Ciudad Autonoma de Buenos Aires,Comuna 14,209811,40,2025,16,12051
Argentina,Ciudad Autonoma de Buenos Aires,Comuna 14,209812,40,2025,15,7962
Argentina,Ciudad Autonoma de Buenos Aires,Comuna 14,209813,40,2025,12,7376
Argentina,Ciudad Autonoma de Buenos Aires,Comuna 14,209814,40,2025,9,7484
Argentina,Ciudad Autonoma de Buenos Aires,Comuna 14,209815,40,2025,9,8094
Argentina,Ciudad Autonoma de Buenos Aires,Comuna 14,209816,40,2025,10,6773
Argentina,Ciudad Autonoma de Buenos Aires,Comuna 14,209817,40,2025,15,7231
Argentina,Ciudad Autonoma de Buenos Aires,Comuna 14,209818,40,2025,11,6981
Argentina,Ciudad Autonoma de Buenos Aires,Comuna 14,209819,40,2025,7,5589
Argentina,Ciudad Autonoma de Buenos Aires,Comuna 14,209820,40,2025,15,6758
Argentina,Ciudad Autonoma de Buenos Aires,Comuna 14,209821,40,2025,13,7312
Argentina,Ciudad Autonoma de Buenos Aires,Comuna 14,209822,40,2025,6,8363
Argentina,Ciudad Autonoma de Buenos Aires,Comuna 14,209823,40,2025,12,11012
Argentina,Ciudad Autonoma de Buenos Aires,Comuna 14,209824,40,2025,12,6199
Argentina,Ciudad Autonoma de Buenos Aires,Comuna 14,209825,40,2025,14,7637
Argentina,Ciudad Autonoma de Buenos Aires,Comuna 14,209826,40,2025,6,6558
Argentina,Ciudad Autonoma de Buenos Aires,Comuna 14,209827,40,2025,9,6199
Argentina,Ciudad Autonoma de Buenos Aires,Comuna 14,209828,40,2025,10,9243
Argentina,Ciudad Autonoma de Buenos Aires,Comuna 14,209829,40,2025,15,8453
Argentina,Ciudad Autonoma de Buenos Aires,Comuna 14,209830,40,2025,7,8109
Argentina,Ciudad Autonoma de Buenos Aires,Comuna 14,209831,40,2025,12,8116
Argentina,Ciudad Autonoma de Buenos Aires,Comuna 15,210501,40,2025,18,9594
Argentina,Ciudad Autonoma de Buenos Aires,Comuna 15,210502,40,2025,10,6548
Argentina,Ciudad Autonoma de Buenos Aires,Comuna 15,210503,40,2025,15,10235
Argentina,Ciudad Autonoma de Buenos Aires,Comuna 15,210504,40,2025,25,12235
Argentina,Ciudad Autonoma de Buenos Aires,Comuna 15,210505,40,2025,16,12207
Argentina,Ciudad Autonoma de Buenos Aires,Comuna 15,210506,40,2025,6,4156
Argentina,Ciudad Autonoma de Buenos Aires,Comuna 15,210507,40,2025,21,12285
Argentina,Ciudad Autonoma de Buenos Aires,Comuna 15,210508,40,2025,12,8807
Argentina,Ciudad Autonoma de Buenos Aires,Comuna 15,210509,40,2025,9,8645
Argentina,Ciudad Autonoma de Buenos Aires,Comuna 15,210510,40,2025,23,10813
Argentina,Ciudad Autonoma de Buenos Aires,Comuna 15,210511,40,2025,19,11863
Argentina,Ciudad Autonoma de Buenos Aires,Comuna 15,210512,40,2025,10,7208
Argentina,Ciudad Autonoma de Buenos Aires,Comuna 15,210513,40,2025,15,7242
Argentina,Ciudad Autonoma de Buenos Aires,Comuna 15,210514,40,2025,12,9564
Argentina,Ciudad Autonoma de Buenos Aires,Comuna 15,210515,40,2025,11,9091
Argentina,Ciudad Autonoma de Buenos Aires,Comuna 15,210516,40,2025,16,8911
Argentina,Ciudad Autonoma de Buenos Aires,Comuna 15,210517,40,2025,21,8753
Argentina,Ciudad Autonoma de Buenos Aires,Comuna 15,210518,40,2025,11,8161
Argentina,Ciudad Autonoma de Buenos Aires,Comuna 15,210519,40,2025,11,8739
Argentina,Ciudad Autonoma de Buenos Aires,Comuna 15,210520,40,2025,12,8787
Argentina,Ciudad Autonoma de Buenos Aires,Comuna 15,210521,40,2025,15,11421
Argentina,Ciudad Autonoma de Buenos Aires,Comuna 2,201401,40,2025,0,554
Argentina,Ciudad Autonoma de Buenos Aires,Comuna 2,201402,40,2025,3,5022
Argentina,Ciudad Autonoma de Buenos Aires,Comuna 2,201403,40,2025,3,5681
Argentina,Ciudad Autonoma de Buenos Aires,Comuna 2,201404,40,2025,6,6670
Argentina,Ciudad Autonoma de Buenos Aires,Comuna 2,201405,40,2025,5,6654
Argentina,Ciudad Autonoma de Buenos Aires,Comuna 2,201406,40,2025,4,6504
Argentina,Ciudad Autonoma de Buenos Aires,Comuna 2,201407,40,2025,9,7631
Argentina,Ciudad Autonoma de Buenos Aires,Comuna 2,201408,40,2025,10,9285
Argentina,Ciudad Autonoma de Buenos Aires,Comuna 2,201409,40,2025,5,8985
Argentina,Ciudad Autonoma de Buenos Aires,Comuna 2,201410,40,2025,5,7067
Argentina,Ciudad Autonoma de Buenos Aires,Comuna 2,201411,40,2025,5,5593
Argentina,Ciudad Autonoma de Buenos Aires,Comuna 2,201412,40,2025,2,5734
Argentina,Ciudad Autonoma de Buenos Aires,Comuna 2,201413,40,2025,4,7043
Argentina,Ciudad Autonoma de Buenos Aires,Comuna 2,201414,40,2025,8,8370
Argentina,Ciudad Autonoma de Buenos Aires,Comuna 2,201415,40,2025,6,6053
Argentina,Ciudad Autonoma de Buenos Aires,Comuna 2,201416,40,2025,5,5917
Argentina,Ciudad Autonoma de Buenos Aires,Comuna 2,201417,40,2025,8,7963
Argentina,Ciudad Autonoma de Buenos Aires,Comuna 2,201418,40,2025,7,6383
Argentina,Ciudad Autonoma de Buenos Aires,Comuna 2,201419,40,2025,1,6436
Argentina,Ciudad Autonoma de Buenos Aires,Comuna 2,201420,40,2025,11,7134
Argentina,Ciudad Autonoma de Buenos Aires,Comuna 2,201421,40,2025,7,5726
Argentina,Ciudad Autonoma de Buenos Aires,Comuna 2,201422,40,2025,7,5002
Argentina,Ciudad Autonoma de Buenos Aires,Comuna 2,201423,40,2025,4,5517
Argentina,Ciudad Autonoma de Buenos Aires,Comuna 2,201424,40,2025,2,5483
Argentina,Ciudad Autonoma de Buenos Aires,Comuna 2,201425,40,2025,4,8202
Argentina,Ciudad Autonoma de Buenos Aires,Comuna 5,203501,40,2025,2,9107
Argentina,Ciudad Autonoma de Buenos Aires,Comuna 5,203502,40,2025,13,8659
Argentina,Ciudad Autonoma de Buenos Aires,Comuna 5,203503,40,2025,12,9246
Argentina,Ciudad Autonoma de Buenos Aires,Comuna 5,203504,40,2025,12,8180
Argentina,Ciudad Autonoma de Buenos Aires,Comuna 5,203505,40,2025,5,6557
Argentina,Ciudad Autonoma de Buenos Aires,Comuna 5,203506,40,2025,9,7989
Argentina,Ciudad Autonoma de Buenos Aires,Comuna 5,203507,40,2025,7,7616
Argentina,Ciudad Autonoma de Buenos Aires,Comuna 5,203508,40,2025,10,8744
Argentina,Ciudad Autonoma de Buenos Aires,Comuna 5,203509,40,2025,10,7892
Argentina,Ciudad Autonoma de Buenos Aires,Comuna 5,203510,40,2025,2,8718
Argentina,Ciudad Autonoma de Buenos Aires,Comuna 5,203511,40,2025,12,9263
Argentina,Ciudad Autonoma de Buenos Aires,Comuna 5,203512,40,2025,7,7201
Argentina,Ciudad Autonoma de Buenos Aires,Comuna 5,203513,40,2025,6,7410
Argentina,Ciudad Autonoma de Buenos Aires,Comuna 5,203514,40,2025,12,8821
Argentina,Ciudad Autonoma de Buenos Aires,Comuna 5,203515,40,2025,5,7651
Argentina,Ciudad Autonoma de Buenos Aires,Comuna 5,203516,40,2025,6,10461
Argentina,Ciudad Autonoma de Buenos Aires,Comuna 5,203517,40,2025,13,9254
Argentina,Ciudad Autonoma de Buenos Aires,Comuna 5,203518,40,2025,10,9162
Argentina,Ciudad Autonoma de Buenos Aires,Comuna 5,203519,40,2025,14,9340
Argentina,Ciudad Autonoma de Buenos Aires,Comuna 5,203520,40,2025,17,11091
Argentina,Ciudad Autonoma de Buenos Aires,Comuna 5,203521,40,2025,7,8855
Argentina,Ciudad Autonoma de Buenos Aires,Comuna 5,203522,40,2025,14,11232
Argentina,Ciudad Autonoma de Buenos Aires,Comuna 6,204201,40,2025,9,9911
Argentina,Ciudad Autonoma de Buenos Aires,Comuna 6,204202,40,2025,10,10787
Argentina,Ciudad Autonoma de Buenos Aires,Comuna 6,204203,40,2025,6,8899
Argentina,Ciudad Autonoma de Buenos Aires,Comuna 6,204204,40,2025,4,11727
Argentina,Ciudad Autonoma de Buenos Aires,Comuna 6,204205,40,2025,15,10329
Argentina,Ciudad Autonoma de Buenos Aires,Comuna 6,204206,40,2025,9,10367
Argentina,Ciudad Autonoma de Buenos Aires,Comuna 6,204207,40,2025,16,12185
Argentina,Ciudad Autonoma de Buenos Aires,Comuna 6,204208,40,2025,8,9497
Argentina,Ciudad Autonoma de Buenos Aires,Comuna 6,204209,40,2025,6,7356
Argentina,Ciudad Autonoma de Buenos Aires,Comuna 6,204210,40,2025,4,8697
Argentina,Ciudad Autonoma de Buenos Aires,Comuna 6,204211,40,2025,7,9646
Argentina,Ciudad Autonoma de Buenos Aires,Comuna 6,204212,40,2025,5,7926
Argentina,Ciudad Autonoma de Buenos Aires,Comuna 6,204213,40,2025,6,10037
Argentina,Ciudad Autonoma de Buenos Aires,Comuna 6,204214,40,2025,11,9669
Argentina,Ciudad Autonoma de Buenos Aires,Comuna 6,204215,40,2025,9,9168
Argentina,Ciudad Autonoma de Buenos Aires,Comuna 6,204216,40,2025,10,12982
Argentina,Ciudad Autonoma de Buenos Aires,Comuna 6,204217,40,2025,11,7259
Argentina,Ciudad Autonoma de Buenos Aires,Comuna 6,204218,40,2025,11,8066
Argentina,Ciudad Autonoma de Buenos Aires,Comuna 6,204219,40,2025,10,7952
Argentina,Ciudad Autonoma de Buenos Aires,Comuna 6,204220,40,2025,9,8895
Argentina,Ciudad Autonoma de Buenos Aires,Comuna 6,204221,40,2025,9,10409
Argentina,Ciudad Autonoma de Buenos Aires,Comuna 7,204901,40,2025,9,6665
Argentina,Ciudad Autonoma de Buenos Aires,Comuna 7,204902,40,2025,4,8593
Argentina,Ciudad Autonoma de Buenos Aires,Comuna 7,204903,40,2025,10,10871
Argentina,Ciudad Autonoma de Buenos Aires,Comuna 7,204904,40,2025,10,9795
Argentina,Ciudad Autonoma de Buenos Aires,Comuna 7,204905,40,2025,7,8999
Argentina,Ciudad Autonoma de Buenos Aires,Comuna 7,204906,40,2025,7,7524
Argentina,Ciudad Autonoma de Buenos Aires,Comuna 7,204907,40,2025,11,9257
Argentina,Ciudad Autonoma de Buenos Aires,Comuna 7,204908,40,2025,9,7685
Argentina,Ciudad Autonoma de Buenos Aires,Comuna 7,204909,40,2025,10,9705
Argentina,Ciudad Autonoma de Buenos Aires,Comuna 7,204910,40,2025,9,8735
Argentina,Ciudad Autonoma de Buenos Aires,Comuna 7,204911,40,2025,15,10501
Argentina,Ciudad Autonoma de Buenos Aires,Comuna 7,204912,40,2025,13,7467
Argentina,Ciudad Autonoma de Buenos Aires,Comuna 7,204913,40,2025,8,11414
Argentina,Ciudad Autonoma de Buenos Aires,Comuna 7,204914,40,2025,17,11132
Argentina,Ciudad Autonoma de Buenos Aires,Comuna 7,204915,40,2025,12,9647
Argentina,Ciudad Autonoma de Buenos Aires,Comuna 7,204916,40,2025,10,8094
Argentina,Ciudad Autonoma de Buenos Aires,Comuna 7,204917,40,2025,2,2971
Argentina,Ciudad Autonoma de Buenos Aires,Comuna 7,204918,40,2025,3,3398
Argentina,Ciudad Autonoma de Buenos Aires,Comuna 7,204919,40,2025,6,6454
Argentina,Ciudad Autonoma de Buenos Aires,Comuna 7,204920,40,2025,11,12736
Argentina,Ciudad Autonoma de Buenos Aires,Comuna 7,204921,40,2025,13,11351
Argentina,Ciudad Autonoma de Buenos Aires,Comuna 7,204922,40,2025,12,11303
Argentina,Ciudad Autonoma de Buenos Aires,Comuna 7,204923,40,2025,8,7839
Argentina,Ciudad Autonoma de Buenos Aires,Comuna 7,204924,40,2025,12,11126
Argentina,Ciudad Autonoma de Buenos Aires,Comuna 10,207001,41,2025,6,6651
Argentina,Ciudad Autonoma de Buenos Aires,Comuna 10,207002,41,2025,5,7094
Argentina,Ciudad Autonoma de Buenos Aires,Comuna 10,207003,41,2025,7,6682
Argentina,Ciudad Autonoma de Buenos Aires,Comuna 10,207004,41,2025,8,9342
Argentina,Ciudad Autonoma de Buenos Aires,Comuna 10,207005,41,2025,14,11787
Argentina,Ciudad Autonoma de Buenos Aires,Comuna 10,207006,41,2025,17,12408
Argentina,Ciudad Autonoma de Buenos Aires,Comuna 10,207007,41,2025,12,11630
Argentina,Ciudad Autonoma de Buenos Aires,Comuna 10,207008,41,2025,6,9038
Argentina,Ciudad Autonoma de Buenos Aires,Comuna 10,207009,41,2025,7,8752
Argentina,Ciudad Autonoma de Buenos Aires,Comuna 10,207010,41,2025,11,10398
Argentina,Ciudad Autonoma de Buenos Aires,Comuna 10,207011,41,2025,9,8554
Argentina,Ciudad Autonoma de Buenos Aires,Comuna 10,207012,41,2025,9,6677
Argentina,Ciudad Autonoma de Buenos Aires,Comuna 10,207013,41,2025,11,8285
Argentina,Ciudad Autonoma de Buenos Aires,Comuna 10,207014,41,2025,7,9092
Argentina,Ciudad Autonoma de Buenos Aires,Comuna 10,207015,41,2025,8,7248
Argentina,Ciudad Autonoma de Buenos Aires,Comuna 10,207016,41,2025,13,8724
Argentina,Ciudad Autonoma de Buenos Aires,Comuna 10,207017,41,2025,10,9635
Argentina,Ciudad Autonoma de Buenos Aires,Comuna 10,207018,41,2025,9,8682
Argentina,Ciudad Autonoma de Buenos Aires,Comuna 10,207019,41,2025,15,11217
Argentina,Ciudad Autonoma de Buenos Aires,Comuna 11,207701,41,2025,8,11069
Argentina,Ciudad Autonoma de Buenos Aires,Comuna 11,207702,41,2025,8,10205
Argentina,Ciudad Autonoma de Buenos Aires,Comuna 11,207703,41,2025,7,9103
Argentina,Ciudad Autonoma de Buenos Aires,Comuna 11,207704,41,2025,12,10387
Argentina,Ciudad Autonoma de Buenos Aires,Comuna 11,207705,41,2025,8,7955
Argentina,Ciudad Autonoma de Buenos Aires,Comuna 11,207706,41,2025,9,11455
Argentina,Ciudad Autonoma de Buenos Aires,Comuna 11,207707,41,2025,9,11428
Argentina,Ciudad Autonoma de Buenos Aires,Comuna 11,207708,41,2025,9,8072
Argentina,Ciudad Autonoma de Buenos Aires,Comuna 11,207709,41,2025,13,9257
Argentina,Ciudad Autonoma de Buenos Aires,Comuna 11,207710,41,2025,12,11259
Argentina,Ciudad Autonoma de Buenos Aires,Comuna 11,207711,41,2025,11,8065
Argentina,Ciudad Autonoma de Buenos Aires,Comuna 11,207712,41,2025,8,8059
Argentina,Ciudad Autonoma de Buenos Aires,Comuna 11,207713,41,2025,9,9254
Argentina,Ciudad Autonoma de Buenos Aires,Comuna 11,207714,41,2025,8,7270
Argentina,Ciudad Autonoma de Buenos Aires,Comuna 11,207715,41,2025,11,10022
Argentina,Ciudad Autonoma de Buenos Aires,Comuna 11,207716,41,2025,7,9462
Argentina,Ciudad Autonoma de Buenos Aires,Comuna 11,207717,41,2025,3,6323
Argentina,Ciudad Autonoma de Buenos Aires,Comuna 11,207718,41,2025,9,9010
Argentina,Ciudad Autonoma de Buenos Aires,Comuna 11,207719,41,2025,5,7194
Argentina,Ciudad Autonoma de Buenos Aires,Comuna 11,207720,41,2025,13,9079
Argentina,Ciudad Autonoma de Buenos Aires,Comuna 11,207721,41,2025,17,9075
Argentina,Ciudad Autonoma de Buenos Aires,Comuna 11,207722,41,2025,9,8902
Argentina,Ciudad Autonoma de Buenos Aires,Comuna 12,208401,41,2025,31,9341
Argentina,Ciudad Autonoma de Buenos Aires,Comuna 12,208402,41,2025,24,8793
Argentina,Ciudad Autonoma de Buenos Aires,Comuna 12,208403,41,2025,28,9271
Argentina,Ciudad Autonoma de Buenos Aires,Comuna 12,208404,41,2025,25,8702
Argentina,Ciudad Autonoma de Buenos Aires,Comuna 12,208405,41,2025,27,8415
Argentina,Ciudad Autonoma de Buenos Aires,Comuna 12,208406,41,2025,28,9143
Argentina,Ciudad Autonoma de Buenos Aires,Comuna 12,208407,41,2025,29,10293
Argentina,Ciudad Autonoma de Buenos Aires,Comuna 12,208408,41,2025,28,10510
Argentina,Ciudad Autonoma de Buenos Aires,Comuna 12,208409,41,2025,21,8365
Argentina,Ciudad Autonoma de Buenos Aires,Comuna 12,208410,41,2025,34,11926
Argentina,Ciudad Autonoma de Buenos Aires,Comuna 12,208411,41,2025,36,10276
Argentina,Ciudad Autonoma de Buenos Aires,Comuna 12,208412,41,2025,26,8291
Argentina,Ciudad Autonoma de Buenos Aires,Comuna 12,208413,41,2025,31,9891
Argentina,Ciudad Autonoma de Buenos Aires,Comuna 12,208414,41,2025,31,12202
Argentina,Ciudad Autonoma de Buenos Aires,Comuna 12,208415,41,2025,35,13785
Argentina,Ciudad Autonoma de Buenos Aires,Comuna 12,208416,41,2025,65,16395
Argentina,Ciudad Autonoma de Buenos Aires,Comuna 12,208417,41,2025,31,9935
Argentina,Ciudad Autonoma de Buenos Aires,Comuna 12,208418,41,2025,45,13227
Argentina,Ciudad Autonoma de Buenos Aires,Comuna 12,208419,41,2025,42,12268
Argentina,Ciudad Autonoma de Buenos Aires,Comuna 12,208420,41,2025,28,9926
Argentina,Ciudad Autonoma de Buenos Aires,Comuna 12,208421,41,2025,28,11426
Argentina,Ciudad Autonoma de Buenos Aires,Comuna 12,208422,41,2025,32,12983
Argentina,Ciudad Autonoma de Buenos Aires,Comuna 13,209101,41,2025,23,11656
Argentina,Ciudad Autonoma de Buenos Aires,Comuna 13,209102,41,2025,26,10984
Argentina,Ciudad Autonoma de Buenos Aires,Comuna 13,209103,41,2025,22,10868
Argentina,Ciudad Autonoma de Buenos Aires,Comuna 13,209104,41,2025,28,13113
Argentina,Ciudad Autonoma de Buenos Aires,Comuna 13,209105,41,2025,20,10421
Argentina,Ciudad Autonoma de Buenos Aires,Comuna 13,209106,41,2025,17,7917
Argentina,Ciudad Autonoma de Buenos Aires,Comuna 13,209107,41,2025,13,8294
Argentina,Ciudad Autonoma de Buenos Aires,Comuna 13,209108,41,2025,19,9153
Argentina,Ciudad Autonoma de Buenos Aires,Comuna 13,209109,41,2025,15,8207
Argentina,Ciudad Autonoma de Buenos Aires,Comuna 13,209110,41,2025,26,10807
Argentina,Ciudad Autonoma de Buenos Aires,Comuna 13,209111,41,2025,9,4808
Argentina,Ciudad Autonoma de Buenos Aires,Comuna 13,209112,41,2025,15,8591
Argentina,Ciudad Autonoma de Buenos Aires,Comuna 13,209113,41,2025,17,10772
Argentina,Ciudad Autonoma de Buenos Aires,Comuna 13,209114,41,2025,18,7311
Argentina,Ciudad Autonoma de Buenos Aires,Comuna 13,209115,41,2025,19,9651
Argentina,Ciudad Autonoma de Buenos Aires,Comuna 13,209116,41,2025,19,10427
Argentina,Ciudad Autonoma de Buenos Aires,Comuna 13,209117,41,2025,22,11221
Argentina,Ciudad Autonoma de Buenos Aires,Comuna 13,209118,41,2025,19,8113
Argentina,Ciudad Autonoma de Buenos Aires,Comuna 13,209119,41,2025,15,8504
Argentina,Ciudad Autonoma de Buenos Aires,Comuna 13,209120,41,2025,10,9333
Argentina,Ciudad Autonoma de Buenos Aires,Comuna 13,209121,41,2025,15,8521
Argentina,Ciudad Autonoma de Buenos Aires,Comuna 13,209122,41,2025,20,8416
Argentina,Ciudad Autonoma de Buenos Aires,Comuna 13,209123,41,2025,29,9675
Argentina,Ciudad Autonoma de Buenos Aires,Comuna 13,209124,41,2025,16,7611
Argentina,Ciudad Autonoma de Buenos Aires,Comuna 13,209125,41,2025,14,6503
Argentina,Ciudad Autonoma de Buenos Aires,Comuna 13,209126,41,2025,11,8070
Argentina,Ciudad Autonoma de Buenos Aires,Comuna 13,209127,41,2025,16,7860
Argentina,Ciudad Autonoma de Buenos Aires,Comuna 13,209128,41,2025,15,7714
Argentina,Ciudad Autonoma de Buenos Aires,Comuna 13,209129,41,2025,8,7809
Argentina,Ciudad Autonoma de Buenos Aires,Comuna 14,209801,41,2025,13,8008
Argentina,Ciudad Autonoma de Buenos Aires,Comuna 14,209802,41,2025,15,8651
Argentina,Ciudad Autonoma de Buenos Aires,Comuna 14,209803,41,2025,18,9921
Argentina,Ciudad Autonoma de Buenos Aires,Comuna 14,209804,41,2025,12,9128
Argentina,Ciudad Autonoma de Buenos Aires,Comuna 14,209805,41,2025,11,7958
Argentina,Ciudad Autonoma de Buenos Aires,Comuna 14,209806,41,2025,13,9397
Argentina,Ciudad Autonoma de Buenos Aires,Comuna 14,209807,41,2025,13,9307
Argentina,Ciudad Autonoma de Buenos Aires,Comuna 14,209808,41,2025,8,8700
Argentina,Ciudad Autonoma de Buenos Aires,Comuna 14,209809,41,2025,22,12492
Argentina,Ciudad Autonoma de Buenos Aires,Comuna 14,209810,41,2025,0,190
Argentina,Ciudad Autonoma de Buenos Aires,Comuna 14,209811,41,2025,18,12051
Argentina,Ciudad Autonoma de Buenos Aires,Comuna 14,209812,41,2025,7,7962
Argentina,Ciudad Autonoma de Buenos Aires,Comuna 14,209813,41,2025,16,7376
Argentina,Ciudad Autonoma de Buenos Aires,Comuna 14,209814,41,2025,10,7484
Argentina,Ciudad Autonoma de Buenos Aires,Comuna 14,209815,41,2025,9,8094
Argentina,Ciudad Autonoma de Buenos Aires,Comuna 14,209816,41,2025,6,6773
Argentina,Ciudad Autonoma de Buenos Aires,Comuna 14,209817,41,2025,14,7231
Argentina,Ciudad Autonoma de Buenos Aires,Comuna 14,209818,41,2025,9,6981
Argentina,Ciudad Autonoma de Buenos Aires,Comuna 14,209819,41,2025,11,5589
Argentina,Ciudad Autonoma de Buenos Aires,Comuna 14,209820,41,2025,10,6758
Argentina,Ciudad Autonoma de Buenos Aires,Comuna 14,209821,41,2025,16,7312
Argentina,Ciudad Autonoma de Buenos Aires,Comuna 14,209822,41,2025,15,8363
Argentina,Ciudad Autonoma de Buenos Aires,Comuna 14,209823,41,2025,16,11012
Argentina,Ciudad Autonoma de Buenos Aires,Comuna 14,209824,41,2025,9,6199
Argentina,Ciudad Autonoma de Buenos Aires,Comuna 14,209825,41,2025,8,7637
Argentina,Ciudad Autonoma de Buenos Aires,Comuna 14,209826,41,2025,7,6558
Argentina,Ciudad Autonoma de Buenos Aires,Comuna 14,209827,41,2025,9,6199
Argentina,Ciudad Autonoma de Buenos Aires,Comuna 14,209828,41,2025,14,9243
Argentina,Ciudad Autonoma de Buenos Aires,Comuna 14,209829,41,2025,11,8453
Argentina,Ciudad Autonoma de Buenos Aires,Comuna 14,209830,41,2025,10,8109
Argentina,Ciudad Autonoma de Buenos Aires,Comuna 14,209831,41,2025,11,8116
Argentina,Ciudad Autonoma de Buenos Aires,Comuna 15,210501,41,2025,14,9594
Argentina,Ciudad Autonoma de Buenos Aires,Comuna 15,210502,41,2025,8,6548
Argentina,Ciudad Autonoma de Buenos Aires,Comuna 15,210503,41,2025,20,10235
Argentina,Ciudad Autonoma de Buenos Aires,Comuna 15,210504,41,2025,14,12235
Argentina,Ciudad Autonoma de Buenos Aires,Comuna 15,210505,41,2025,22,12207
Argentina,Ciudad Autonoma de Buenos Aires,Comuna 15,210506,41,2025,6,4156
Argentina,Ciudad Autonoma de Buenos Aires,Comuna 15,210507,41,2025,22,12285
Argentina,Ciudad Autonoma de Buenos Aires,Comuna 15,210508,41,2025,14,8807
Argentina,Ciudad Autonoma de Buenos Aires,Comuna 15,210509,41,2025,13,8645
Argentina,Ciudad Autonoma de Buenos Aires,Comuna 15,210510,41,2025,22,10813
Argentina,Ciudad Autonoma de Buenos Aires,Comuna 15,210511,41,2025,21,11863
Argentina,Ciudad Autonoma de Buenos Aires,Comuna 15,210512,41,2025,9,7208
Argentina,Ciudad Autonoma de Buenos Aires,Comuna 15,210513,41,2025,11,7242
Argentina,Ciudad Autonoma de Buenos Aires,Comuna 15,210514,41,2025,16,9564
Argentina,Ciudad Autonoma de Buenos Aires,Comuna 15,210515,41,2025,12,9091
Argentina,Ciudad Autonoma de Buenos Aires,Comuna 15,210516,41,2025,16,8911
Argentina,Ciudad Autonoma de Buenos Aires,Comuna 15,210517,41,2025,22,8753
Argentina,Ciudad Autonoma de Buenos Aires,Comuna 15,210518,41,2025,16,8161
Argentina,Ciudad Autonoma de Buenos Aires,Comuna 15,210519,41,2025,5,8739
Argentina,Ciudad Autonoma de Buenos Aires,Comuna 15,210520,41,2025,12,8787
Argentina,Ciudad Autonoma de Buenos Aires,Comuna 15,210521,41,2025,20,11421
Argentina,Ciudad Autonoma de Buenos Aires,Comuna 2,201401,41,2025,0,554
Argentina,Ciudad Autonoma de Buenos Aires,Comuna 2,201402,41,2025,8,5022
Argentina,Ciudad Autonoma de Buenos Aires,Comuna 2,201403,41,2025,8,5681
Argentina,Ciudad Autonoma de Buenos Aires,Comuna 2,201404,41,2025,7,6670
Argentina,Ciudad Autonoma de Buenos Aires,Comuna 2,201405,41,2025,8,6654
Argentina,Ciudad Autonoma de Buenos Aires,Comuna 2,201406,41,2025,6,6504
Argentina,Ciudad Autonoma de Buenos Aires,Comuna 2,201407,41,2025,6,7631
Argentina,Ciudad Autonoma de Buenos Aires,Comuna 2,201408,41,2025,8,9285
Argentina,Ciudad Autonoma de Buenos Aires,Comuna 2,201409,41,2025,10,8985
Argentina,Ciudad Autonoma de Buenos Aires,Comuna 2,201410,41,2025,13,7067
Argentina,Ciudad Autonoma de Buenos Aires,Comuna 2,201411,41,2025,4,5593
Argentina,Ciudad Autonoma de Buenos Aires,Comuna 2,201412,41,2025,7,5734
Argentina,Ciudad Autonoma de Buenos Aires,Comuna 2,201413,41,2025,8,7043
Argentina,Ciudad Autonoma de Buenos Aires,Comuna 2,201414,41,2025,9,8370
Argentina,Ciudad Autonoma de Buenos Aires,Comuna 2,201415,41,2025,9,6053
Argentina,Ciudad Autonoma de Buenos Aires,Comuna 2,201416,41,2025,5,5917
Argentina,Ciudad Autonoma de Buenos Aires,Comuna 2,201417,41,2025,13,7963
Argentina,Ciudad Autonoma de Buenos Aires,Comuna 2,201418,41,2025,7,6383
Argentina,Ciudad Autonoma de Buenos Aires,Comuna 2,201419,41,2025,5,6436
Argentina,Ciudad Autonoma de Buenos Aires,Comuna 2,201420,41,2025,7,7134
Argentina,Ciudad Autonoma de Buenos Aires,Comuna 2,201421,41,2025,5,5726
Argentina,Ciudad Autonoma de Buenos Aires,Comuna 2,201422,41,2025,3,5002
Argentina,Ciudad Autonoma de Buenos Aires,Comuna 2,201423,41,2025,4,5517
Argentina,Ciudad Autonoma de Buenos Aires,Comuna 2,201424,41,2025,5,5483
Argentina,Ciudad Autonoma de Buenos Aires,Comuna 2,201425,41,2025,6,8202
Argentina,Ciudad Autonoma de Buenos Aires,Comuna 5,203501,41,2025,7,9107
Argentina,Ciudad Autonoma de Buenos Aires,Comuna 5,203502,41,2025,11,8659
Argentina,Ciudad Autonoma de Buenos Aires,Comuna 5,203503,41,2025,8,9246
Argentina,Ciudad Autonoma de Buenos Aires,Comuna 5,203504,41,2025,11,8180
Argentina,Ciudad Autonoma de Buenos Aires,Comuna 5,203505,41,2025,4,6557
Argentina,Ciudad Autonoma de Buenos Aires,Comuna 5,203506,41,2025,8,7989
Argentina,Ciudad Autonoma de Buenos Aires,Comuna 5,203507,41,2025,10,7616
Argentina,Ciudad Autonoma de Buenos Aires,Comuna 5,203508,41,2025,10,8744
Argentina,Ciudad Autonoma de Buenos Aires,Comuna 5,203509,41,2025,8,7892
Argentina,Ciudad Autonoma de Buenos Aires,Comuna 5,203510,41,2025,14,8718
Argentina,Ciudad Autonoma de Buenos Aires,Comuna 5,203511,41,2025,11,9263
Argentina,Ciudad Autonoma de Buenos Aires,Comuna 5,203512,41,2025,6,7201
Argentina,Ciudad Autonoma de Buenos Aires,Comuna 5,203513,41,2025,6,7410
Argentina,Ciudad Autonoma de Buenos Aires,Comuna 5,203514,41,2025,11,8821
Argentina,Ciudad Autonoma de Buenos Aires,Comuna 5,203515,41,2025,11,7651
Argentina,Ciudad Autonoma de Buenos Aires,Comuna 5,203516,41,2025,11,10461
Argentina,Ciudad Autonoma de Buenos Aires,Comuna 5,203517,41,2025,9,9254
Argentina,Ciudad Autonoma de Buenos Aires,Comuna 5,203518,41,2025,7,9162
Argentina,Ciudad Autonoma de Buenos Aires,Comuna 5,203519,41,2025,9,9340
Argentina,Ciudad Autonoma de Buenos Aires,Comuna 5,203520,41,2025,12,11091
Argentina,Ciudad Autonoma de Buenos Aires,Comuna 5,203521,41,2025,5,8855
Argentina,Ciudad Autonoma de Buenos Aires,Comuna 5,203522,41,2025,8,11232
Argentina,Ciudad Autonoma de Buenos Aires,Comuna 6,204201,41,2025,17,9911
Argentina,Ciudad Autonoma de Buenos Aires,Comuna 6,204202,41,2025,11,10787
Argentina,Ciudad Autonoma de Buenos Aires,Comuna 6,204203,41,2025,9,8899
Argentina,Ciudad Autonoma de Buenos Aires,Comuna 6,204204,41,2025,5,11727
Argentina,Ciudad Autonoma de Buenos Aires,Comuna 6,204205,41,2025,7,10329
Argentina,Ciudad Autonoma de Buenos Aires,Comuna 6,204206,41,2025,3,10367
Argentina,Ciudad Autonoma de Buenos Aires,Comuna 6,204207,41,2025,11,12185
Argentina,Ciudad Autonoma de Buenos Aires,Comuna 6,204208,41,2025,13,9497
Argentina,Ciudad Autonoma de Buenos Aires,Comuna 6,204209,41,2025,5,7356
Argentina,Ciudad Autonoma de Buenos Aires,Comuna 6,204210,41,2025,14,8697
Argentina,Ciudad Autonoma de Buenos Aires,Comuna 6,204211,41,2025,5,9646
Argentina,Ciudad Autonoma de Buenos Aires,Comuna 6,204212,41,2025,9,7926
Argentina,Ciudad Autonoma de Buenos Aires,Comuna 6,204213,41,2025,16,10037
Argentina,Ciudad Autonoma de Buenos Aires,Comuna 6,204214,41,2025,10,9669
Argentina,Ciudad Autonoma de Buenos Aires,Comuna 6,204215,41,2025,10,9168
Argentina,Ciudad Autonoma de Buenos Aires,Comuna 6,204216,41,2025,13,12982
Argentina,Ciudad Autonoma de Buenos Aires,Comuna 6,204217,41,2025,8,7259
Argentina,Ciudad Autonoma de Buenos Aires,Comuna 6,204218,41,2025,12,8066
Argentina,Ciudad Autonoma de Buenos Aires,Comuna 6,204219,41,2025,4,7952
Argentina,Ciudad Autonoma de Buenos Aires,Comuna 6,204220,41,2025,10,8895
Argentina,Ciudad Autonoma de Buenos Aires,Comuna 6,204221,41,2025,12,10409
Argentina,Ciudad Autonoma de Buenos Aires,Comuna 7,204901,41,2025,8,6665
Argentina,Ciudad Autonoma de Buenos Aires,Comuna 7,204902,41,2025,9,8593
Argentina,Ciudad Autonoma de Buenos Aires,Comuna 7,204903,41,2025,9,10871
Argentina,Ciudad Autonoma de Buenos Aires,Comuna 7,204904,41,2025,11,9795
Argentina,Ciudad Autonoma de Buenos Aires,Comuna 7,204905,41,2025,6,8999
Argentina,Ciudad Autonoma de Buenos Aires,Comuna 7,204906,41,2025,4,7524
Argentina,Ciudad Autonoma de Buenos Aires,Comuna 7,204907,41,2025,9,9257
Argentina,Ciudad Autonoma de Buenos Aires,Comuna 7,204908,41,2025,11,7685
Argentina,Ciudad Autonoma de Buenos Aires,Comuna 7,204909,41,2025,13,9705
Argentina,Ciudad Autonoma de Buenos Aires,Comuna 7,204910,41,2025,3,8735
Argentina,Ciudad Autonoma de Buenos Aires,Comuna 7,204911,41,2025,19,10501
Argentina,Ciudad Autonoma de Buenos Aires,Comuna 7,204912,41,2025,3,7467
Argentina,Ciudad Autonoma de Buenos Aires,Comuna 7,204913,41,2025,6,11414
Argentina,Ciudad Autonoma de Buenos Aires,Comuna 7,204914,41,2025,8,11132
Argentina,Ciudad Autonoma de Buenos Aires,Comuna 7,204915,41,2025,6,9647
Argentina,Ciudad Autonoma de Buenos Aires,Comuna 7,204916,41,2025,6,8094
Argentina,Ciudad Autonoma de Buenos Aires,Comuna 7,204917,41,2025,0,2971
Argentina,Ciudad Autonoma de Buenos Aires,Comuna 7,204918,41,2025,4,3398
Argentina,Ciudad Autonoma de Buenos Aires,Comuna 7,204919,41,2025,3,6454
Argentina,Ciudad Autonoma de Buenos Aires,Comuna 7,204920,41,2025,11,12736
Argentina,Ciudad Autonoma de Buenos Aires,Comuna 7,204921,41,2025,8,11351
Argentina,Ciudad Autonoma de Buenos Aires,Comuna 7,204922,41,2025,8,11303
Argentina,Ciudad Autonoma de Buenos Aires,Comuna 7,204923,41,2025,8,7839
Argentina,Ciudad Autonoma de Buenos Aires,Comuna 7,204924,41,2025,9,11126
Argentina,Ciudad Autonoma de Buenos Aires,Comuna 10,207001,42,2025,7,6651
Argentina,Ciudad Autonoma de Buenos Aires,Comuna 10,207002,42,2025,2,7094
Argentina,Ciudad Autonoma de Buenos Aires,Comuna 10,207003,42,2025,3,6682
Argentina,Ciudad Autonoma de Buenos Aires,Comuna 10,207004,42,2025,8,9342
Argentina,Ciudad Autonoma de Buenos Aires,Comuna 10,207005,42,2025,15,11787
Argentina,Ciudad Autonoma de Buenos Aires,Comuna 10,207006,42,2025,15,12408
Argentina,Ciudad Autonoma de Buenos Aires,Comuna 10,207007,42,2025,11,11630
Argentina,Ciudad Autonoma de Buenos Aires,Comuna 10,207008,42,2025,9,9038
Argentina,Ciudad Autonoma de Buenos Aires,Comuna 10,207009,42,2025,12,8752
Argentina,Ciudad Autonoma de Buenos Aires,Comuna 10,207010,42,2025,8,10398
Argentina,Ciudad Autonoma de Buenos Aires,Comuna 10,207011,42,2025,7,8554
Argentina,Ciudad Autonoma de Buenos Aires,Comuna 10,207012,42,2025,6,6677
Argentina,Ciudad Autonoma de Buenos Aires,Comuna 10,207013,42,2025,8,8285
Argentina,Ciudad Autonoma de Buenos Aires,Comuna 10,207014,42,2025,16,9092
Argentina,Ciudad Autonoma de Buenos Aires,Comuna 10,207015,42,2025,9,7248
Argentina,Ciudad Autonoma de Buenos Aires,Comuna 10,207016,42,2025,16,8724
Argentina,Ciudad Autonoma de Buenos Aires,Comuna 10,207017,42,2025,8,9635
Argentina,Ciudad Autonoma de Buenos Aires,Comuna 10,207018,42,2025,9,8682
Argentina,Ciudad Autonoma de Buenos Aires,Comuna 10,207019,42,2025,11,11217
Argentina,Ciudad Autonoma de Buenos Aires,Comuna 11,207701,42,2025,9,11069
Argentina,Ciudad Autonoma de Buenos Aires,Comuna 11,207702,42,2025,14,10205
Argentina,Ciudad Autonoma de Buenos Aires,Comuna 11,207703,42,2025,12,9103
Argentina,Ciudad Autonoma de Buenos Aires,Comuna 11,207704,42,2025,11,10387
Argentina,Ciudad Autonoma de Buenos Aires,Comuna 11,207705,42,2025,8,7955
Argentina,Ciudad Autonoma de Buenos Aires,Comuna 11,207706,42,2025,7,11455
Argentina,Ciudad Autonoma de Buenos Aires,Comuna 11,207707,42,2025,11,11428
Argentina,Ciudad Autonoma de Buenos Aires,Comuna 11,207708,42,2025,7,8072
Argentina,Ciudad Autonoma de Buenos Aires,Comuna 11,207709,42,2025,13,9257
Argentina,Ciudad Autonoma de Buenos Aires,Comuna 11,207710,42,2025,11,11259
Argentina,Ciudad Autonoma de Buenos Aires,Comuna 11,207711,42,2025,9,8065
Argentina,Ciudad Autonoma de Buenos Aires,Comuna 11,207712,42,2025,7,8059
Argentina,Ciudad Autonoma de Buenos Aires,Comuna 11,207713,42,2025,9,9254
Argentina,Ciudad Autonoma de Buenos Aires,Comuna 11,207714,42,2025,8,7270
Argentina,Ciudad Autonoma de Buenos Aires,Comuna 11,207715,42,2025,10,10022
Argentina,Ciudad Autonoma de Buenos Aires,Comuna 11,207716,42,2025,16,9462
Argentina,Ciudad Autonoma de Buenos Aires,Comuna 11,207717,42,2025,5,6323
Argentina,Ciudad Autonoma de Buenos Aires,Comuna 11,207718,42,2025,8,9010
Argentina,Ciudad Autonoma de Buenos Aires,Comuna 11,207719,42,2025,9,7194
Argentina,Ciudad Autonoma de Buenos Aires,Comuna 11,207720,42,2025,11,9079
Argentina,Ciudad Autonoma de Buenos Aires,Comuna 11,207721,42,2025,9,9075
Argentina,Ciudad Autonoma de Buenos Aires,Comuna 11,207722,42,2025,11,8902
Argentina,Ciudad Autonoma de Buenos Aires,Comuna 12,208401,42,2025,35,9341
Argentina,Ciudad Autonoma de Buenos Aires,Comuna 12,208402,42,2025,27,8793
Argentina,Ciudad Autonoma de Buenos Aires,Comuna 12,208403,42,2025,34,9271
Argentina,Ciudad Autonoma de Buenos Aires,Comuna 12,208404,42,2025,24,8702
Argentina,Ciudad Autonoma de Buenos Aires,Comuna 12,208405,42,2025,24,8415
Argentina,Ciudad Autonoma de Buenos Aires,Comuna 12,208406,42,2025,25,9143
Argentina,Ciudad Autonoma de Buenos Aires,Comuna 12,208407,42,2025,32,10293
Argentina,Ciudad Autonoma de Buenos Aires,Comuna 12,208408,42,2025,38,10510
Argentina,Ciudad Autonoma de Buenos Aires,Comuna 12,208409,42,2025,23,8365
Argentina,Ciudad Autonoma de Buenos Aires,Comuna 12,208410,42,2025,31,11926
Argentina,Ciudad Autonoma de Buenos Aires,Comuna 12,208411,42,2025,28,10276
Argentina,Ciudad Autonoma de Buenos Aires,Comuna 12,208412,42,2025,22,8291
Argentina,Ciudad Autonoma de Buenos Aires,Comuna 12,208413,42,2025,40,9891
Argentina,Ciudad Autonoma de Buenos Aires,Comuna 12,208414,42,2025,41,12202
Argentina,Ciudad Autonoma de Buenos Aires,Comuna 12,208415,42,2025,38,13785
Argentina,Ciudad Autonoma de Buenos Aires,Comuna 12,208416,42,2025,49,16395
Argentina,Ciudad Autonoma de Buenos Aires,Comuna 12,208417,42,2025,27,9935
Argentina,Ciudad Autonoma de Buenos Aires,Comuna 12,208418,42,2025,35,13227
Argentina,Ciudad Autonoma de Buenos Aires,Comuna 12,208419,42,2025,49,12268
Argentina,Ciudad Autonoma de Buenos Aires,Comuna 12,208420,42,2025,28,9926
Argentina,Ciudad Autonoma de Buenos Aires,Comuna 12,208421,42,2025,36,11426
Argentina,Ciudad Autonoma de Buenos Aires,Comuna 12,208422,42,2025,52,12983
Argentina,Ciudad Autonoma de Buenos Aires,Comuna 13,209101,42,2025,32,11656
Argentina,Ciudad Autonoma de Buenos Aires,Comuna 13,209102,42,2025,22,10984
Argentina,Ciudad Autonoma de Buenos Aires,Comuna 13,209103,42,2025,17,10868
Argentina,Ciudad Autonoma de Buenos Aires,Comuna 13,209104,42,2025,21,13113
Argentina,Ciudad Autonoma de Buenos Aires,Comuna 13,209105,42,2025,17,10421
Argentina,Ciudad Autonoma de Buenos Aires,Comuna 13,209106,42,2025,16,7917
Argentina,Ciudad Autonoma de Buenos Aires,Comuna 13,209107,42,2025,10,8294
Argentina,Ciudad Autonoma de Buenos Aires,Comuna 13,209108,42,2025,17,9153
Argentina,Ciudad Autonoma de Buenos Aires,Comuna 13,209109,42,2025,13,8207
Argentina,Ciudad Autonoma de Buenos Aires,Comuna 13,209110,42,2025,17,10807
Argentina,Ciudad Autonoma de Buenos Aires,Comuna 13,209111,42,2025,10,4808
Argentina,Ciudad Autonoma de Buenos Aires,Comuna 13,209112,42,2025,11,8591
Argentina,Ciudad Autonoma de Buenos Aires,Comuna 13,209113,42,2025,14,10772
Argentina,Ciudad Autonoma de Buenos Aires,Comuna 13,209114,42,2025,15,7311
Argentina,Ciudad Autonoma de Buenos Aires,Comuna 13,209115,42,2025,15,9651
Argentina,Ciudad Autonoma de Buenos Aires,Comuna 13,209116,42,2025,20,10427
Argentina,Ciudad Autonoma de Buenos Aires,Comuna 13,209117,42,2025,17,11221
Argentina,Ciudad Autonoma de Buenos Aires,Comuna 13,209118,42,2025,15,8113
Argentina,Ciudad Autonoma de Buenos Aires,Comuna 13,209119,42,2025,19,8504
Argentina,Ciudad Autonoma de Buenos Aires,Comuna 13,209120,42,2025,18,9333
Argentina,Ciudad Autonoma de Buenos Aires,Comuna 13,209121,42,2025,12,8521
Argentina,Ciudad Autonoma de Buenos Aires,Comuna 13,209122,42,2025,14,8416
Argentina,Ciudad Autonoma de Buenos Aires,Comuna 13,209123,42,2025,28,9675
Argentina,Ciudad Autonoma de Buenos Aires,Comuna 13,209124,42,2025,16,7611
Argentina,Ciudad Autonoma de Buenos Aires,Comuna 13,209125,42,2025,16,6503
Argentina,Ciudad Autonoma de Buenos Aires,Comuna 13,209126,42,2025,16,8070
Argentina,Ciudad Autonoma de Buenos Aires,Comuna 13,209127,42,2025,16,7860
Argentina,Ciudad Autonoma de Buenos Aires,Comuna 13,209128,42,2025,13,7714
Argentina,Ciudad Autonoma de Buenos Aires,Comuna 13,209129,42,2025,26,7809
Argentina,Ciudad Autonoma de Buenos Aires,Comuna 14,209801,42,2025,15,8008
Argentina,Ciudad Autonoma de Buenos Aires,Comuna 14,209802,42,2025,16,8651
Argentina,Ciudad Autonoma de Buenos Aires,Comuna 14,209803,42,2025,12,9921
Argentina,Ciudad Autonoma de Buenos Aires,Comuna 14,209804,42,2025,16,9128
Argentina,Ciudad Autonoma de Buenos Aires,Comuna 14,209805,42,2025,15,7958
Argentina,Ciudad Autonoma de Buenos Aires,Comuna 14,209806,42,2025,21,9397
Argentina,Ciudad Autonoma de Buenos Aires,Comuna 14,209807,42,2025,22,9307
Argentina,Ciudad Autonoma de Buenos Aires,Comuna 14,209808,42,2025,13,8700
Argentina,Ciudad Autonoma de Buenos Aires,Comuna 14,209809,42,2025,14,12492
Argentina,Ciudad Autonoma de Buenos Aires,Comuna 14,209810,42,2025,0,190
Argentina,Ciudad Autonoma de Buenos Aires,Comuna 14,209811,42,2025,21,12051
Argentina,Ciudad Autonoma de Buenos Aires,Comuna 14,209812,42,2025,17,7962
Argentina,Ciudad Autonoma de Buenos Aires,Comuna 14,209813,42,2025,10,7376
Argentina,Ciudad Autonoma de Buenos Aires,Comuna 14,209814,42,2025,8,7484
Argentina,Ciudad Autonoma de Buenos Aires,Comuna 14,209815,42,2025,20,8094
Argentina,Ciudad Autonoma de Buenos Aires,Comuna 14,209816,42,2025,8,6773
Argentina,Ciudad Autonoma de Buenos Aires,Comuna 14,209817,42,2025,8,7231
Argentina,Ciudad Autonoma de Buenos Aires,Comuna 14,209818,42,2025,8,6981
Argentina,Ciudad Autonoma de Buenos Aires,Comuna 14,209819,42,2025,8,5589
Argentina,Ciudad Autonoma de Buenos Aires,Comuna 14,209820,42,2025,10,6758
Argentina,Ciudad Autonoma de Buenos Aires,Comuna 14,209821,42,2025,15,7312
Argentina,Ciudad Autonoma de Buenos Aires,Comuna 14,209822,42,2025,9,8363
Argentina,Ciudad Autonoma de Buenos Aires,Comuna 14,209823,42,2025,15,11012
Argentina,Ciudad Autonoma de Buenos Aires,Comuna 14,209824,42,2025,10,6199
Argentina,Ciudad Autonoma de Buenos Aires,Comuna 14,209825,42,2025,14,7637
Argentina,Ciudad Autonoma de Buenos Aires,Comuna 14,209826,42,2025,13,6558
Argentina,Ciudad Autonoma de Buenos Aires,Comuna 14,209827,42,2025,8,6199
Argentina,Ciudad Autonoma de Buenos Aires,Comuna 14,209828,42,2025,15,9243
Argentina,Ciudad Autonoma de Buenos Aires,Comuna 14,209829,42,2025,14,8453
Argentina,Ciudad Autonoma de Buenos Aires,Comuna 14,209830,42,2025,14,8109
Argentina,Ciudad Autonoma de Buenos Aires,Comuna 14,209831,42,2025,3,8116
Argentina,Ciudad Autonoma de Buenos Aires,Comuna 15,210501,42,2025,14,9594
Argentina,Ciudad Autonoma de Buenos Aires,Comuna 15,210502,42,2025,9,6548
Argentina,Ciudad Autonoma de Buenos Aires,Comuna 15,210503,42,2025,14,10235
Argentina,Ciudad Autonoma de Buenos Aires,Comuna 15,210504,42,2025,16,12235
Argentina,Ciudad Autonoma de Buenos Aires,Comuna 15,210505,42,2025,17,12207
Argentina,Ciudad Autonoma de Buenos Aires,Comuna 15,210506,42,2025,7,4156
Argentina,Ciudad Autonoma de Buenos Aires,Comuna 15,210507,42,2025,14,12285
Argentina,Ciudad Autonoma de Buenos Aires,Comuna 15,210508,42,2025,9,8807
Argentina,Ciudad Autonoma de Buenos Aires,Comuna 15,210509,42,2025,11,8645
Argentina,Ciudad Autonoma de Buenos Aires,Comuna 15,210510,42,2025,17,10813
Argentina,Ciudad Autonoma de Buenos Aires,Comuna 15,210511,42,2025,20,11863
Argentina,Ciudad Autonoma de Buenos Aires,Comuna 15,210512,42,2025,7,7208
Argentina,Ciudad Autonoma de Buenos Aires,Comuna 15,210513,42,2025,13,7242
Argentina,Ciudad Autonoma de Buenos Aires,Comuna 15,210514,42,2025,26,9564
Argentina,Ciudad Autonoma de Buenos Aires,Comuna 15,210515,42,2025,11,9091
Argentina,Ciudad Autonoma de Buenos Aires,Comuna 15,210516,42,2025,14,8911
Argentina,Ciudad Autonoma de Buenos Aires,Comuna 15,210517,42,2025,17,8753
Argentina,Ciudad Autonoma de Buenos Aires,Comuna 15,210518,42,2025,11,8161
Argentina,Ciudad Autonoma de Buenos Aires,Comuna 15,210519,42,2025,15,8739
Argentina,Ciudad Autonoma de Buenos Aires,Comuna 15,210520,42,2025,15,8787
Argentina,Ciudad Autonoma de Buenos Aires,Comuna 15,210521,42,2025,18,11421
Argentina,Ciudad Autonoma de Buenos Aires,Comuna 2,201401,42,2025,1,554
Argentina,Ciudad Autonoma de Buenos Aires,Comuna 2,201402,42,2025,2,5022
Argentina,Ciudad Autonoma de Buenos Aires,Comuna 2,201403,42,2025,5,5681
Argentina,Ciudad Autonoma de Buenos Aires,Comuna 2,201404,42,2025,10,6670
Argentina,Ciudad Autonoma de Buenos Aires,Comuna 2,201405,42,2025,7,6654
Argentina,Ciudad Autonoma de Buenos Aires,Comuna 2,201406,42,2025,5,6504
Argentina,Ciudad Autonoma de Buenos Aires,Comuna 2,201407,42,2025,7,7631
Argentina,Ciudad Autonoma de Buenos Aires,Comuna 2,201408,42,2025,9,9285
Argentina,Ciudad Autonoma de Buenos Aires,Comuna 2,201409,42,2025,11,8985
Argentina,Ciudad Autonoma de Buenos Aires,Comuna 2,201410,42,2025,6,7067
Argentina,Ciudad Autonoma de Buenos Aires,Comuna 2,201411,42,2025,10,5593
Argentina,Ciudad Autonoma de Buenos Aires,Comuna 2,201412,42,2025,2,5734
Argentina,Ciudad Autonoma de Buenos Aires,Comuna 2,201413,42,2025,8,7043
Argentina,Ciudad Autonoma de Buenos Aires,Comuna 2,201414,42,2025,8,8370
Argentina,Ciudad Autonoma de Buenos Aires,Comuna 2,201415,42,2025,5,6053
Argentina,Ciudad Autonoma de Buenos Aires,Comuna 2,201416,42,2025,6,5917
Argentina,Ciudad Autonoma de Buenos Aires,Comuna 2,201417,42,2025,5,7963
Argentina,Ciudad Autonoma de Buenos Aires,Comuna 2,201418,42,2025,7,6383
Argentina,Ciudad Autonoma de Buenos Aires,Comuna 2,201419,42,2025,6,6436
Argentina,Ciudad Autonoma de Buenos Aires,Comuna 2,201420,42,2025,6,7134
Argentina,Ciudad Autonoma de Buenos Aires,Comuna 2,201421,42,2025,10,5726
Argentina,Ciudad Autonoma de Buenos Aires,Comuna 2,201422,42,2025,8,5002
Argentina,Ciudad Autonoma de Buenos Aires,Comuna 2,201423,42,2025,5,5517
Argentina,Ciudad Autonoma de Buenos Aires,Comuna 2,201424,42,2025,4,5483
Argentina,Ciudad Autonoma de Buenos Aires,Comuna 2,201425,42,2025,9,8202
Argentina,Ciudad Autonoma de Buenos Aires,Comuna 5,203501,42,2025,9,9107
Argentina,Ciudad Autonoma de Buenos Aires,Comuna 5,203502,42,2025,14,8659
Argentina,Ciudad Autonoma de Buenos Aires,Comuna 5,203503,42,2025,15,9246
Argentina,Ciudad Autonoma de Buenos Aires,Comuna 5,203504,42,2025,11,8180
Argentina,Ciudad Autonoma de Buenos Aires,Comuna 5,203505,42,2025,5,6557
Argentina,Ciudad Autonoma de Buenos Aires,Comuna 5,203506,42,2025,9,7989
Argentina,Ciudad Autonoma de Buenos Aires,Comuna 5,203507,42,2025,8,7616
Argentina,Ciudad Autonoma de Buenos Aires,Comuna 5,203508,42,2025,8,8744
Argentina,Ciudad Autonoma de Buenos Aires,Comuna 5,203509,42,2025,7,7892
Argentina,Ciudad Autonoma de Buenos Aires,Comuna 5,203510,42,2025,10,8718
Argentina,Ciudad Autonoma de Buenos Aires,Comuna 5,203511,42,2025,14,9263
Argentina,Ciudad Autonoma de Buenos Aires,Comuna 5,203512,42,2025,5,7201
Argentina,Ciudad Autonoma de Buenos Aires,Comuna 5,203513,42,2025,11,7410
Argentina,Ciudad Autonoma de Buenos Aires,Comuna 5,203514,42,2025,10,8821
Argentina,Ciudad Autonoma de Buenos Aires,Comuna 5,203515,42,2025,6,7651
Argentina,Ciudad Autonoma de Buenos Aires,Comuna 5,203516,42,2025,11,10461
Argentina,Ciudad Autonoma de Buenos Aires,Comuna 5,203517,42,2025,3,9254
Argentina,Ciudad Autonoma de Buenos Aires,Comuna 5,203518,42,2025,4,9162
Argentina,Ciudad Autonoma de Buenos Aires,Comuna 5,203519,42,2025,8,9340
Argentina,Ciudad Autonoma de Buenos Aires,Comuna 5,203520,42,2025,14,11091
Argentina,Ciudad Autonoma de Buenos Aires,Comuna 5,203521,42,2025,9,8855
Argentina,Ciudad Autonoma de Buenos Aires,Comuna 5,203522,42,2025,11,11232
Argentina,Ciudad Autonoma de Buenos Aires,Comuna 6,204201,42,2025,13,9911
Argentina,Ciudad Autonoma de Buenos Aires,Comuna 6,204202,42,2025,5,10787
Argentina,Ciudad Autonoma de Buenos Aires,Comuna 6,204203,42,2025,6,8899
Argentina,Ciudad Autonoma de Buenos Aires,Comuna 6,204204,42,2025,13,11727
Argentina,Ciudad Autonoma de Buenos Aires,Comuna 6,204205,42,2025,12,10329
Argentina,Ciudad Autonoma de Buenos Aires,Comuna 6,204206,42,2025,12,10367
Argentina,Ciudad Autonoma de Buenos Aires,Comuna 6,204207,42,2025,10,12185
Argentina,Ciudad Autonoma de Buenos Aires,Comuna 6,204208,42,2025,7,9497
Argentina,Ciudad Autonoma de Buenos Aires,Comuna 6,204209,42,2025,7,7356
Argentina,Ciudad Autonoma de Buenos Aires,Comuna 6,204210,42,2025,15,8697
Argentina,Ciudad Autonoma de Buenos Aires,Comuna 6,204211,42,2025,13,9646
Argentina,Ciudad Autonoma de Buenos Aires,Comuna 6,204212,42,2025,5,7926
Argentina,Ciudad Autonoma de Buenos Aires,Comuna 6,204213,42,2025,14,10037
Argentina,Ciudad Autonoma de Buenos Aires,Comuna 6,204214,42,2025,15,9669
Argentina,Ciudad Autonoma de Buenos Aires,Comuna 6,204215,42,2025,8,9168
Argentina,Ciudad Autonoma de Buenos Aires,Comuna 6,204216,42,2025,12,12982
Argentina,Ciudad Autonoma de Buenos Aires,Comuna 6,204217,42,2025,10,7259
Argentina,Ciudad Autonoma de Buenos Aires,Comuna 6,204218,42,2025,5,8066
Argentina,Ciudad Autonoma de Buenos Aires,Comuna 6,204219,42,2025,11,7952
Argentina,Ciudad Autonoma de Buenos Aires,Comuna 6,204220,42,2025,8,8895
Argentina,Ciudad Autonoma de Buenos Aires,Comuna 6,204221,42,2025,12,10409
Argentina,Ciudad Autonoma de Buenos Aires,Comuna 7,204901,42,2025,5,6665
Argentina,Ciudad Autonoma de Buenos Aires,Comuna 7,204902,42,2025,10,8593
Argentina,Ciudad Autonoma de Buenos Aires,Comuna 7,204903,42,2025,8,10871
Argentina,Ciudad Autonoma de Buenos Aires,Comuna 7,204904,42,2025,18,9795
Argentina,Ciudad Autonoma de Buenos Aires,Comuna 7,204905,42,2025,8,8999
Argentina,Ciudad Autonoma de Buenos Aires,Comuna 7,204906,42,2025,9,7524
Argentina,Ciudad Autonoma de Buenos Aires,Comuna 7,204907,42,2025,11,9257
Argentina,Ciudad Autonoma de Buenos Aires,Comuna 7,204908,42,2025,4,7685
Argentina,Ciudad Autonoma de Buenos Aires,Comuna 7,204909,42,2025,17,9705
Argentina,Ciudad Autonoma de Buenos Aires,Comuna 7,204910,42,2025,4,8735
Argentina,Ciudad Autonoma de Buenos Aires,Comuna 7,204911,42,2025,18,10501
Argentina,Ciudad Autonoma de Buenos Aires,Comuna 7,204912,42,2025,5,7467
Argentina,Ciudad Autonoma de Buenos Aires,Comuna 7,204913,42,2025,12,11414
Argentina,Ciudad Autonoma de Buenos Aires,Comuna 7,204914,42,2025,11,11132
Argentina,Ciudad Autonoma de Buenos Aires,Comuna 7,204915,42,2025,9,9647
Argentina,Ciudad Autonoma de Buenos Aires,Comuna 7,204916,42,2025,7,8094
Argentina,Ciudad Autonoma de Buenos Aires,Comuna 7,204917,42,2025,2,2971
Argentina,Ciudad Autonoma de Buenos Aires,Comuna 7,204918,42,2025,8,3398
Argentina,Ciudad Autonoma de Buenos Aires,Comuna 7,204919,42,2025,10,6454
Argentina,Ciudad Autonoma de Buenos Aires,Comuna 7,204920,42,2025,12,12736
Argentina,Ciudad Autonoma de Buenos Aires,Comuna 7,204921,42,2025,12,11351
Argentina,Ciudad Autonoma de Buenos Aires,Comuna 7,204922,42,2025,17,11303
Argentina,Ciudad Autonoma de Buenos Aires,Comuna 7,204923,42,2025,6,7839
Argentina,Ciudad Autonoma de Buenos Aires,Comuna 7,204924,42,2025,14,11126
Argentina,Ciudad Autonoma de Buenos Aires,Comuna 10,207001,43,2025,7,6651
Argentina,Ciudad Autonoma de Buenos Aires,Comuna 10,207002,43,2025,7,7094
Argentina,Ciudad Autonoma de Buenos Aires,Comuna 10,207003,43,2025,9,6682
Argentina,Ciudad Autonoma de Buenos Aires,Comuna 10,207004,43,2025,6,9342
Argentina,Ciudad Autonoma de Buenos Aires,Comuna 10,207005,43,2025,12,11787
Argentina,Ciudad Autonoma de Buenos Aires,Comuna 10,207006,43,2025,18,12408
Argentina,Ciudad Autonoma de Buenos Aires,Comuna 10,207007,43,2025,13,11630
Argentina,Ciudad Autonoma de Buenos Aires,Comuna 10,207008,43,2025,5,9038
Argentina,Ciudad Autonoma de Buenos Aires,Comuna 10,207009,43,2025,9,8752
Argentina,Ciudad Autonoma de Buenos Aires,Comuna 10,207010,43,2025,8,10398
Argentina,Ciudad Autonoma de Buenos Aires,Comuna 10,207011,43,2025,12,8554
Argentina,Ciudad Autonoma de Buenos Aires,Comuna 10,207012,43,2025,11,6677
Argentina,Ciudad Autonoma de Buenos Aires,Comuna 10,207013,43,2025,8,8285
Argentina,Ciudad Autonoma de Buenos Aires,Comuna 10,207014,43,2025,10,9092
Argentina,Ciudad Autonoma de Buenos Aires,Comuna 10,207015,43,2025,4,7248
Argentina,Ciudad Autonoma de Buenos Aires,Comuna 10,207016,43,2025,5,8724
Argentina,Ciudad Autonoma de Buenos Aires,Comuna 10,207017,43,2025,8,9635
Argentina,Ciudad Autonoma de Buenos Aires,Comuna 10,207018,43,2025,10,8682
Argentina,Ciudad Autonoma de Buenos Aires,Comuna 10,207019,43,2025,16,11217
Argentina,Ciudad Autonoma de Buenos Aires,Comuna 11,207701,43,2025,17,11069
Argentina,Ciudad Autonoma de Buenos Aires,Comuna 11,207702,43,2025,7,10205
Argentina,Ciudad Autonoma de Buenos Aires,Comuna 11,207703,43,2025,8,9103
Argentina,Ciudad Autonoma de Buenos Aires,Comuna 11,207704,43,2025,13,10387
Argentina,Ciudad Autonoma de Buenos Aires,Comuna 11,207705,43,2025,9,7955
Argentina,Ciudad Autonoma de Buenos Aires,Comuna 11,207706,43,2025,13,11455
Argentina,Ciudad Autonoma de Buenos Aires,Comuna 11,207707,43,2025,16,11428
Argentina,Ciudad Autonoma de Buenos Aires,Comuna 11,207708,43,2025,7,8072
Argentina,Ciudad Autonoma de Buenos Aires,Comuna 11,207709,43,2025,8,9257
Argentina,Ciudad Autonoma de Buenos Aires,Comuna 11,207710,43,2025,5,11259
Argentina,Ciudad Autonoma de Buenos Aires,Comuna 11,207711,43,2025,10,8065
Argentina,Ciudad Autonoma de Buenos Aires,Comuna 11,207712,43,2025,6,8059
Argentina,Ciudad Autonoma de Buenos Aires,Comuna 11,207713,43,2025,7,9254
Argentina,Ciudad Autonoma de Buenos Aires,Comuna 11,207714,43,2025,9,7270
Argentina,Ciudad Autonoma de Buenos Aires,Comuna 11,207715,43,2025,9,10022
Argentina,Ciudad Autonoma de Buenos Aires,Comuna 11,207716,43,2025,7,9462
Argentina,Ciudad Autonoma de Buenos Aires,Comuna 11,207717,43,2025,6,6323
Argentina,Ciudad Autonoma de Buenos Aires,Comuna 11,207718,43,2025,7,9010
Argentina,Ciudad Autonoma de Buenos Aires,Comuna 11,207719,43,2025,4,7194
Argentina,Ciudad Autonoma de Buenos Aires,Comuna 11,207720,43,2025,10,9079
Argentina,Ciudad Autonoma de Buenos Aires,Comuna 11,207721,43,2025,12,9075
Argentina,Ciudad Autonoma de Buenos Aires,Comuna 11,207722,43,2025,2,8902
Argentina,Ciudad Autonoma de Buenos Aires,Comuna 12,208401,43,2025,33,9341
Argentina,Ciudad Autonoma de Buenos Aires,Comuna 12,208402,43,2025,25,8793
Argentina,Ciudad Autonoma de Buenos Aires,Comuna 12,208403,43,2025,26,9271
Argentina,Ciudad Autonoma de Buenos Aires,Comuna 12,208404,43,2025,30,8702
Argentina,Ciudad Autonoma de Buenos Aires,Comuna 12,208405,43,2025,25,8415
Argentina,Ciudad Autonoma de Buenos Aires,Comuna 12,208406,43,2025,19,9143
Argentina,Ciudad Autonoma de Buenos Aires,Comuna 12,208407,43,2025,18,10293
Argentina,Ciudad Autonoma de Buenos Aires,Comuna 12,208408,43,2025,27,10510
Argentina,Ciudad Autonoma de Buenos Aires,Comuna 12,208409,43,2025,29,8365
Argentina,Ciudad Autonoma de Buenos Aires,Comuna 12,208410,43,2025,29,11926
Argentina,Ciudad Autonoma de Buenos Aires,Comuna 12,208411,43,2025,22,10276
Argentina,Ciudad Autonoma de Buenos Aires,Comuna 12,208412,43,2025,19,8291
Argentina,Ciudad Autonoma de Buenos Aires,Comuna 12,208413,43,2025,30,9891
Argentina,Ciudad Autonoma de Buenos Aires,Comuna 12,208414,43,2025,37,12202
Argentina,Ciudad Autonoma de Buenos Aires,Comuna 12,208415,43,2025,43,13785
Argentina,Ciudad Autonoma de Buenos Aires,Comuna 12,208416,43,2025,50,16395
Argentina,Ciudad Autonoma de Buenos Aires,Comuna 12,208417,43,2025,38,9935
Argentina,Ciudad Autonoma de Buenos Aires,Comuna 12,208418,43,2025,37,13227
Argentina,Ciudad Autonoma de Buenos Aires,Comuna 12,208419,43,2025,35,12268
Argentina,Ciudad Autonoma de Buenos Aires,Comuna 12,208420,43,2025,33,9926
Argentina,Ciudad Autonoma de Buenos Aires,Comuna 12,208421,43,2025,40,11426
Argentina,Ciudad Autonoma de Buenos Aires,Comuna 12,208422,43,2025,35,12983
Argentina,Ciudad Autonoma de Buenos Aires,Comuna 13,209101,43,2025,23,11656
Argentina,Ciudad Autonoma de Buenos Aires,Comuna 13,209102,43,2025,23,10984
Argentina,Ciudad Autonoma de Buenos Aires,Comuna 13,209103,43,2025,21,10868
Argentina,Ciudad Autonoma de Buenos Aires,Comuna 13,209104,43,2025,29,13113
Argentina,Ciudad Autonoma de Buenos Aires,Comuna 13,209105,43,2025,25,10421
Argentina,Ciudad Autonoma de Buenos Aires,Comuna 13,209106,43,2025,16,7917
Argentina,Ciudad Autonoma de Buenos Aires,Comuna 13,209107,43,2025,18,8294
Argentina,Ciudad Autonoma de Buenos Aires,Comuna 13,209108,43,2025,25,9153
Argentina,Ciudad Autonoma de Buenos Aires,Comuna 13,209109,43,2025,24,8207
Argentina,Ciudad Autonoma de Buenos Aires,Comuna 13,209110,43,2025,27,10807
Argentina,Ciudad Autonoma de Buenos Aires,Comuna 13,209111,43,2025,7,4808
Argentina,Ciudad Autonoma de Buenos Aires,Comuna 13,209112,43,2025,21,8591
Argentina,Ciudad Autonoma de Buenos Aires,Comuna 13,209113,43,2025,22,10772
Argentina,Ciudad Autonoma de Buenos Aires,Comuna 13,209114,43,2025,14,7311
Argentina,Ciudad Autonoma de Buenos Aires,Comuna 13,209115,43,2025,11,9651
Argentina,Ciudad Autonoma de Buenos Aires,Comuna 13,209116,43,2025,15,10427
Argentina,Ciudad Autonoma de Buenos Aires,Comuna 13,209117,43,2025,19,11221
Argentina,Ciudad Autonoma de Buenos Aires,Comuna 13,209118,43,2025,13,8113
Argentina,Ciudad Autonoma de Buenos Aires,Comuna 13,209119,43,2025,16,8504
Argentina,Ciudad Autonoma de Buenos Aires,Comuna 13,209120,43,2025,12,9333
Argentina,Ciudad Autonoma de Buenos Aires,Comuna 13,209121,43,2025,17,8521
Argentina,Ciudad Autonoma de Buenos Aires,Comuna 13,209122,43,2025,18,8416
Argentina,Ciudad Autonoma de Buenos Aires,Comuna 13,209123,43,2025,19,9675
Argentina,Ciudad Autonoma de Buenos Aires,Comuna 13,209124,43,2025,20,7611
Argentina,Ciudad Autonoma de Buenos Aires,Comuna 13,209125,43,2025,15,6503
Argentina,Ciudad Autonoma de Buenos Aires,Comuna 13,209126,43,2025,17,8070
Argentina,Ciudad Autonoma de Buenos Aires,Comuna 13,209127,43,2025,19,7860
Argentina,Ciudad Autonoma de Buenos Aires,Comuna 13,209128,43,2025,18,7714
Argentina,Ciudad Autonoma de Buenos Aires,Comuna 13,209129,43,2025,14,7809
Argentina,Ciudad Autonoma de Buenos Aires,Comuna 14,209801,43,2025,21,8008
Argentina,Ciudad Autonoma de Buenos Aires,Comuna 14,209802,43,2025,19,8651
Argentina,Ciudad Autonoma de Buenos Aires,Comuna 14,209803,43,2025,10,9921
Argentina,Ciudad Autonoma de Buenos Aires,Comuna 14,209804,43,2025,15,9128
Argentina,Ciudad Autonoma de Buenos Aires,Comuna 14,209805,43,2025,14,7958
Argentina,Ciudad Autonoma de Buenos Aires,Comuna 14,209806,43,2025,12,9397
Argentina,Ciudad Autonoma de Buenos Aires,Comuna 14,209807,43,2025,11,9307
Argentina,Ciudad Autonoma de Buenos Aires,Comuna 14,209808,43,2025,18,8700
Argentina,Ciudad Autonoma de Buenos Aires,Comuna 14,209809,43,2025,20,12492
Argentina,Ciudad Autonoma de Buenos Aires,Comuna 14,209810,43,2025,1,190
Argentina,Ciudad Autonoma de Buenos Aires,Comuna 14,209811,43,2025,25,12051
Argentina,Ciudad Autonoma de Buenos Aires,Comuna 14,209812,43,2025,14,7962
Argentina,Ciudad Autonoma de Buenos Aires,Comuna 14,209813,43,2025,10,7376
Argentina,Ciudad Autonoma de Buenos Aires,Comuna 14,209814,43,2025,11,7484
Argentina,Ciudad Autonoma de Buenos Aires,Comuna 14,209815,43,2025,8,8094
Argentina,Ciudad Autonoma de Buenos Aires,Comuna 14,209816,43,2025,9,6773
Argentina,Ciudad Autonoma de Buenos Aires,Comuna 14,209817,43,2025,13,7231
Argentina,Ciudad Autonoma de Buenos Aires,Comuna 14,209818,43,2025,10,6981
Argentina,Ciudad Autonoma de Buenos Aires,Comuna 14,209819,43,2025,7,5589
Argentina,Ciudad Autonoma de Buenos Aires,Comuna 14,209820,43,2025,4,6758
Argentina,Ciudad Autonoma de Buenos Aires,Comuna 14,209821,43,2025,18,7312
Argentina,Ciudad Autonoma de Buenos Aires,Comuna 14,209822,43,2025,10,8363
Argentina,Ciudad Autonoma de Buenos Aires,Comuna 14,209823,43,2025,10,11012
Argentina,Ciudad Autonoma de Buenos Aires,Comuna 14,209824,43,2025,5,6199
Argentina,Ciudad Autonoma de Buenos Aires,Comuna 14,209825,43,2025,7,7637
Argentina,Ciudad Autonoma de Buenos Aires,Comuna 14,209826,43,2025,8,6558
Argentina,Ciudad Autonoma de Buenos Aires,Comuna 14,209827,43,2025,12,6199
Argentina,Ciudad Autonoma de Buenos Aires,Comuna 14,209828,43,2025,6,9243
Argentina,Ciudad Autonoma de Buenos Aires,Comuna 14,209829,43,2025,12,8453
Argentina,Ciudad Autonoma de Buenos Aires,Comuna 14,209830,43,2025,9,8109
Argentina,Ciudad Autonoma de Buenos Aires,Comuna 14,209831,43,2025,10,8116
Argentina,Ciudad Autonoma de Buenos Aires,Comuna 15,210501,43,2025,11,9594
Argentina,Ciudad Autonoma de Buenos Aires,Comuna 15,210502,43,2025,9,6548
Argentina,Ciudad Autonoma de Buenos Aires,Comuna 15,210503,43,2025,20,10235
Argentina,Ciudad Autonoma de Buenos Aires,Comuna 15,210504,43,2025,17,12235
Argentina,Ciudad Autonoma de Buenos Aires,Comuna 15,210505,43,2025,20,12207
Argentina,Ciudad Autonoma de Buenos Aires,Comuna 15,210506,43,2025,6,4156
Argentina,Ciudad Autonoma de Buenos Aires,Comuna 15,210507,43,2025,20,12285
Argentina,Ciudad Autonoma de Buenos Aires,Comuna 15,210508,43,2025,15,8807
Argentina,Ciudad Autonoma de Buenos Aires,Comuna 15,210509,43,2025,15,8645
Argentina,Ciudad Autonoma de Buenos Aires,Comuna 15,210510,43,2025,15,10813
Argentina,Ciudad Autonoma de Buenos Aires,Comuna 15,210511,43,2025,19,11863
Argentina,Ciudad Autonoma de Buenos Aires,Comuna 15,210512,43,2025,13,7208
Argentina,Ciudad Autonoma de Buenos Aires,Comuna 15,210513,43,2025,6,7242
Argentina,Ciudad Autonoma de Buenos Aires,Comuna 15,210514,43,2025,5,9564
Argentina,Ciudad Autonoma de Buenos Aires,Comuna 15,210515,43,2025,17,9091
Argentina,Ciudad Autonoma de Buenos Aires,Comuna 15,210516,43,2025,7,8911
Argentina,Ciudad Autonoma de Buenos Aires,Comuna 15,210517,43,2025,10,8753
Argentina,Ciudad Autonoma de Buenos Aires,Comuna 15,210518,43,2025,6,8161
Argentina,Ciudad Autonoma de Buenos Aires,Comuna 15,210519,43,2025,11,8739
Argentina,Ciudad Autonoma de Buenos Aires,Comuna 15,210520,43,2025,10,8787
Argentina,Ciudad Autonoma de Buenos Aires,Comuna 15,210521,43,2025,20,11421
Argentina,Ciudad Autonoma de Buenos Aires,Comuna 2,201401,43,2025,0,554
Argentina,Ciudad Autonoma de Buenos Aires,Comuna 2,201402,43,2025,1,5022
Argentina,Ciudad Autonoma de Buenos Aires,Comuna 2,201403,43,2025,5,5681
Argentina,Ciudad Autonoma de Buenos Aires,Comuna 2,201404,43,2025,5,6670
Argentina,Ciudad Autonoma de Buenos Aires,Comuna 2,201405,43,2025,10,6654
Argentina,Ciudad Autonoma de Buenos Aires,Comuna 2,201406,43,2025,10,6504
Argentina,Ciudad Autonoma de Buenos Aires,Comuna 2,201407,43,2025,3,7631
Argentina,Ciudad Autonoma de Buenos Aires,Comuna 2,201408,43,2025,7,9285
Argentina,Ciudad Autonoma de Buenos Aires,Comuna 2,201409,43,2025,7,8985
Argentina,Ciudad Autonoma de Buenos Aires,Comuna 2,201410,43,2025,6,7067
Argentina,Ciudad Autonoma de Buenos Aires,Comuna 2,201411,43,2025,6,5593
Argentina,Ciudad Autonoma de Buenos Aires,Comuna 2,201412,43,2025,5,5734
Argentina,Ciudad Autonoma de Buenos Aires,Comuna 2,201413,43,2025,6,7043
Argentina,Ciudad Autonoma de Buenos Aires,Comuna 2,201414,43,2025,3,8370
Argentina,Ciudad Autonoma de Buenos Aires,Comuna 2,201415,43,2025,6,6053
Argentina,Ciudad Autonoma de Buenos Aires,Comuna 2,201416,43,2025,6,5917
Argentina,Ciudad Autonoma de Buenos Aires,Comuna 2,201417,43,2025,8,7963
Argentina,Ciudad Autonoma de Buenos Aires,Comuna 2,201418,43,2025,9,6383
Argentina,Ciudad Autonoma de Buenos Aires,Comuna 2,201419,43,2025,4,6436
Argentina,Ciudad Autonoma de Buenos Aires,Comuna 2,201420,43,2025,12,7134
Argentina,Ciudad Autonoma de Buenos Aires,Comuna 2,201421,43,2025,7,5726
Argentina,Ciudad Autonoma de Buenos Aires,Comuna 2,201422,43,2025,8,5002
Argentina,Ciudad Autonoma de Buenos Aires,Comuna 2,201423,43,2025,4,5517
Argentina,Ciudad Autonoma de Buenos Aires,Comuna 2,201424,43,2025,8,5483
Argentina,Ciudad Autonoma de Buenos Aires,Comuna 2,201425,43,2025,10,8202
Argentina,Ciudad Autonoma de Buenos Aires,Comuna 5,203501,43,2025,12,9107
Argentina,Ciudad Autonoma de Buenos Aires,Comuna 5,203502,43,2025,7,8659
Argentina,Ciudad Autonoma de Buenos Aires,Comuna 5,203503,43,2025,16,9246
Argentina,Ciudad Autonoma de Buenos Aires,Comuna 5,203504,43,2025,8,8180
Argentina,Ciudad Autonoma de Buenos Aires,Comuna 5,203505,43,2025,8,6557
Argentina,Ciudad Autonoma de Buenos Aires,Comuna 5,203506,43,2025,7,7989
Argentina,Ciudad Autonoma de Buenos Aires,Comuna 5,203507,43,2025,3,7616
Argentina,Ciudad Autonoma de Buenos Aires,Comuna 5,203508,43,2025,3,8744
Argentina,Ciudad Autonoma de Buenos Aires,Comuna 5,203509,43,2025,3,7892
Argentina,Ciudad Autonoma de Buenos Aires,Comuna 5,203510,43,2025,10,8718
Argentina,Ciudad Autonoma de Buenos Aires,Comuna 5,203511,43,2025,9,9263
Argentina,Ciudad Autonoma de Buenos Aires,Comuna 5,203512,43,2025,8,7201
Argentina,Ciudad Autonoma de Buenos Aires,Comuna 5,203513,43,2025,5,7410
Argentina,Ciudad Autonoma de Buenos Aires,Comuna 5,203514,43,2025,10,8821
Argentina,Ciudad Autonoma de Buenos Aires,Comuna 5,203515,43,2025,11,7651
Argentina,Ciudad Autonoma de Buenos Aires,Comuna 5,203516,43,2025,13,10461
Argentina,Ciudad Autonoma de Buenos Aires,Comuna 5,203517,43,2025,11,9254
Argentina,Ciudad Autonoma de Buenos Aires,Comuna 5,203518,43,2025,9,9162
Argentina,Ciudad Autonoma de Buenos Aires,Comuna 5,203519,43,2025,10,9340
Argentina,Ciudad Autonoma de Buenos Aires,Comuna 5,203520,43,2025,11,11091
Argentina,Ciudad Autonoma de Buenos Aires,Comuna 5,203521,43,2025,4,8855
Argentina,Ciudad Autonoma de Buenos Aires,Comuna 5,203522,43,2025,12,11232
Argentina,Ciudad Autonoma de Buenos Aires,Comuna 6,204201,43,2025,10,9911
Argentina,Ciudad Autonoma de Buenos Aires,Comuna 6,204202,43,2025,10,10787
Argentina,Ciudad Autonoma de Buenos Aires,Comuna 6,204203,43,2025,12,8899
Argentina,Ciudad Autonoma de Buenos Aires,Comuna 6,204204,43,2025,10,11727
Argentina,Ciudad Autonoma de Buenos Aires,Comuna 6,204205,43,2025,10,10329
Argentina,Ciudad Autonoma de Buenos Aires,Comuna 6,204206,43,2025,12,10367
Argentina,Ciudad Autonoma de Buenos Aires,Comuna 6,204207,43,2025,13,12185
Argentina,Ciudad Autonoma de Buenos Aires,Comuna 6,204208,43,2025,7,9497
Argentina,Ciudad Autonoma de Buenos Aires,Comuna 6,204209,43,2025,4,7356
Argentina,Ciudad Autonoma de Buenos Aires,Comuna 6,204210,43,2025,13,8697
Argentina,Ciudad Autonoma de Buenos Aires,Comuna 6,204211,43,2025,10,9646
Argentina,Ciudad Autonoma de Buenos Aires,Comuna 6,204212,43,2025,7,7926
Argentina,Ciudad Autonoma de Buenos Aires,Comuna 6,204213,43,2025,15,10037
Argentina,Ciudad Autonoma de Buenos Aires,Comuna 6,204214,43,2025,6,9669
Argentina,Ciudad Autonoma de Buenos Aires,Comuna 6,204215,43,2025,6,9168
Argentina,Ciudad Autonoma de Buenos Aires,Comuna 6,204216,43,2025,19,12982
Argentina,Ciudad Autonoma de Buenos Aires,Comuna 6,204217,43,2025,11,7259
Argentina,Ciudad Autonoma de Buenos Aires,Comuna 6,204218,43,2025,8,8066
Argentina,Ciudad Autonoma de Buenos Aires,Comuna 6,204219,43,2025,11,7952
Argentina,Ciudad Autonoma de Buenos Aires,Comuna 6,204220,43,2025,11,8895
Argentina,Ciudad Autonoma de Buenos Aires,Comuna 6,204221,43,2025,14,10409
Argentina,Ciudad Autonoma de Buenos Aires,Comuna 7,204901,43,2025,7,6665
Argentina,Ciudad Autonoma de Buenos Aires,Comuna 7,204902,43,2025,10,8593
Argentina,Ciudad Autonoma de Buenos Aires,Comuna 7,204903,43,2025,15,10871
Argentina,Ciudad Autonoma de Buenos Aires,Comuna 7,204904,43,2025,6,9795
Argentina,Ciudad Autonoma de Buenos Aires,Comuna 7,204905,43,2025,8,8999
Argentina,Ciudad Autonoma de Buenos Aires,Comuna 7,204906,43,2025,7,7524
Argentina,Ciudad Autonoma de Buenos Aires,Comuna 7,204907,43,2025,8,9257
Argentina,Ciudad Autonoma de Buenos Aires,Comuna 7,204908,43,2025,7,7685
Argentina,Ciudad Autonoma de Buenos Aires,Comuna 7,204909,43,2025,5,9705
Argentina,Ciudad Autonoma de Buenos Aires,Comuna 7,204910,43,2025,10,8735
Argentina,Ciudad Autonoma de Buenos Aires,Comuna 7,204911,43,2025,12,10501
Argentina,Ciudad Autonoma de Buenos Aires,Comuna 7,204912,43,2025,5,7467
Argentina,Ciudad Autonoma de Buenos Aires,Comuna 7,204913,43,2025,13,11414
Argentina,Ciudad Autonoma de Buenos Aires,Comuna 7,204914,43,2025,13,11132
Argentina,Ciudad Autonoma de Buenos Aires,Comuna 7,204915,43,2025,13,9647
Argentina,Ciudad Autonoma de Buenos Aires,Comuna 7,204916,43,2025,7,8094
Argentina,Ciudad Autonoma de Buenos Aires,Comuna 7,204917,43,2025,6,2971
Argentina,Ciudad Autonoma de Buenos Aires,Comuna 7,204918,43,2025,5,3398
Argentina,Ciudad Autonoma de Buenos Aires,Comuna 7,204919,43,2025,6,6454
Argentina,Ciudad Autonoma de Buenos Aires,Comuna 7,204920,43,2025,8,12736
Argentina,Ciudad Autonoma de Buenos Aires,Comuna 7,204921,43,2025,11,11351
Argentina,Ciudad Autonoma de Buenos Aires,Comuna 7,204922,43,2025,15,11303
Argentina,Ciudad Autonoma de Buenos Aires,Comuna 7,204923,43,2025,8,7839
Argentina,Ciudad Autonoma de Buenos Aires,Comuna 7,204924,43,2025,12,11126
Argentina,Ciudad Autonoma de Buenos Aires,Comuna 10,207001,44,2025,9,6651
Argentina,Ciudad Autonoma de Buenos Aires,Comuna 10,207002,44,2025,5,7094
Argentina,Ciudad Autonoma de Buenos Aires,Comuna 10,207003,44,2025,5,6682
Argentina,Ciudad Autonoma de Buenos Aires,Comuna 10,207004,44,2025,8,9342
Argentina,Ciudad Autonoma de Buenos Aires,Comuna 10,207005,44,2025,10,11787
Argentina,Ciudad Autonoma de Buenos Aires,Comuna 10,207006,44,2025,16,12408
Argentina,Ciudad Autonoma de Buenos Aires,Comuna 10,207007,44,2025,10,11630
Argentina,Ciudad Autonoma de Buenos Aires,Comuna 10,207008,44,2025,5,9038
Argentina,Ciudad Autonoma de Buenos Aires,Comuna 10,207009,44,2025,4,8752
Argentina,Ciudad Autonoma de Buenos Aires,Comuna 10,207010,44,2025,15,10398
Argentina,Ciudad Autonoma de Buenos Aires,Comuna 10,207011,44,2025,6,8554
Argentina,Ciudad Autonoma de Buenos Aires,Comuna 10,207012,44,2025,11,6677
Argentina,Ciudad Autonoma de Buenos Aires,Comuna 10,207013,44,2025,4,8285
Argentina,Ciudad Autonoma de Buenos Aires,Comuna 10,207014,44,2025,11,9092
Argentina,Ciudad Autonoma de Buenos Aires,Comuna 10,207015,44,2025,7,7248
Argentina,Ciudad Autonoma de Buenos Aires,Comuna 10,207016,44,2025,12,8724
Argentina,Ciudad Autonoma de Buenos Aires,Comuna 10,207017,44,2025,11,9635
Argentina,Ciudad Autonoma de Buenos Aires,Comuna 10,207018,44,2025,10,8682
Argentina,Ciudad Autonoma de Buenos Aires,Comuna 10,207019,44,2025,9,11217
Argentina,Ciudad Autonoma de Buenos Aires,Comuna 11,207701,44,2025,12,11069
Argentina,Ciudad Autonoma de Buenos Aires,Comuna 11,207702,44,2025,16,10205
Argentina,Ciudad Autonoma de Buenos Aires,Comuna 11,207703,44,2025,5,9103
Argentina,Ciudad Autonoma de Buenos Aires,Comuna 11,207704,44,2025,15,10387
Argentina,Ciudad Autonoma de Buenos Aires,Comuna 11,207705,44,2025,7,7955
Argentina,Ciudad Autonoma de Buenos Aires,Comuna 11,207706,44,2025,12,11455
Argentina,Ciudad Autonoma de Buenos Aires,Comuna 11,207707,44,2025,18,11428
Argentina,Ciudad Autonoma de Buenos Aires,Comuna 11,207708,44,2025,8,8072
Argentina,Ciudad Autonoma de Buenos Aires,Comuna 11,207709,44,2025,1,9257
Argentina,Ciudad Autonoma de Buenos Aires,Comuna 11,207710,44,2025,14,11259
Argentina,Ciudad Autonoma de Buenos Aires,Comuna 11,207711,44,2025,2,8065
Argentina,Ciudad Autonoma de Buenos Aires,Comuna 11,207712,44,2025,5,8059
Argentina,Ciudad Autonoma de Buenos Aires,Comuna 11,207713,44,2025,14,9254
Argentina,Ciudad Autonoma de Buenos Aires,Comuna 11,207714,44,2025,10,7270
Argentina,Ciudad Autonoma de Buenos Aires,Comuna 11,207715,44,2025,8,10022
Argentina,Ciudad Autonoma de Buenos Aires,Comuna 11,207716,44,2025,6,9462
Argentina,Ciudad Autonoma de Buenos Aires,Comuna 11,207717,44,2025,5,6323
Argentina,Ciudad Autonoma de Buenos Aires,Comuna 11,207718,44,2025,15,9010
Argentina,Ciudad Autonoma de Buenos Aires,Comuna 11,207719,44,2025,10,7194
Argentina,Ciudad Autonoma de Buenos Aires,Comuna 11,207720,44,2025,12,9079
Argentina,Ciudad Autonoma de Buenos Aires,Comuna 11,207721,44,2025,6,9075
Argentina,Ciudad Autonoma de Buenos Aires,Comuna 11,207722,44,2025,7,8902
Argentina,Ciudad Autonoma de Buenos Aires,Comuna 12,208401,44,2025,20,9341
Argentina,Ciudad Autonoma de Buenos Aires,Comuna 12,208402,44,2025,27,8793
Argentina,Ciudad Autonoma de Buenos Aires,Comuna 12,208403,44,2025,30,9271
Argentina,Ciudad Autonoma de Buenos Aires,Comuna 12,208404,44,2025,24,8702
Argentina,Ciudad Autonoma de Buenos Aires,Comuna 12,208405,44,2025,26,8415
Argentina,Ciudad Autonoma de Buenos Aires,Comuna 12,208406,44,2025,24,9143
Argentina,Ciudad Autonoma de Buenos Aires,Comuna 12,208407,44,2025,24,10293
Argentina,Ciudad Autonoma de Buenos Aires,Comuna 12,208408,44,2025,37,10510
Argentina,Ciudad Autonoma de Buenos Aires,Comuna 12,208409,44,2025,21,8365
Argentina,Ciudad Autonoma de Buenos Aires,Comuna 12,208410,44,2025,34,11926
Argentina,Ciudad Autonoma de Buenos Aires,Comuna 12,208411,44,2025,27,10276
Argentina,Ciudad Autonoma de Buenos Aires,Comuna 12,208412,44,2025,27,8291
Argentina,Ciudad Autonoma de Buenos Aires,Comuna 12,208413,44,2025,31,9891
Argentina,Ciudad Autonoma de Buenos Aires,Comuna 12,208414,44,2025,40,12202
Argentina,Ciudad Autonoma de Buenos Aires,Comuna 12,208415,44,2025,44,13785
Argentina,Ciudad Autonoma de Buenos Aires,Comuna 12,208416,44,2025,48,16395
Argentina,Ciudad Autonoma de Buenos Aires,Comuna 12,208417,44,2025,26,9935
Argentina,Ciudad Autonoma de Buenos Aires,Comuna 12,208418,44,2025,52,13227
Argentina,Ciudad Autonoma de Buenos Aires,Comuna 12,208419,44,2025,38,12268
Argentina,Ciudad Autonoma de Buenos Aires,Comuna 12,208420,44,2025,27,9926
Argentina,Ciudad Autonoma de Buenos Aires,Comuna 12,208421,44,2025,39,11426
Argentina,Ciudad Autonoma de Buenos Aires,Comuna 12,208422,44,2025,28,12983
Argentina,Ciudad Autonoma de Buenos Aires,Comuna 13,209101,44,2025,20,11656
Argentina,Ciudad Autonoma de Buenos Aires,Comuna 13,209102,44,2025,23,10984
Argentina,Ciudad Autonoma de Buenos Aires,Comuna 13,209103,44,2025,18,10868
Argentina,Ciudad Autonoma de Buenos Aires,Comuna 13,209104,44,2025,23,13113
Argentina,Ciudad Autonoma de Buenos Aires,Comuna 13,209105,44,2025,22,10421
Argentina,Ciudad Autonoma de Buenos Aires,Comuna 13,209106,44,2025,10,7917
Argentina,Ciudad Autonoma de Buenos Aires,Comuna 13,209107,44,2025,14,8294
Argentina,Ciudad Autonoma de Buenos Aires,Comuna 13,209108,44,2025,24,9153
Argentina,Ciudad Autonoma de Buenos Aires,Comuna 13,209109,44,2025,12,8207
Argentina,Ciudad Autonoma de Buenos Aires,Comuna 13,209110,44,2025,28,10807
Argentina,Ciudad Autonoma de Buenos Aires,Comuna 13,209111,44,2025,11,4808
Argentina,Ciudad Autonoma de Buenos Aires,Comuna 13,209112,44,2025,15,8591
Argentina,Ciudad Autonoma de Buenos Aires,Comuna 13,209113,44,2025,18,10772
Argentina,Ciudad Autonoma de Buenos Aires,Comuna 13,209114,44,2025,14,7311
Argentina,Ciudad Autonoma de Buenos Aires,Comuna 13,209115,44,2025,20,9651
Argentina,Ciudad Autonoma de Buenos Aires,Comuna 13,209116,44,2025,25,10427
Argentina,Ciudad Autonoma de Buenos Aires,Comuna 13,209117,44,2025,31,11221
Argentina,Ciudad Autonoma de Buenos Aires,Comuna 13,209118,44,2025,24,8113
Argentina,Ciudad Autonoma de Buenos Aires,Comuna 13,209119,44,2025,12,8504
Argentina,Ciudad Autonoma de Buenos Aires,Comuna 13,209120,44,2025,30,9333
Argentina,Ciudad Autonoma de Buenos Aires,Comuna 13,209121,44,2025,30,8521
Argentina,Ciudad Autonoma de Buenos Aires,Comuna 13,209122,44,2025,10,8416
Argentina,Ciudad Autonoma de Buenos Aires,Comuna 13,209123,44,2025,21,9675
Argentina,Ciudad Autonoma de Buenos Aires,Comuna 13,209124,44,2025,14,7611
Argentina,Ciudad Autonoma de Buenos Aires,Comuna 13,209125,44,2025,13,6503
Argentina,Ciudad Autonoma de Buenos Aires,Comuna 13,209126,44,2025,19,8070
Argentina,Ciudad Autonoma de Buenos Aires,Comuna 13,209127,44,2025,17,7860
Argentina,Ciudad Autonoma de Buenos Aires,Comuna 13,209128,44,2025,13,7714
Argentina,Ciudad Autonoma de Buenos Aires,Comuna 13,209129,44,2025,16,7809
Argentina,Ciudad Autonoma de Buenos Aires,Comuna 14,209801,44,2025,19,8008
Argentina,Ciudad Autonoma de Buenos Aires,Comuna 14,209802,44,2025,12,8651
Argentina,Ciudad Autonoma de Buenos Aires,Comuna 14,209803,44,2025,13,9921
Argentina,Ciudad Autonoma de Buenos Aires,Comuna 14,209804,44,2025,16,9128
Argentina,Ciudad Autonoma de Buenos Aires,Comuna 14,209805,44,2025,11,7958
Argentina,Ciudad Autonoma de Buenos Aires,Comuna 14,209806,44,2025,13,9397
Argentina,Ciudad Autonoma de Buenos Aires,Comuna 14,209807,44,2025,11,9307
Argentina,Ciudad Autonoma de Buenos Aires,Comuna 14,209808,44,2025,15,8700
Argentina,Ciudad Autonoma de Buenos Aires,Comuna 14,209809,44,2025,12,12492
Argentina,Ciudad Autonoma de Buenos Aires,Comuna 14,209810,44,2025,0,190
Argentina,Ciudad Autonoma de Buenos Aires,Comuna 14,209811,44,2025,16,12051
Argentina,Ciudad Autonoma de Buenos Aires,Comuna 14,209812,44,2025,20,7962
Argentina,Ciudad Autonoma de Buenos Aires,Comuna 14,209813,44,2025,5,7376
Argentina,Ciudad Autonoma de Buenos Aires,Comuna 14,209814,44,2025,11,7484
Argentina,Ciudad Autonoma de Buenos Aires,Comuna 14,209815,44,2025,13,8094
Argentina,Ciudad Autonoma de Buenos Aires,Comuna 14,209816,44,2025,14,6773
Argentina,Ciudad Autonoma de Buenos Aires,Comuna 14,209817,44,2025,13,7231
Argentina,Ciudad Autonoma de Buenos Aires,Comuna 14,209818,44,2025,10,6981
Argentina,Ciudad Autonoma de Buenos Aires,Comuna 14,209819,44,2025,7,5589
Argentina,Ciudad Autonoma de Buenos Aires,Comuna 14,209820,44,2025,12,6758
Argentina,Ciudad Autonoma de Buenos Aires,Comuna 14,209821,44,2025,5,7312
Argentina,Ciudad Autonoma de Buenos Aires,Comuna 14,209822,44,2025,11,8363
Argentina,Ciudad Autonoma de Buenos Aires,Comuna 14,209823,44,2025,11,11012
Argentina,Ciudad Autonoma de Buenos Aires,Comuna 14,209824,44,2025,13,6199
Argentina,Ciudad Autonoma de Buenos Aires,Comuna 14,209825,44,2025,7,7637
Argentina,Ciudad Autonoma de Buenos Aires,Comuna 14,209826,44,2025,7,6558
Argentina,Ciudad Autonoma de Buenos Aires,Comuna 14,209827,44,2025,12,6199
Argentina,Ciudad Autonoma de Buenos Aires,Comuna 14,209828,44,2025,11,9243
Argentina,Ciudad Autonoma de Buenos Aires,Comuna 14,209829,44,2025,13,8453
Argentina,Ciudad Autonoma de Buenos Aires,Comuna 14,209830,44,2025,14,8109
Argentina,Ciudad Autonoma de Buenos Aires,Comuna 14,209831,44,2025,15,8116
Argentina,Ciudad Autonoma de Buenos Aires,Comuna 15,210501,44,2025,17,9594
Argentina,Ciudad Autonoma de Buenos Aires,Comuna 15,210502,44,2025,12,6548
Argentina,Ciudad Autonoma de Buenos Aires,Comuna 15,210503,44,2025,9,10235
Argentina,Ciudad Autonoma de Buenos Aires,Comuna 15,210504,44,2025,20,12235
Argentina,Ciudad Autonoma de Buenos Aires,Comuna 15,210505,44,2025,27,12207
Argentina,Ciudad Autonoma de Buenos Aires,Comuna 15,210506,44,2025,5,4156
Argentina,Ciudad Autonoma de Buenos Aires,Comuna 15,210507,44,2025,10,12285
Argentina,Ciudad Autonoma de Buenos Aires,Comuna 15,210508,44,2025,9,8807
Argentina,Ciudad Autonoma de Buenos Aires,Comuna 15,210509,44,2025,12,8645
Argentina,Ciudad Autonoma de Buenos Aires,Comuna 15,210510,44,2025,20,10813
Argentina,Ciudad Autonoma de Buenos Aires,Comuna 15,210511,44,2025,15,11863
Argentina,Ciudad Autonoma de Buenos Aires,Comuna 15,210512,44,2025,9,7208
Argentina,Ciudad Autonoma de Buenos Aires,Comuna 15,210513,44,2025,10,7242
Argentina,Ciudad Autonoma de Buenos Aires,Comuna 15,210514,44,2025,14,9564
Argentina,Ciudad Autonoma de Buenos Aires,Comuna 15,210515,44,2025,15,9091
Argentina,Ciudad Autonoma de Buenos Aires,Comuna 15,210516,44,2025,17,8911
Argentina,Ciudad Autonoma de Buenos Aires,Comuna 15,210517,44,2025,16,8753
Argentina,Ciudad Autonoma de Buenos Aires,Comuna 15,210518,44,2025,16,8161
Argentina,Ciudad Autonoma de Buenos Aires,Comuna 15,210519,44,2025,11,8739
Argentina,Ciudad Autonoma de Buenos Aires,Comuna 15,210520,44,2025,13,8787
Argentina,Ciudad Autonoma de Buenos Aires,Comuna 15,210521,44,2025,21,11421
Argentina,Ciudad Autonoma de Buenos Aires,Comuna 2,201401,44,2025,0,554
Argentina,Ciudad Autonoma de Buenos Aires,Comuna 2,201402,44,2025,4,5022
Argentina,Ciudad Autonoma de Buenos Aires,Comuna 2,201403,44,2025,3,5681
Argentina,Ciudad Autonoma de Buenos Aires,Comuna 2,201404,44,2025,8,6670
Argentina,Ciudad Autonoma de Buenos Aires,Comuna 2,201405,44,2025,8,6654
Argentina,Ciudad Autonoma de Buenos Aires,Comuna 2,201406,44,2025,8,6504
Argentina,Ciudad Autonoma de Buenos Aires,Comuna 2,201407,44,2025,3,7631
Argentina,Ciudad Autonoma de Buenos Aires,Comuna 2,201408,44,2025,14,9285
Argentina,Ciudad Autonoma de Buenos Aires,Comuna 2,201409,44,2025,9,8985
Argentina,Ciudad Autonoma de Buenos Aires,Comuna 2,201410,44,2025,4,7067
Argentina,Ciudad Autonoma de Buenos Aires,Comuna 2,201411,44,2025,4,5593
Argentina,Ciudad Autonoma de Buenos Aires,Comuna 2,201412,44,2025,5,5734
Argentina,Ciudad Autonoma de Buenos Aires,Comuna 2,201413,44,2025,7,7043
Argentina,Ciudad Autonoma de Buenos Aires,Comuna 2,201414,44,2025,5,8370
Argentina,Ciudad Autonoma de Buenos Aires,Comuna 2,201415,44,2025,6,6053
Argentina,Ciudad Autonoma de Buenos Aires,Comuna 2,201416,44,2025,9,5917
Argentina,Ciudad Autonoma de Buenos Aires,Comuna 2,201417,44,2025,4,7963
Argentina,Ciudad Autonoma de Buenos Aires,Comuna 2,201418,44,2025,4,6383
Argentina,Ciudad Autonoma de Buenos Aires,Comuna 2,201419,44,2025,5,6436
Argentina,Ciudad Autonoma de Buenos Aires,Comuna 2,201420,44,2025,3,7134
Argentina,Ciudad Autonoma de Buenos Aires,Comuna 2,201421,44,2025,3,5726
Argentina,Ciudad Autonoma de Buenos Aires,Comuna 2,201422,44,2025,5,5002
Argentina,Ciudad Autonoma de Buenos Aires,Comuna 2,201423,44,2025,7,5517
Argentina,Ciudad Autonoma de Buenos Aires,Comuna 2,201424,44,2025,7,5483
Argentina,Ciudad Autonoma de Buenos Aires,Comuna 2,201425,44,2025,12,8202
Argentina,Ciudad Autonoma de Buenos Aires,Comuna 5,203501,44,2025,6,9107
Argentina,Ciudad Autonoma de Buenos Aires,Comuna 5,203502,44,2025,4,8659
Argentina,Ciudad Autonoma de Buenos Aires,Comuna 5,203503,44,2025,8,9246
Argentina,Ciudad Autonoma de Buenos Aires,Comuna 5,203504,44,2025,5,8180
Argentina,Ciudad Autonoma de Buenos Aires,Comuna 5,203505,44,2025,12,6557
Argentina,Ciudad Autonoma de Buenos Aires,Comuna 5,203506,44,2025,6,7989
Argentina,Ciudad Autonoma de Buenos Aires,Comuna 5,203507,44,2025,7,7616
Argentina,Ciudad Autonoma de Buenos Aires,Comuna 5,203508,44,2025,8,8744
Argentina,Ciudad Autonoma de Buenos Aires,Comuna 5,203509,44,2025,13,7892
Argentina,Ciudad Autonoma de Buenos Aires,Comuna 5,203510,44,2025,7,8718
Argentina,Ciudad Autonoma de Buenos Aires,Comuna 5,203511,44,2025,7,9263
Argentina,Ciudad Autonoma de Buenos Aires,Comuna 5,203512,44,2025,9,7201
Argentina,Ciudad Autonoma de Buenos Aires,Comuna 5,203513,44,2025,6,7410
Argentina,Ciudad Autonoma de Buenos Aires,Comuna 5,203514,44,2025,11,8821
Argentina,Ciudad Autonoma de Buenos Aires,Comuna 5,203515,44,2025,2,7651
Argentina,Ciudad Autonoma de Buenos Aires,Comuna 5,203516,44,2025,11,10461
Argentina,Ciudad Autonoma de Buenos Aires,Comuna 5,203517,44,2025,10,9254
Argentina,Ciudad Autonoma de Buenos Aires,Comuna 5,203518,44,2025,14,9162
Argentina,Ciudad Autonoma de Buenos Aires,Comuna 5,203519,44,2025,16,9340
Argentina,Ciudad Autonoma de Buenos Aires,Comuna 5,203520,44,2025,10,11091
Argentina,Ciudad Autonoma de Buenos Aires,Comuna 5,203521,44,2025,8,8855
Argentina,Ciudad Autonoma de Buenos Aires,Comuna 5,203522,44,2025,10,11232
Argentina,Ciudad Autonoma de Buenos Aires,Comuna 6,204201,44,2025,6,9911
Argentina,Ciudad Autonoma de Buenos Aires,Comuna 6,204202,44,2025,13,10787
Argentina,Ciudad Autonoma de Buenos Aires,Comuna 6,204203,44,2025,6,8899
Argentina,Ciudad Autonoma de Buenos Aires,Comuna 6,204204,44,2025,7,11727
Argentina,Ciudad Autonoma de Buenos Aires,Comuna 6,204205,44,2025,11,10329
Argentina,Ciudad Autonoma de Buenos Aires,Comuna 6,204206,44,2025,9,10367
Argentina,Ciudad Autonoma de Buenos Aires,Comuna 6,204207,44,2025,14,12185
Argentina,Ciudad Autonoma de Buenos Aires,Comuna 6,204208,44,2025,5,9497
Argentina,Ciudad Autonoma de Buenos Aires,Comuna 6,204209,44,2025,14,7356
Argentina,Ciudad Autonoma de Buenos Aires,Comuna 6,204210,44,2025,14,8697
Argentina,Ciudad Autonoma de Buenos Aires,Comuna 6,204211,44,2025,7,9646
Argentina,Ciudad Autonoma de Buenos Aires,Comuna 6,204212,44,2025,14,7926
Argentina,Ciudad Autonoma de Buenos Aires,Comuna 6,204213,44,2025,4,10037
Argentina,Ciudad Autonoma de Buenos Aires,Comuna 6,204214,44,2025,12,9669
Argentina,Ciudad Autonoma de Buenos Aires,Comuna 6,204215,44,2025,10,9168
Argentina,Ciudad Autonoma de Buenos Aires,Comuna 6,204216,44,2025,10,12982
Argentina,Ciudad Autonoma de Buenos Aires,Comuna 6,204217,44,2025,5,7259
Argentina,Ciudad Autonoma de Buenos Aires,Comuna 6,204218,44,2025,11,8066
Argentina,Ciudad Autonoma de Buenos Aires,Comuna 6,204219,44,2025,6,7952
Argentina,Ciudad Autonoma de Buenos Aires,Comuna 6,204220,44,2025,6,8895
Argentina,Ciudad Autonoma de Buenos Aires,Comuna 6,204221,44,2025,9,10409
Argentina,Ciudad Autonoma de Buenos Aires,Comuna 7,204901,44,2025,8,6665
Argentina,Ciudad Autonoma de Buenos Aires,Comuna 7,204902,44,2025,7,8593
Argentina,Ciudad Autonoma de Buenos Aires,Comuna 7,204903,44,2025,14,10871
Argentina,Ciudad Autonoma de Buenos Aires,Comuna 7,204904,44,2025,5,9795
Argentina,Ciudad Autonoma de Buenos Aires,Comuna 7,204905,44,2025,7,8999
Argentina,Ciudad Autonoma de Buenos Aires,Comuna 7,204906,44,2025,8,7524
Argentina,Ciudad Autonoma de Buenos Aires,Comuna 7,204907,44,2025,5,9257
Argentina,Ciudad Autonoma de Buenos Aires,Comuna 7,204908,44,2025,13,7685
Argentina,Ciudad Autonoma de Buenos Aires,Comuna 7,204909,44,2025,9,9705
Argentina,Ciudad Autonoma de Buenos Aires,Comuna 7,204910,44,2025,9,8735
Argentina,Ciudad Autonoma de Buenos Aires,Comuna 7,204911,44,2025,8,10501
Argentina,Ciudad Autonoma de Buenos Aires,Comuna 7,204912,44,2025,11,7467
Argentina,Ciudad Autonoma de Buenos Aires,Comuna 7,204913,44,2025,8,11414
Argentina,Ciudad Autonoma de Buenos Aires,Comuna 7,204914,44,2025,13,11132
Argentina,Ciudad Autonoma de Buenos Aires,Comuna 7,204915,44,2025,7,9647
Argentina,Ciudad Autonoma de Buenos Aires,Comuna 7,204916,44,2025,8,8094
Argentina,Ciudad Autonoma de Buenos Aires,Comuna 7,204917,44,2025,4,2971
Argentina,Ciudad Autonoma de Buenos Aires,Comuna 7,204918,44,2025,2,3398
Argentina,Ciudad Autonoma de Buenos Aires,Comuna 7,204919,44,2025,9,6454
Argentina,Ciudad Autonoma de Buenos Aires,Comuna 7,204920,44,2025,18,12736
Argentina,Ciudad Autonoma de Buenos Aires,Comuna 7,204921,44,2025,11,11351
Argentina,Ciudad Autonoma de Buenos Aires,Comuna 7,204922,44,2025,13,11303
Argentina,Ciudad Autonoma de Buenos Aires,Comuna 7,204923,44,2025,6,7839
Argentina,Ciudad Autonoma de Buenos Aires,Comuna 7,204924,44,2025,14,11126
Argentina,Ciudad Autonoma de Buenos Aires,Comuna 10,207001,45,2025,6,6651
Argentina,Ciudad Autonoma de Buenos Aires,Comuna 10,207002,45,2025,6,7094
Argentina,Ciudad Autonoma de Buenos Aires,Comuna 10,207003,45,2025,9,6682
Argentina,Ciudad Autonoma de Buenos Aires,Comuna 10,207004,45,2025,9,9342
Argentina,Ciudad Autonoma de Buenos Aires,Comuna 10,207005,45,2025,9,11787
Argentina,Ciudad Autonoma de Buenos Aires,Comuna 10,207006,45,2025,14,12408
Argentina,Ciudad Autonoma de Buenos Aires,Comuna 10,207007,45,2025,14,11630
Argentina,Ciudad Autonoma de Buenos Aires,Comuna 10,207008,45,2025,8,9038
Argentina,Ciudad Autonoma de Buenos Aires,Comuna 10,207009,45,2025,16,8752
Argentina,Ciudad Autonoma de Buenos Aires,Comuna 10,207010,45,2025,5,10398
Argentina,Ciudad Autonoma de Buenos Aires,Comuna 10,207011,45,2025,11,8554
Argentina,Ciudad Autonoma de Buenos Aires,Comuna 10,207012,45,2025,8,6677
Argentina,Ciudad Autonoma de Buenos Aires,Comuna 10,207013,45,2025,9,8285
Argentina,Ciudad Autonoma de Buenos Aires,Comuna 10,207014,45,2025,8,9092
Argentina,Ciudad Autonoma de Buenos Aires,Comuna 10,207015,45,2025,6,7248
Argentina,Ciudad Autonoma de Buenos Aires,Comuna 10,207016,45,2025,14,8724
Argentina,Ciudad Autonoma de Buenos Aires,Comuna 10,207017,45,2025,10,9635
Argentina,Ciudad Autonoma de Buenos Aires,Comuna 10,207018,45,2025,6,8682
Argentina,Ciudad Autonoma de Buenos Aires,Comuna 10,207019,45,2025,12,11217
Argentina,Ciudad Autonoma de Buenos Aires,Comuna 11,207701,45,2025,14,11069
Argentina,Ciudad Autonoma de Buenos Aires,Comuna 11,207702,45,2025,11,10205
Argentina,Ciudad Autonoma de Buenos Aires,Comuna 11,207703,45,2025,14,9103
Argentina,Ciudad Autonoma de Buenos Aires,Comuna 11,207704,45,2025,10,10387
Argentina,Ciudad Autonoma de Buenos Aires,Comuna 11,207705,45,2025,11,7955
Argentina,Ciudad Autonoma de Buenos Aires,Comuna 11,207706,45,2025,6,11455
Argentina,Ciudad Autonoma de Buenos Aires,Comuna 11,207707,45,2025,15,11428
Argentina,Ciudad Autonoma de Buenos Aires,Comuna 11,207708,45,2025,11,8072
Argentina,Ciudad Autonoma de Buenos Aires,Comuna 11,207709,45,2025,5,9257
Argentina,Ciudad Autonoma de Buenos Aires,Comuna 11,207710,45,2025,11,11259
Argentina,Ciudad Autonoma de Buenos Aires,Comuna 11,207711,45,2025,5,8065
Argentina,Ciudad Autonoma de Buenos Aires,Comuna 11,207712,45,2025,10,8059
Argentina,Ciudad Autonoma de Buenos Aires,Comuna 11,207713,45,2025,11,9254
Argentina,Ciudad Autonoma de Buenos Aires,Comuna 11,207714,45,2025,9,7270
Argentina,Ciudad Autonoma de Buenos Aires,Comuna 11,207715,45,2025,6,10022
Argentina,Ciudad Autonoma de Buenos Aires,Comuna 11,207716,45,2025,8,9462
Argentina,Ciudad Autonoma de Buenos Aires,Comuna 11,207717,45,2025,12,6323
Argentina,Ciudad Autonoma de Buenos Aires,Comuna 11,207718,45,2025,9,9010
Argentina,Ciudad Autonoma de Buenos Aires,Comuna 11,207719,45,2025,6,7194
Argentina,Ciudad Autonoma de Buenos Aires,Comuna 11,207720,45,2025,10,9079
Argentina,Ciudad Autonoma de Buenos Aires,Comuna 11,207721,45,2025,5,9075
Argentina,Ciudad Autonoma de Buenos Aires,Comuna 11,207722,45,2025,9,8902
Argentina,Ciudad Autonoma de Buenos Aires,Comuna 12,208401,45,2025,27,9341
Argentina,Ciudad Autonoma de Buenos Aires,Comuna 12,208402,45,2025,30,8793
Argentina,Ciudad Autonoma de Buenos Aires,Comuna 12,208403,45,2025,37,9271
Argentina,Ciudad Autonoma de Buenos Aires,Comuna 12,208404,45,2025,23,8702
Argentina,Ciudad Autonoma de Buenos Aires,Comuna 12,208405,45,2025,36,8415
Argentina,Ciudad Autonoma de Buenos Aires,Comuna 12,208406,45,2025,28,9143
Argentina,Ciudad Autonoma de Buenos Aires,Comuna 12,208407,45,2025,23,10293
Argentina,Ciudad Autonoma de Buenos Aires,Comuna 12,208408,45,2025,29,10510
Argentina,Ciudad Autonoma de Buenos Aires,Comuna 12,208409,45,2025,26,8365
Argentina,Ciudad Autonoma de Buenos Aires,Comuna 12,208410,45,2025,40,11926
Argentina,Ciudad Autonoma de Buenos Aires,Comuna 12,208411,45,2025,32,10276
Argentina,Ciudad Autonoma de Buenos Aires,Comuna 12,208412,45,2025,33,8291
Argentina,Ciudad Autonoma de Buenos Aires,Comuna 12,208413,45,2025,29,9891
Argentina,Ciudad Autonoma de Buenos Aires,Comuna 12,208414,45,2025,26,12202
Argentina,Ciudad Autonoma de Buenos Aires,Comuna 12,208415,45,2025,40,13785
Argentina,Ciudad Autonoma de Buenos Aires,Comuna 12,208416,45,2025,54,16395
Argentina,Ciudad Autonoma de Buenos Aires,Comuna 12,208417,45,2025,32,9935
Argentina,Ciudad Autonoma de Buenos Aires,Comuna 12,208418,45,2025,46,13227
Argentina,Ciudad Autonoma de Buenos Aires,Comuna 12,208419,45,2025,24,12268
Argentina,Ciudad Autonoma de Buenos Aires,Comuna 12,208420,45,2025,37,9926
Argentina,Ciudad Autonoma de Buenos Aires,Comuna 12,208421,45,2025,26,11426
Argentina,Ciudad Autonoma de Buenos Aires,Comuna 12,208422,45,2025,44,12983
Argentina,Ciudad Autonoma de Buenos Aires,Comuna 13,209101,45,2025,16,11656
Argentina,Ciudad Autonoma de Buenos Aires,Comuna 13,209102,45,2025,21,10984
Argentina,Ciudad Autonoma de Buenos Aires,Comuna 13,209103,45,2025,31,10868
Argentina,Ciudad Autonoma de Buenos Aires,Comuna 13,209104,45,2025,27,13113
Argentina,Ciudad Autonoma de Buenos Aires,Comuna 13,209105,45,2025,23,10421
Argentina,Ciudad Autonoma de Buenos Aires,Comuna 13,209106,45,2025,14,7917
Argentina,Ciudad Autonoma de Buenos Aires,Comuna 13,209107,45,2025,27,8294
Argentina,Ciudad Autonoma de Buenos Aires,Comuna 13,209108,45,2025,24,9153
Argentina,Ciudad Autonoma de Buenos Aires,Comuna 13,209109,45,2025,16,8207
Argentina,Ciudad Autonoma de Buenos Aires,Comuna 13,209110,45,2025,14,10807
Argentina,Ciudad Autonoma de Buenos Aires,Comuna 13,209111,45,2025,10,4808
Argentina,Ciudad Autonoma de Buenos Aires,Comuna 13,209112,45,2025,24,8591
Argentina,Ciudad Autonoma de Buenos Aires,Comuna 13,209113,45,2025,18,10772
Argentina,Ciudad Autonoma de Buenos Aires,Comuna 13,209114,45,2025,18,7311
Argentina,Ciudad Autonoma de Buenos Aires,Comuna 13,209115,45,2025,23,9651
Argentina,Ciudad Autonoma de Buenos Aires,Comuna 13,209116,45,2025,25,10427
Argentina,Ciudad Autonoma de Buenos Aires,Comuna 13,209117,45,2025,20,11221
Argentina,Ciudad Autonoma de Buenos Aires,Comuna 13,209118,45,2025,20,8113
Argentina,Ciudad Autonoma de Buenos Aires,Comuna 13,209119,45,2025,9,8504
Argentina,Ciudad Autonoma de Buenos Aires,Comuna 13,209120,45,2025,21,9333
Argentina,Ciudad Autonoma de Buenos Aires,Comuna 13,209121,45,2025,26,8521
Argentina,Ciudad Autonoma de Buenos Aires,Comuna 13,209122,45,2025,17,8416
Argentina,Ciudad Autonoma de Buenos Aires,Comuna 13,209123,45,2025,23,9675
Argentina,Ciudad Autonoma de Buenos Aires,Comuna 13,209124,45,2025,14,7611
Argentina,Ciudad Autonoma de Buenos Aires,Comuna 13,209125,45,2025,13,6503
Argentina,Ciudad Autonoma de Buenos Aires,Comuna 13,209126,45,2025,10,8070
Argentina,Ciudad Autonoma de Buenos Aires,Comuna 13,209127,45,2025,18,7860
Argentina,Ciudad Autonoma de Buenos Aires,Comuna 13,209128,45,2025,17,7714
Argentina,Ciudad Autonoma de Buenos Aires,Comuna 13,209129,45,2025,12,7809
Argentina,Ciudad Autonoma de Buenos Aires,Comuna 14,209801,45,2025,12,8008
Argentina,Ciudad Autonoma de Buenos Aires,Comuna 14,209802,45,2025,7,8651
Argentina,Ciudad Autonoma de Buenos Aires,Comuna 14,209803,45,2025,10,9921
Argentina,Ciudad Autonoma de Buenos Aires,Comuna 14,209804,45,2025,12,9128
Argentina,Ciudad Autonoma de Buenos Aires,Comuna 14,209805,45,2025,10,7958
Argentina,Ciudad Autonoma de Buenos Aires,Comuna 14,209806,45,2025,13,9397
Argentina,Ciudad Autonoma de Buenos Aires,Comuna 14,209807,45,2025,13,9307
Argentina,Ciudad Autonoma de Buenos Aires,Comuna 14,209808,45,2025,20,8700
Argentina,Ciudad Autonoma de Buenos Aires,Comuna 14,209809,45,2025,22,12492
Argentina,Ciudad Autonoma de Buenos Aires,Comuna 14,209810,45,2025,1,190
Argentina,Ciudad Autonoma de Buenos Aires,Comuna 14,209811,45,2025,25,12051
Argentina,Ciudad Autonoma de Buenos Aires,Comuna 14,209812,45,2025,7,7962
Argentina,Ciudad Autonoma de Buenos Aires,Comuna 14,209813,45,2025,20,7376
Argentina,Ciudad Autonoma de Buenos Aires,Comuna 14,209814,45,2025,9,7484
Argentina,Ciudad Autonoma de Buenos Aires,Comuna 14,209815,45,2025,10,8094
Argentina,Ciudad Autonoma de Buenos Aires,Comuna 14,209816,45,2025,10,6773
Argentina,Ciudad Autonoma de Buenos Aires,Comuna 14,209817,45,2025,14,7231
Argentina,Ciudad Autonoma de Buenos Aires,Comuna 14,209818,45,2025,13,6981
Argentina,Ciudad Autonoma de Buenos Aires,Comuna 14,209819,45,2025,11,5589
Argentina,Ciudad Autonoma de Buenos Aires,Comuna 14,209820,45,2025,8,6758
Argentina,Ciudad Autonoma de Buenos Aires,Comuna 14,209821,45,2025,11,7312
Argentina,Ciudad Autonoma de Buenos Aires,Comuna 14,209822,45,2025,9,8363
Argentina,Ciudad Autonoma de Buenos Aires,Comuna 14,209823,45,2025,17,11012
Argentina,Ciudad Autonoma de Buenos Aires,Comuna 14,209824,45,2025,8,6199
Argentina,Ciudad Autonoma de Buenos Aires,Comuna 14,209825,45,2025,12,7637
Argentina,Ciudad Autonoma de Buenos Aires,Comuna 14,209826,45,2025,13,6558
Argentina,Ciudad Autonoma de Buenos Aires,Comuna 14,209827,45,2025,8,6199
Argentina,Ciudad Autonoma de Buenos Aires,Comuna 14,209828,45,2025,19,9243
Argentina,Ciudad Autonoma de Buenos Aires,Comuna 14,209829,45,2025,13,8453
Argentina,Ciudad Autonoma de Buenos Aires,Comuna 14,209830,45,2025,14,8109
Argentina,Ciudad Autonoma de Buenos Aires,Comuna 14,209831,45,2025,9,8116
Argentina,Ciudad Autonoma de Buenos Aires,Comuna 15,210501,45,2025,23,9594
Argentina,Ciudad Autonoma de Buenos Aires,Comuna 15,210502,45,2025,9,6548
Argentina,Ciudad Autonoma de Buenos Aires,Comuna 15,210503,45,2025,14,10235
Argentina,Ciudad Autonoma de Buenos Aires,Comuna 15,210504,45,2025,21,12235
Argentina,Ciudad Autonoma de Buenos Aires,Comuna 15,210505,45,2025,21,12207
Argentina,Ciudad Autonoma de Buenos Aires,Comuna 15,210506,45,2025,9,4156
Argentina,Ciudad Autonoma de Buenos Aires,Comuna 15,210507,45,2025,30,12285
Argentina,Ciudad Autonoma de Buenos Aires,Comuna 15,210508,45,2025,14,8807
Argentina,Ciudad Autonoma de Buenos Aires,Comuna 15,210509,45,2025,9,8645
Argentina,Ciudad Autonoma de Buenos Aires,Comuna 15,210510,45,2025,18,10813
Argentina,Ciudad Autonoma de Buenos Aires,Comuna 15,210511,45,2025,19,11863
Argentina,Ciudad Autonoma de Buenos Aires,Comuna 15,210512,45,2025,12,7208
Argentina,Ciudad Autonoma de Buenos Aires,Comuna 15,210513,45,2025,9,7242
Argentina,Ciudad Autonoma de Buenos Aires,Comuna 15,210514,45,2025,14,9564
Argentina,Ciudad Autonoma de Buenos Aires,Comuna 15,210515,45,2025,14,9091
Argentina,Ciudad Autonoma de Buenos Aires,Comuna 15,210516,45,2025,20,8911
Argentina,Ciudad Autonoma de Buenos Aires,Comuna 15,210517,45,2025,16,8753
Argentina,Ciudad Autonoma de Buenos Aires,Comuna 15,210518,45,2025,18,8161
Argentina,Ciudad Autonoma de Buenos Aires,Comuna 15,210519,45,2025,16,8739
Argentina,Ciudad Autonoma de Buenos Aires,Comuna 15,210520,45,2025,13,8787
Argentina,Ciudad Autonoma de Buenos Aires,Comuna 15,210521,45,2025,19,11421
Argentina,Ciudad Autonoma de Buenos Aires,Comuna 2,201401,45,2025,0,554
Argentina,Ciudad Autonoma de Buenos Aires,Comuna 2,201402,45,2025,5,5022
Argentina,Ciudad Autonoma de Buenos Aires,Comuna 2,201403,45,2025,4,5681
Argentina,Ciudad Autonoma de Buenos Aires,Comuna 2,201404,45,2025,9,6670
Argentina,Ciudad Autonoma de Buenos Aires,Comuna 2,201405,45,2025,10,6654
Argentina,Ciudad Autonoma de Buenos Aires,Comuna 2,201406,45,2025,11,6504
Argentina,Ciudad Autonoma de Buenos Aires,Comuna 2,201407,45,2025,8,7631
Argentina,Ciudad Autonoma de Buenos Aires,Comuna 2,201408,45,2025,14,9285
Argentina,Ciudad Autonoma de Buenos Aires,Comuna 2,201409,45,2025,6,8985
Argentina,Ciudad Autonoma de Buenos Aires,Comuna 2,201410,45,2025,9,7067
Argentina,Ciudad Autonoma de Buenos Aires,Comuna 2,201411,45,2025,6,5593
Argentina,Ciudad Autonoma de Buenos Aires,Comuna 2,201412,45,2025,3,5734
Argentina,Ciudad Autonoma de Buenos Aires,Comuna 2,201413,45,2025,3,7043
Argentina,Ciudad Autonoma de Buenos Aires,Comuna 2,201414,45,2025,16,8370
Argentina,Ciudad Autonoma de Buenos Aires,Comuna 2,201415,45,2025,8,6053
Argentina,Ciudad Autonoma de Buenos Aires,Comuna 2,201416,45,2025,8,5917
Argentina,Ciudad Autonoma de Buenos Aires,Comuna 2,201417,45,2025,3,7963
Argentina,Ciudad Autonoma de Buenos Aires,Comuna 2,201418,45,2025,4,6383
Argentina,Ciudad Autonoma de Buenos Aires,Comuna 2,201419,45,2025,6,6436
Argentina,Ciudad Autonoma de Buenos Aires,Comuna 2,201420,45,2025,5,7134
Argentina,Ciudad Autonoma de Buenos Aires,Comuna 2,201421,45,2025,5,5726
Argentina,Ciudad Autonoma de Buenos Aires,Comuna 2,201422,45,2025,5,5002
Argentina,Ciudad Autonoma de Buenos Aires,Comuna 2,201423,45,2025,3,5517
Argentina,Ciudad Autonoma de Buenos Aires,Comuna 2,201424,45,2025,5,5483
Argentina,Ciudad Autonoma de Buenos Aires,Comuna 2,201425,45,2025,6,8202
Argentina,Ciudad Autonoma de Buenos Aires,Comuna 5,203501,45,2025,13,9107
Argentina,Ciudad Autonoma de Buenos Aires,Comuna 5,203502,45,2025,5,8659
Argentina,Ciudad Autonoma de Buenos Aires,Comuna 5,203503,45,2025,6,9246
Argentina,Ciudad Autonoma de Buenos Aires,Comuna 5,203504,45,2025,9,8180
Argentina,Ciudad Autonoma de Buenos Aires,Comuna 5,203505,45,2025,3,6557
Argentina,Ciudad Autonoma de Buenos Aires,Comuna 5,203506,45,2025,10,7989
Argentina,Ciudad Autonoma de Buenos Aires,Comuna 5,203507,45,2025,6,7616
Argentina,Ciudad Autonoma de Buenos Aires,Comuna 5,203508,45,2025,12,8744
Argentina,Ciudad Autonoma de Buenos Aires,Comuna 5,203509,45,2025,7,7892
Argentina,Ciudad Autonoma de Buenos Aires,Comuna 5,203510,45,2025,12,8718
Argentina,Ciudad Autonoma de Buenos Aires,Comuna 5,203511,45,2025,11,9263
Argentina,Ciudad Autonoma de Buenos Aires,Comuna 5,203512,45,2025,7,7201
Argentina,Ciudad Autonoma de Buenos Aires,Comuna 5,203513,45,2025,8,7410
Argentina,Ciudad Autonoma de Buenos Aires,Comuna 5,203514,45,2025,13,8821
Argentina,Ciudad Autonoma de Buenos Aires,Comuna 5,203515,45,2025,5,7651
Argentina,Ciudad Autonoma de Buenos Aires,Comuna 5,203516,45,2025,12,10461
Argentina,Ciudad Autonoma de Buenos Aires,Comuna 5,203517,45,2025,5,9254
Argentina,Ciudad Autonoma de Buenos Aires,Comuna 5,203518,45,2025,5,9162
Argentina,Ciudad Autonoma de Buenos Aires,Comuna 5,203519,45,2025,4,9340
Argentina,Ciudad Autonoma de Buenos Aires,Comuna 5,203520,45,2025,12,11091
Argentina,Ciudad Autonoma de Buenos Aires,Comuna 5,203521,45,2025,11,8855
Argentina,Ciudad Autonoma de Buenos Aires,Comuna 5,203522,45,2025,20,11232
Argentina,Ciudad Autonoma de Buenos Aires,Comuna 6,204201,45,2025,8,9911
Argentina,Ciudad Autonoma de Buenos Aires,Comuna 6,204202,45,2025,9,10787
Argentina,Ciudad Autonoma de Buenos Aires,Comuna 6,204203,45,2025,6,8899
Argentina,Ciudad Autonoma de Buenos Aires,Comuna 6,204204,45,2025,9,11727
Argentina,Ciudad Autonoma de Buenos Aires,Comuna 6,204205,45,2025,16,10329
Argentina,Ciudad Autonoma de Buenos Aires,Comuna 6,204206,45,2025,5,10367
Argentina,Ciudad Autonoma de Buenos Aires,Comuna 6,204207,45,2025,10,12185
Argentina,Ciudad Autonoma de Buenos Aires,Comuna 6,204208,45,2025,7,9497
Argentina,Ciudad Autonoma de Buenos Aires,Comuna 6,204209,45,2025,15,7356
Argentina,Ciudad Autonoma de Buenos Aires,Comuna 6,204210,45,2025,13,8697
Argentina,Ciudad Autonoma de Buenos Aires,Comuna 6,204211,45,2025,16,9646
Argentina,Ciudad Autonoma de Buenos Aires,Comuna 6,204212,45,2025,10,7926
Argentina,Ciudad Autonoma de Buenos Aires,Comuna 6,204213,45,2025,8,10037
Argentina,Ciudad Autonoma de Buenos Aires,Comuna 6,204214,45,2025,13,9669
Argentina,Ciudad Autonoma de Buenos Aires,Comuna 6,204215,45,2025,10,9168
Argentina,Ciudad Autonoma de Buenos Aires,Comuna 6,204216,45,2025,9,12982
Argentina,Ciudad Autonoma de Buenos Aires,Comuna 6,204217,45,2025,10,7259
Argentina,Ciudad Autonoma de Buenos Aires,Comuna 6,204218,45,2025,12,8066
Argentina,Ciudad Autonoma de Buenos Aires,Comuna 6,204219,45,2025,5,7952
Argentina,Ciudad Autonoma de Buenos Aires,Comuna 6,204220,45,2025,6,8895
Argentina,Ciudad Autonoma de Buenos Aires,Comuna 6,204221,45,2025,10,10409
Argentina,Ciudad Autonoma de Buenos Aires,Comuna 7,204901,45,2025,4,6665
Argentina,Ciudad Autonoma de Buenos Aires,Comuna 7,204902,45,2025,8,8593
Argentina,Ciudad Autonoma de Buenos Aires,Comuna 7,204903,45,2025,2,10871
Argentina,Ciudad Autonoma de Buenos Aires,Comuna 7,204904,45,2025,12,9795
Argentina,Ciudad Autonoma de Buenos Aires,Comuna 7,204905,45,2025,9,8999
Argentina,Ciudad Autonoma de Buenos Aires,Comuna 7,204906,45,2025,4,7524
Argentina,Ciudad Autonoma de Buenos Aires,Comuna 7,204907,45,2025,7,9257
Argentina,Ciudad Autonoma de Buenos Aires,Comuna 7,204908,45,2025,4,7685
Argentina,Ciudad Autonoma de Buenos Aires,Comuna 7,204909,45,2025,13,9705
Argentina,Ciudad Autonoma de Buenos Aires,Comuna 7,204910,45,2025,10,8735
Argentina,Ciudad Autonoma de Buenos Aires,Comuna 7,204911,45,2025,9,10501
Argentina,Ciudad Autonoma de Buenos Aires,Comuna 7,204912,45,2025,13,7467
Argentina,Ciudad Autonoma de Buenos Aires,Comuna 7,204913,45,2025,17,11414
Argentina,Ciudad Autonoma de Buenos Aires,Comuna 7,204914,45,2025,13,11132
Argentina,Ciudad Autonoma de Buenos Aires,Comuna 7,204915,45,2025,7,9647
Argentina,Ciudad Autonoma de Buenos Aires,Comuna 7,204916,45,2025,8,8094
Argentina,Ciudad Autonoma de Buenos Aires,Comuna 7,204917,45,2025,3,2971
Argentina,Ciudad Autonoma de Buenos Aires,Comuna 7,204918,45,2025,3,3398
Argentina,Ciudad Autonoma de Buenos Aires,Comuna 7,204919,45,2025,7,6454
Argentina,Ciudad Autonoma de Buenos Aires,Comuna 7,204920,45,2025,14,12736
Argentina,Ciudad Autonoma de Buenos Aires,Comuna 7,204921,45,2025,14,11351
Argentina,Ciudad Autonoma de Buenos Aires,Comuna 7,204922,45,2025,16,11303
Argentina,Ciudad Autonoma de Buenos Aires,Comuna 7,204923,45,2025,8,7839
Argentina,Ciudad Autonoma de Buenos Aires,Comuna 7,204924,45,2025,9,11126
Argentina,Ciudad Autonoma de Buenos Aires,Comuna 10,207001,46,2025,8,6651
Argentina,Ciudad Autonoma de Buenos Aires,Comuna 10,207002,46,2025,16,7094
Argentina,Ciudad Autonoma de Buenos Aires,Comuna 10,207003,46,2025,5,6682
Argentina,Ciudad Autonoma de Buenos Aires,Comuna 10,207004,46,2025,5,9342
Argentina,Ciudad Autonoma de Buenos Aires,Comuna 10,207005,46,2025,14,11787
Argentina,Ciudad Autonoma de Buenos Aires,Comuna 10,207006,46,2025,13,12408
Argentina,Ciudad Autonoma de Buenos Aires,Comuna 10,207007,46,2025,10,11630
Argentina,Ciudad Autonoma de Buenos Aires,Comuna 10,207008,46,2025,6,9038
Argentina,Ciudad Autonoma de Buenos Aires,Comuna 10,207009,46,2025,11,8752
Argentina,Ciudad Autonoma de Buenos Aires,Comuna 10,207010,46,2025,5,10398
Argentina,Ciudad Autonoma de Buenos Aires,Comuna 10,207011,46,2025,5,8554
Argentina,Ciudad Autonoma de Buenos Aires,Comuna 10,207012,46,2025,11,6677
Argentina,Ciudad Autonoma de Buenos Aires,Comuna 10,207013,46,2025,6,8285
Argentina,Ciudad Autonoma de Buenos Aires,Comuna 10,207014,46,2025,8,9092
Argentina,Ciudad Autonoma de Buenos Aires,Comuna 10,207015,46,2025,7,7248
Argentina,Ciudad Autonoma de Buenos Aires,Comuna 10,207016,46,2025,7,8724
Argentina,Ciudad Autonoma de Buenos Aires,Comuna 10,207017,46,2025,16,9635
Argentina,Ciudad Autonoma de Buenos Aires,Comuna 10,207018,46,2025,8,8682
Argentina,Ciudad Autonoma de Buenos Aires,Comuna 10,207019,46,2025,14,11217
Argentina,Ciudad Autonoma de Buenos Aires,Comuna 11,207701,46,2025,16,11069
Argentina,Ciudad Autonoma de Buenos Aires,Comuna 11,207702,46,2025,6,10205
Argentina,Ciudad Autonoma de Buenos Aires,Comuna 11,207703,46,2025,8,9103
Argentina,Ciudad Autonoma de Buenos Aires,Comuna 11,207704,46,2025,8,10387
Argentina,Ciudad Autonoma de Buenos Aires,Comuna 11,207705,46,2025,10,7955
Argentina,Ciudad Autonoma de Buenos Aires,Comuna 11,207706,46,2025,11,11455
Argentina,Ciudad Autonoma de Buenos Aires,Comuna 11,207707,46,2025,9,11428
Argentina,Ciudad Autonoma de Buenos Aires,Comuna 11,207708,46,2025,12,8072
Argentina,Ciudad Autonoma de Buenos Aires,Comuna 11,207709,46,2025,10,9257
Argentina,Ciudad Autonoma de Buenos Aires,Comuna 11,207710,46,2025,8,11259
Argentina,Ciudad Autonoma de Buenos Aires,Comuna 11,207711,46,2025,5,8065
Argentina,Ciudad Autonoma de Buenos Aires,Comuna 11,207712,46,2025,5,8059
Argentina,Ciudad Autonoma de Buenos Aires,Comuna 11,207713,46,2025,8,9254
Argentina,Ciudad Autonoma de Buenos Aires,Comuna 11,207714,46,2025,7,7270
Argentina,Ciudad Autonoma de Buenos Aires,Comuna 11,207715,46,2025,17,10022
Argentina,Ciudad Autonoma de Buenos Aires,Comuna 11,207716,46,2025,7,9462
Argentina,Ciudad Autonoma de Buenos Aires,Comuna 11,207717,46,2025,10,6323
Argentina,Ciudad Autonoma de Buenos Aires,Comuna 11,207718,46,2025,7,9010
Argentina,Ciudad Autonoma de Buenos Aires,Comuna 11,207719,46,2025,11,7194
Argentina,Ciudad Autonoma de Buenos Aires,Comuna 11,207720,46,2025,8,9079
Argentina,Ciudad Autonoma de Buenos Aires,Comuna 11,207721,46,2025,10,9075
Argentina,Ciudad Autonoma de Buenos Aires,Comuna 11,207722,46,2025,7,8902
Argentina,Ciudad Autonoma de Buenos Aires,Comuna 12,208401,46,2025,21,9341
Argentina,Ciudad Autonoma de Buenos Aires,Comuna 12,208402,46,2025,22,8793
Argentina,Ciudad Autonoma de Buenos Aires,Comuna 12,208403,46,2025,30,9271
Argentina,Ciudad Autonoma de Buenos Aires,Comuna 12,208404,46,2025,23,8702
Argentina,Ciudad Autonoma de Buenos Aires,Comuna 12,208405,46,2025,21,8415
Argentina,Ciudad Autonoma de Buenos Aires,Comuna 12,208406,46,2025,18,9143
Argentina,Ciudad Autonoma de Buenos Aires,Comuna 12,208407,46,2025,27,10293
Argentina,Ciudad Autonoma de Buenos Aires,Comuna 12,208408,46,2025,31,10510
Argentina,Ciudad Autonoma de Buenos Aires,Comuna 12,208409,46,2025,26,8365
Argentina,Ciudad Autonoma de Buenos Aires,Comuna 12,208410,46,2025,33,11926
Argentina,Ciudad Autonoma de Buenos Aires,Comuna 12,208411,46,2025,36,10276
Argentina,Ciudad Autonoma de Buenos Aires,Comuna 12,208412,46,2025,22,8291
Argentina,Ciudad Autonoma de Buenos Aires,Comuna 12,208413,46,2025,23,9891
Argentina,Ciudad Autonoma de Buenos Aires,Comuna 12,208414,46,2025,34,12202
Argentina,Ciudad Autonoma de Buenos Aires,Comuna 12,208415,46,2025,40,13785
Argentina,Ciudad Autonoma de Buenos Aires,Comuna 12,208416,46,2025,64,16395
Argentina,Ciudad Autonoma de Buenos Aires,Comuna 12,208417,46,2025,33,9935
Argentina,Ciudad Autonoma de Buenos Aires,Comuna 12,208418,46,2025,50,13227
Argentina,Ciudad Autonoma de Buenos Aires,Comuna 12,208419,46,2025,33,12268
Argentina,Ciudad Autonoma de Buenos Aires,Comuna 12,208420,46,2025,31,9926
Argentina,Ciudad Autonoma de Buenos Aires,Comuna 12,208421,46,2025,32,11426
Argentina,Ciudad Autonoma de Buenos Aires,Comuna 12,208422,46,2025,50,12983
Argentina,Ciudad Autonoma de Buenos Aires,Comuna 13,209101,46,2025,21,11656
Argentina,Ciudad Autonoma de Buenos Aires,Comuna 13,209102,46,2025,15,10984
Argentina,Ciudad Autonoma de Buenos Aires,Comuna 13,209103,46,2025,20,10868
Argentina,Ciudad Autonoma de Buenos Aires,Comuna 13,209104,46,2025,30,13113
Argentina,Ciudad Autonoma de Buenos Aires,Comuna 13,209105,46,2025,19,10421
Argentina,Ciudad Autonoma de Buenos Aires,Comuna 13,209106,46,2025,18,7917
Argentina,Ciudad Autonoma de Buenos Aires,Comuna 13,209107,46,2025,18,8294
Argentina,Ciudad Autonoma de Buenos Aires,Comuna 13,209108,46,2025,15,9153
Argentina,Ciudad Autonoma de Buenos Aires,Comuna 13,209109,46,2025,11,8207
Argentina,Ciudad Autonoma de Buenos Aires,Comuna 13,209110,46,2025,24,10807
Argentina,Ciudad Autonoma de Buenos Aires,Comuna 13,209111,46,2025,6,4808
Argentina,Ciudad Autonoma de Buenos Aires,Comuna 13,209112,46,2025,22,8591
Argentina,Ciudad Autonoma de Buenos Aires,Comuna 13,209113,46,2025,27,10772
Argentina,Ciudad Autonoma de Buenos Aires,Comuna 13,209114,46,2025,13,7311
Argentina,Ciudad Autonoma de Buenos Aires,Comuna 13,209115,46,2025,26,9651
Argentina,Ciudad Autonoma de Buenos Aires,Comuna 13,209116,46,2025,16,10427
Argentina,Ciudad Autonoma de Buenos Aires,Comuna 13,209117,46,2025,23,11221
Argentina,Ciudad Autonoma de Buenos Aires,Comuna 13,209118,46,2025,11,8113
Argentina,Ciudad Autonoma de Buenos Aires,Comuna 13,209119,46,2025,15,8504
Argentina,Ciudad Autonoma de Buenos Aires,Comuna 13,209120,46,2025,19,9333
Argentina,Ciudad Autonoma de Buenos Aires,Comuna 13,209121,46,2025,21,8521
Argentina,Ciudad Autonoma de Buenos Aires,Comuna 13,209122,46,2025,9,8416
Argentina,Ciudad Autonoma de Buenos Aires,Comuna 13,209123,46,2025,18,9675
Argentina,Ciudad Autonoma de Buenos Aires,Comuna 13,209124,46,2025,18,7611
Argentina,Ciudad Autonoma de Buenos Aires,Comuna 13,209125,46,2025,11,6503
Argentina,Ciudad Autonoma de Buenos Aires,Comuna 13,209126,46,2025,17,8070
Argentina,Ciudad Autonoma de Buenos Aires,Comuna 13,209127,46,2025,21,7860
Argentina,Ciudad Autonoma de Buenos Aires,Comuna 13,209128,46,2025,19,7714
Argentina,Ciudad Autonoma de Buenos Aires,Comuna 13,209129,46,2025,10,7809
Argentina,Ciudad Autonoma de Buenos Aires,Comuna 14,209801,46,2025,12,8008
Argentina,Ciudad Autonoma de Buenos Aires,Comuna 14,209802,46,2025,20,8651
Argentina,Ciudad Autonoma de Buenos Aires,Comuna 14,209803,46,2025,25,9921
Argentina,Ciudad Autonoma de Buenos Aires,Comuna 14,209804,46,2025,16,9128
Argentina,Ciudad Autonoma de Buenos Aires,Comuna 14,209805,46,2025,9,7958
Argentina,Ciudad Autonoma de Buenos Aires,Comuna 14,209806,46,2025,14,9397
Argentina,Ciudad Autonoma de Buenos Aires,Comuna 14,209807,46,2025,13,9307
Argentina,Ciudad Autonoma de Buenos Aires,Comuna 14,209808,46,2025,14,8700
Argentina,Ciudad Autonoma de Buenos Aires,Comuna 14,209809,46,2025,23,12492
Argentina,Ciudad Autonoma de Buenos Aires,Comuna 14,209810,46,2025,3,190
Argentina,Ciudad Autonoma de Buenos Aires,Comuna 14,209811,46,2025,15,12051
Argentina,Ciudad Autonoma de Buenos Aires,Comuna 14,209812,46,2025,13,7962
Argentina,Ciudad Autonoma de Buenos Aires,Comuna 14,209813,46,2025,11,7376
Argentina,Ciudad Autonoma de Buenos Aires,Comuna 14,209814,46,2025,14,7484
Argentina,Ciudad Autonoma de Buenos Aires,Comuna 14,209815,46,2025,18,8094
Argentina,Ciudad Autonoma de Buenos Aires,Comuna 14,209816,46,2025,9,6773
Argentina,Ciudad Autonoma de Buenos Aires,Comuna 14,209817,46,2025,13,7231
Argentina,Ciudad Autonoma de Buenos Aires,Comuna 14,209818,46,2025,11,6981
Argentina,Ciudad Autonoma de Buenos Aires,Comuna 14,209819,46,2025,13,5589
Argentina,Ciudad Autonoma de Buenos Aires,Comuna 14,209820,46,2025,11,6758
Argentina,Ciudad Autonoma de Buenos Aires,Comuna 14,209821,46,2025,14,7312
Argentina,Ciudad Autonoma de Buenos Aires,Comuna 14,209822,46,2025,12,8363
Argentina,Ciudad Autonoma de Buenos Aires,Comuna 14,209823,46,2025,20,11012
Argentina,Ciudad Autonoma de Buenos Aires,Comuna 14,209824,46,2025,6,6199
Argentina,Ciudad Autonoma de Buenos Aires,Comuna 14,209825,46,2025,7,7637
Argentina,Ciudad Autonoma de Buenos Aires,Comuna 14,209826,46,2025,12,6558
Argentina,Ciudad Autonoma de Buenos Aires,Comuna 14,209827,46,2025,8,6199
Argentina,Ciudad Autonoma de Buenos Aires,Comuna 14,209828,46,2025,8,9243
Argentina,Ciudad Autonoma de Buenos Aires,Comuna 14,209829,46,2025,14,8453
Argentina,Ciudad Autonoma de Buenos Aires,Comuna 14,209830,46,2025,17,8109
Argentina,Ciudad Autonoma de Buenos Aires,Comuna 14,209831,46,2025,10,8116
Argentina,Ciudad Autonoma de Buenos Aires,Comuna 15,210501,46,2025,12,9594
Argentina,Ciudad Autonoma de Buenos Aires,Comuna 15,210502,46,2025,12,6548
Argentina,Ciudad Autonoma de Buenos Aires,Comuna 15,210503,46,2025,22,10235
Argentina,Ciudad Autonoma de Buenos Aires,Comuna 15,210504,46,2025,21,12235
Argentina,Ciudad Autonoma de Buenos Aires,Comuna 15,210505,46,2025,21,12207
Argentina,Ciudad Autonoma de Buenos Aires,Comuna 15,210506,46,2025,6,4156
Argentina,Ciudad Autonoma de Buenos Aires,Comuna 15,210507,46,2025,16,12285
Argentina,Ciudad Autonoma de Buenos Aires,Comuna 15,210508,46,2025,10,8807
Argentina,Ciudad Autonoma de Buenos Aires,Comuna 15,210509,46,2025,15,8645
Argentina,Ciudad Autonoma de Buenos Aires,Comuna 15,210510,46,2025,16,10813
Argentina,Ciudad Autonoma de Buenos Aires,Comuna 15,210511,46,2025,16,11863
Argentina,Ciudad Autonoma de Buenos Aires,Comuna 15,210512,46,2025,18,7208
Argentina,Ciudad Autonoma de Buenos Aires,Comuna 15,210513,46,2025,11,7242
Argentina,Ciudad Autonoma de Buenos Aires,Comuna 15,210514,46,2025,12,9564
Argentina,Ciudad Autonoma de Buenos Aires,Comuna 15,210515,46,2025,11,9091
Argentina,Ciudad Autonoma de Buenos Aires,Comuna 15,210516,46,2025,16,8911
Argentina,Ciudad Autonoma de Buenos Aires,Comuna 15,210517,46,2025,19,8753
Argentina,Ciudad Autonoma de Buenos Aires,Comuna 15,210518,46,2025,12,8161
Argentina,Ciudad Autonoma de Buenos Aires,Comuna 15,210519,46,2025,21,8739
Argentina,Ciudad Autonoma de Buenos Aires,Comuna 15,210520,46,2025,14,8787
Argentina,Ciudad Autonoma de Buenos Aires,Comuna 15,210521,46,2025,26,11421
Argentina,Ciudad Autonoma de Buenos Aires,Comuna 2,201401,46,2025,1,554
Argentina,Ciudad Autonoma de Buenos Aires,Comuna 2,201402,46,2025,4,5022
Argentina,Ciudad Autonoma de Buenos Aires,Comuna 2,201403,46,2025,7,5681
Argentina,Ciudad Autonoma de Buenos Aires,Comuna 2,201404,46,2025,9,6670
Argentina,Ciudad Autonoma de Buenos Aires,Comuna 2,201405,46,2025,8,6654
Argentina,Ciudad Autonoma de Buenos Aires,Comuna 2,201406,46,2025,7,6504
Argentina,Ciudad Autonoma de Buenos Aires,Comuna 2,201407,46,2025,9,7631
Argentina,Ciudad Autonoma de Buenos Aires,Comuna 2,201408,46,2025,7,9285
Argentina,Ciudad Autonoma de Buenos Aires,Comuna 2,201409,46,2025,6,8985
Argentina,Ciudad Autonoma de Buenos Aires,Comuna 2,201410,46,2025,5,7067
Argentina,Ciudad Autonoma de Buenos Aires,Comuna 2,201411,46,2025,2,5593
Argentina,Ciudad Autonoma de Buenos Aires,Comuna 2,201412,46,2025,6,5734
Argentina,Ciudad Autonoma de Buenos Aires,Comuna 2,201413,46,2025,5,7043
Argentina,Ciudad Autonoma de Buenos Aires,Comuna 2,201414,46,2025,7,8370
Argentina,Ciudad Autonoma de Buenos Aires,Comuna 2,201415,46,2025,6,6053
Argentina,Ciudad Autonoma de Buenos Aires,Comuna 2,201416,46,2025,6,5917
Argentina,Ciudad Autonoma de Buenos Aires,Comuna 2,201417,46,2025,13,7963
Argentina,Ciudad Autonoma de Buenos Aires,Comuna 2,201418,46,2025,7,6383
Argentina,Ciudad Autonoma de Buenos Aires,Comuna 2,201419,46,2025,6,6436
Argentina,Ciudad Autonoma de Buenos Aires,Comuna 2,201420,46,2025,8,7134
Argentina,Ciudad Autonoma de Buenos Aires,Comuna 2,201421,46,2025,4,5726
Argentina,Ciudad Autonoma de Buenos Aires,Comuna 2,201422,46,2025,3,5002
Argentina,Ciudad Autonoma de Buenos Aires,Comuna 2,201423,46,2025,4,5517
Argentina,Ciudad Autonoma de Buenos Aires,Comuna 2,201424,46,2025,9,5483
Argentina,Ciudad Autonoma de Buenos Aires,Comuna 2,201425,46,2025,4,8202
Argentina,Ciudad Autonoma de Buenos Aires,Comuna 5,203501,46,2025,10,9107
Argentina,Ciudad Autonoma de Buenos Aires,Comuna 5,203502,46,2025,6,8659
Argentina,Ciudad Autonoma de Buenos Aires,Comuna 5,203503,46,2025,11,9246
Argentina,Ciudad Autonoma de Buenos Aires,Comuna 5,203504,46,2025,12,8180
Argentina,Ciudad Autonoma de Buenos Aires,Comuna 5,203505,46,2025,4,6557
Argentina,Ciudad Autonoma de Buenos Aires,Comuna 5,203506,46,2025,12,7989
Argentina,Ciudad Autonoma de Buenos Aires,Comuna 5,203507,46,2025,8,7616
Argentina,Ciudad Autonoma de Buenos Aires,Comuna 5,203508,46,2025,9,8744
Argentina,Ciudad Autonoma de Buenos Aires,Comuna 5,203509,46,2025,7,7892
Argentina,Ciudad Autonoma de Buenos Aires,Comuna 5,203510,46,2025,4,8718
Argentina,Ciudad Autonoma de Buenos Aires,Comuna 5,203511,46,2025,9,9263
Argentina,Ciudad Autonoma de Buenos Aires,Comuna 5,203512,46,2025,10,7201
Argentina,Ciudad Autonoma de Buenos Aires,Comuna 5,203513,46,2025,5,7410
Argentina,Ciudad Autonoma de Buenos Aires,Comuna 5,203514,46,2025,12,8821
Argentina,Ciudad Autonoma de Buenos Aires,Comuna 5,203515,46,2025,5,7651
Argentina,Ciudad Autonoma de Buenos Aires,Comuna 5,203516,46,2025,9,10461
Argentina,Ciudad Autonoma de Buenos Aires,Comuna 5,203517,46,2025,9,9254
Argentina,Ciudad Autonoma de Buenos Aires,Comuna 5,203518,46,2025,9,9162
Argentina,Ciudad Autonoma de Buenos Aires,Comuna 5,203519,46,2025,8,9340
Argentina,Ciudad Autonoma de Buenos Aires,Comuna 5,203520,46,2025,10,11091
Argentina,Ciudad Autonoma de Buenos Aires,Comuna 5,203521,46,2025,8,8855
Argentina,Ciudad Autonoma de Buenos Aires,Comuna 5,203522,46,2025,13,11232
Argentina,Ciudad Autonoma de Buenos Aires,Comuna 6,204201,46,2025,13,9911
Argentina,Ciudad Autonoma de Buenos Aires,Comuna 6,204202,46,2025,11,10787
Argentina,Ciudad Autonoma de Buenos Aires,Comuna 6,204203,46,2025,11,8899
Argentina,Ciudad Autonoma de Buenos Aires,Comuna 6,204204,46,2025,14,11727
Argentina,Ciudad Autonoma de Buenos Aires,Comuna 6,204205,46,2025,12,10329
Argentina,Ciudad Autonoma de Buenos Aires,Comuna 6,204206,46,2025,13,10367
Argentina,Ciudad Autonoma de Buenos Aires,Comuna 6,204207,46,2025,8,12185
Argentina,Ciudad Autonoma de Buenos Aires,Comuna 6,204208,46,2025,9,9497
Argentina,Ciudad Autonoma de Buenos Aires,Comuna 6,204209,46,2025,7,7356
Argentina,Ciudad Autonoma de Buenos Aires,Comuna 6,204210,46,2025,12,8697
Argentina,Ciudad Autonoma de Buenos Aires,Comuna 6,204211,46,2025,7,9646
Argentina,Ciudad Autonoma de Buenos Aires,Comuna 6,204212,46,2025,12,7926
Argentina,Ciudad Autonoma de Buenos Aires,Comuna 6,204213,46,2025,8,10037
Argentina,Ciudad Autonoma de Buenos Aires,Comuna 6,204214,46,2025,11,9669
Argentina,Ciudad Autonoma de Buenos Aires,Comuna 6,204215,46,2025,16,9168
Argentina,Ciudad Autonoma de Buenos Aires,Comuna 6,204216,46,2025,11,12982
Argentina,Ciudad Autonoma de Buenos Aires,Comuna 6,204217,46,2025,9,7259
Argentina,Ciudad Autonoma de Buenos Aires,Comuna 6,204218,46,2025,0,8066
Argentina,Ciudad Autonoma de Buenos Aires,Comuna 6,204219,46,2025,12,7952
Argentina,Ciudad Autonoma de Buenos Aires,Comuna 6,204220,46,2025,6,8895
Argentina,Ciudad Autonoma de Buenos Aires,Comuna 6,204221,46,2025,8,10409
Argentina,Ciudad Autonoma de Buenos Aires,Comuna 7,204901,46,2025,9,6665
Argentina,Ciudad Autonoma de Buenos Aires,Comuna 7,204902,46,2025,11,8593
Argentina,Ciudad Autonoma de Buenos Aires,Comuna 7,204903,46,2025,13,10871
Argentina,Ciudad Autonoma de Buenos Aires,Comuna 7,204904,46,2025,8,9795
Argentina,Ciudad Autonoma de Buenos Aires,Comuna 7,204905,46,2025,11,8999
Argentina,Ciudad Autonoma de Buenos Aires,Comuna 7,204906,46,2025,8,7524
Argentina,Ciudad Autonoma de Buenos Aires,Comuna 7,204907,46,2025,9,9257
Argentina,Ciudad Autonoma de Buenos Aires,Comuna 7,204908,46,2025,7,7685
Argentina,Ciudad Autonoma de Buenos Aires,Comuna 7,204909,46,2025,7,9705
Argentina,Ciudad Autonoma de Buenos Aires,Comuna 7,204910,46,2025,14,8735
Argentina,Ciudad Autonoma de Buenos Aires,Comuna 7,204911,46,2025,10,10501
Argentina,Ciudad Autonoma de Buenos Aires,Comuna 7,204912,46,2025,5,7467
Argentina,Ciudad Autonoma de Buenos Aires,Comuna 7,204913,46,2025,8,11414
Argentina,Ciudad Autonoma de Buenos Aires,Comuna 7,204914,46,2025,13,11132
Argentina,Ciudad Autonoma de Buenos Aires,Comuna 7,204915,46,2025,12,9647
Argentina,Ciudad Autonoma de Buenos Aires,Comuna 7,204916,46,2025,7,8094
Argentina,Ciudad Autonoma de Buenos Aires,Comuna 7,204917,46,2025,4,2971
Argentina,Ciudad Autonoma de Buenos Aires,Comuna 7,204918,46,2025,3,3398
Argentina,Ciudad Autonoma de Buenos Aires,Comuna 7,204919,46,2025,10,6454
Argentina,Ciudad Autonoma de Buenos Aires,Comuna 7,204920,46,2025,9,12736
Argentina,Ciudad Autonoma de Buenos Aires,Comuna 7,204921,46,2025,7,11351
Argentina,Ciudad Autonoma de Buenos Aires,Comuna 7,204922,46,2025,8,11303
Argentina,Ciudad Autonoma de Buenos Aires,Comuna 7,204923,46,2025,9,7839
Argentina,Ciudad Autonoma de Buenos Aires,Comuna 7,204924,46,2025,11,11126
Argentina,Ciudad Autonoma de Buenos Aires,Comuna 10,207001,47,2025,6,6651
Argentina,Ciudad Autonoma de Buenos Aires,Comuna 10,207002,47,2025,5,7094
Argentina,Ciudad Autonoma de Buenos Aires,Comuna 10,207003,47,2025,7,6682
Argentina,Ciudad Autonoma de Buenos Aires,Comuna 10,207004,47,2025,14,9342
Argentina,Ciudad Autonoma de Buenos Aires,Comuna 10,207005,47,2025,9,11787
Argentina,Ciudad Autonoma de Buenos Aires,Comuna 10,207006,47,2025,13,12408
Argentina,Ciudad Autonoma de Buenos Aires,Comuna 10,207007,47,2025,11,11630
Argentina,Ciudad Autonoma de Buenos Aires,Comuna 10,207008,47,2025,13,9038
Argentina,Ciudad Autonoma de Buenos Aires,Comuna 10,207009,47,2025,7,8752
Argentina,Ciudad Autonoma de Buenos Aires,Comuna 10,207010,47,2025,7,10398
Argentina,Ciudad Autonoma de Buenos Aires,Comuna 10,207011,47,2025,11,8554
Argentina,Ciudad Autonoma de Buenos Aires,Comuna 10,207012,47,2025,11,6677
Argentina,Ciudad Autonoma de Buenos Aires,Comuna 10,207013,47,2025,10,8285
Argentina,Ciudad Autonoma de Buenos Aires,Comuna 10,207014,47,2025,11,9092
Argentina,Ciudad Autonoma de Buenos Aires,Comuna 10,207015,47,2025,4,7248
Argentina,Ciudad Autonoma de Buenos Aires,Comuna 10,207016,47,2025,7,8724
Argentina,Ciudad Autonoma de Buenos Aires,Comuna 10,207017,47,2025,13,9635
Argentina,Ciudad Autonoma de Buenos Aires,Comuna 10,207018,47,2025,5,8682
Argentina,Ciudad Autonoma de Buenos Aires,Comuna 10,207019,47,2025,18,11217
Argentina,Ciudad Autonoma de Buenos Aires,Comuna 11,207701,47,2025,9,11069
Argentina,Ciudad Autonoma de Buenos Aires,Comuna 11,207702,47,2025,12,10205
Argentina,Ciudad Autonoma de Buenos Aires,Comuna 11,207703,47,2025,11,9103
Argentina,Ciudad Autonoma de Buenos Aires,Comuna 11,207704,47,2025,12,10387
Argentina,Ciudad Autonoma de Buenos Aires,Comuna 11,207705,47,2025,10,7955
Argentina,Ciudad Autonoma de Buenos Aires,Comuna 11,207706,47,2025,12,11455
Argentina,Ciudad Autonoma de Buenos Aires,Comuna 11,207707,47,2025,10,11428
Argentina,Ciudad Autonoma de Buenos Aires,Comuna 11,207708,47,2025,8,8072
Argentina,Ciudad Autonoma de Buenos Aires,Comuna 11,207709,47,2025,9,9257
Argentina,Ciudad Autonoma de Buenos Aires,Comuna 11,207710,47,2025,13,11259
Argentina,Ciudad Autonoma de Buenos Aires,Comuna 11,207711,47,2025,6,8065
Argentina,Ciudad Autonoma de Buenos Aires,Comuna 11,207712,47,2025,8,8059
Argentina,Ciudad Autonoma de Buenos Aires,Comuna 11,207713,47,2025,6,9254
Argentina,Ciudad Autonoma de Buenos Aires,Comuna 11,207714,47,2025,9,7270
Argentina,Ciudad Autonoma de Buenos Aires,Comuna 11,207715,47,2025,13,10022
Argentina,Ciudad Autonoma de Buenos Aires,Comuna 11,207716,47,2025,13,9462
Argentina,Ciudad Autonoma de Buenos Aires,Comuna 11,207717,47,2025,6,6323
Argentina,Ciudad Autonoma de Buenos Aires,Comuna 11,207718,47,2025,11,9010
Argentina,Ciudad Autonoma de Buenos Aires,Comuna 11,207719,47,2025,11,7194
Argentina,Ciudad Autonoma de Buenos Aires,Comuna 11,207720,47,2025,11,9079
Argentina,Ciudad Autonoma de Buenos Aires,Comuna 11,207721,47,2025,6,9075
Argentina,Ciudad Autonoma de Buenos Aires,Comuna 11,207722,47,2025,4,8902
Argentina,Ciudad Autonoma de Buenos Aires,Comuna 12,208401,47,2025,26,9341
Argentina,Ciudad Autonoma de Buenos Aires,Comuna 12,208402,47,2025,37,8793
Argentina,Ciudad Autonoma de Buenos Aires,Comuna 12,208403,47,2025,37,9271
Argentina,Ciudad Autonoma de Buenos Aires,Comuna 12,208404,47,2025,22,8702
Argentina,Ciudad Autonoma de Buenos Aires,Comuna 12,208405,47,2025,31,8415
Argentina,Ciudad Autonoma de Buenos Aires,Comuna 12,208406,47,2025,29,9143
Argentina,Ciudad Autonoma de Buenos Aires,Comuna 12,208407,47,2025,42,10293
Argentina,Ciudad Autonoma de Buenos Aires,Comuna 12,208408,47,2025,26,10510
Argentina,Ciudad Autonoma de Buenos Aires,Comuna 12,208409,47,2025,26,8365
Argentina,Ciudad Autonoma de Buenos Aires,Comuna 12,208410,47,2025,30,11926
Argentina,Ciudad Autonoma de Buenos Aires,Comuna 12,208411,47,2025,27,10276
Argentina,Ciudad Autonoma de Buenos Aires,Comuna 12,208412,47,2025,24,8291
Argentina,Ciudad Autonoma de Buenos Aires,Comuna 12,208413,47,2025,25,9891
Argentina,Ciudad Autonoma de Buenos Aires,Comuna 12,208414,47,2025,34,12202
Argentina,Ciudad Autonoma de Buenos Aires,Comuna 12,208415,47,2025,36,13785
Argentina,Ciudad Autonoma de Buenos Aires,Comuna 12,208416,47,2025,44,16395
Argentina,Ciudad Autonoma de Buenos Aires,Comuna 12,208417,47,2025,40,9935
Argentina,Ciudad Autonoma de Buenos Aires,Comuna 12,208418,47,2025,44,13227
Argentina,Ciudad Autonoma de Buenos Aires,Comuna 12,208419,47,2025,40,12268
Argentina,Ciudad Autonoma de Buenos Aires,Comuna 12,208420,47,2025,28,9926
Argentina,Ciudad Autonoma de Buenos Aires,Comuna 12,208421,47,2025,46,11426
Argentina,Ciudad Autonoma de Buenos Aires,Comuna 12,208422,47,2025,47,12983
Argentina,Ciudad Autonoma de Buenos Aires,Comuna 13,209101,47,2025,25,11656
Argentina,Ciudad Autonoma de Buenos Aires,Comuna 13,209102,47,2025,20,10984
Argentina,Ciudad Autonoma de Buenos Aires,Comuna 13,209103,47,2025,16,10868
Argentina,Ciudad Autonoma de Buenos Aires,Comuna 13,209104,47,2025,18,13113
Argentina,Ciudad Autonoma de Buenos Aires,Comuna 13,209105,47,2025,25,10421
Argentina,Ciudad Autonoma de Buenos Aires,Comuna 13,209106,47,2025,14,7917
Argentina,Ciudad Autonoma de Buenos Aires,Comuna 13,209107,47,2025,9,8294
Argentina,Ciudad Autonoma de Buenos Aires,Comuna 13,209108,47,2025,16,9153
Argentina,Ciudad Autonoma de Buenos Aires,Comuna 13,209109,47,2025,19,8207
Argentina,Ciudad Autonoma de Buenos Aires,Comuna 13,209110,47,2025,24,10807
Argentina,Ciudad Autonoma de Buenos Aires,Comuna 13,209111,47,2025,11,4808
Argentina,Ciudad Autonoma de Buenos Aires,Comuna 13,209112,47,2025,17,8591
Argentina,Ciudad Autonoma de Buenos Aires,Comuna 13,209113,47,2025,23,10772
Argentina,Ciudad Autonoma de Buenos Aires,Comuna 13,209114,47,2025,13,7311
Argentina,Ciudad Autonoma de Buenos Aires,Comuna 13,209115,47,2025,15,9651
Argentina,Ciudad Autonoma de Buenos Aires,Comuna 13,209116,47,2025,25,10427
Argentina,Ciudad Autonoma de Buenos Aires,Comuna 13,209117,47,2025,24,11221
Argentina,Ciudad Autonoma de Buenos Aires,Comuna 13,209118,47,2025,13,8113
Argentina,Ciudad Autonoma de Buenos Aires,Comuna 13,209119,47,2025,20,8504
Argentina,Ciudad Autonoma de Buenos Aires,Comuna 13,209120,47,2025,16,9333
Argentina,Ciudad Autonoma de Buenos Aires,Comuna 13,209121,47,2025,16,8521
Argentina,Ciudad Autonoma de Buenos Aires,Comuna 13,209122,47,2025,21,8416
Argentina,Ciudad Autonoma de Buenos Aires,Comuna 13,209123,47,2025,14,9675
Argentina,Ciudad Autonoma de Buenos Aires,Comuna 13,209124,47,2025,15,7611
Argentina,Ciudad Autonoma de Buenos Aires,Comuna 13,209125,47,2025,10,6503
Argentina,Ciudad Autonoma de Buenos Aires,Comuna 13,209126,47,2025,9,8070
Argentina,Ciudad Autonoma de Buenos Aires,Comuna 13,209127,47,2025,14,7860
Argentina,Ciudad Autonoma de Buenos Aires,Comuna 13,209128,47,2025,18,7714
Argentina,Ciudad Autonoma de Buenos Aires,Comuna 13,209129,47,2025,14,7809
Argentina,Ciudad Autonoma de Buenos Aires,Comuna 14,209801,47,2025,22,8008
Argentina,Ciudad Autonoma de Buenos Aires,Comuna 14,209802,47,2025,15,8651
Argentina,Ciudad Autonoma de Buenos Aires,Comuna 14,209803,47,2025,10,9921
Argentina,Ciudad Autonoma de Buenos Aires,Comuna 14,209804,47,2025,14,9128
Argentina,Ciudad Autonoma de Buenos Aires,Comuna 14,209805,47,2025,12,7958
Argentina,Ciudad Autonoma de Buenos Aires,Comuna 14,209806,47,2025,18,9397
Argentina,Ciudad Autonoma de Buenos Aires,Comuna 14,209807,47,2025,9,9307
Argentina,Ciudad Autonoma de Buenos Aires,Comuna 14,209808,47,2025,11,8700
Argentina,Ciudad Autonoma de Buenos Aires,Comuna 14,209809,47,2025,13,12492
Argentina,Ciudad Autonoma de Buenos Aires,Comuna 14,209810,47,2025,0,190
Argentina,Ciudad Autonoma de Buenos Aires,Comuna 14,209811,47,2025,22,12051
Argentina,Ciudad Autonoma de Buenos Aires,Comuna 14,209812,47,2025,15,7962
Argentina,Ciudad Autonoma de Buenos Aires,Comuna 14,209813,47,2025,8,7376
Argentina,Ciudad Autonoma de Buenos Aires,Comuna 14,209814,47,2025,11,7484
Argentina,Ciudad Autonoma de Buenos Aires,Comuna 14,209815,47,2025,11,8094
Argentina,Ciudad Autonoma de Buenos Aires,Comuna 14,209816,47,2025,7,6773
Argentina,Ciudad Autonoma de Buenos Aires,Comuna 14,209817,47,2025,17,7231
Argentina,Ciudad Autonoma de Buenos Aires,Comuna 14,209818,47,2025,12,6981
Argentina,Ciudad Autonoma de Buenos Aires,Comuna 14,209819,47,2025,13,5589
Argentina,Ciudad Autonoma de Buenos Aires,Comuna 14,209820,47,2025,9,6758
Argentina,Ciudad Autonoma de Buenos Aires,Comuna 14,209821,47,2025,9,7312
Argentina,Ciudad Autonoma de Buenos Aires,Comuna 14,209822,47,2025,9,8363
Argentina,Ciudad Autonoma de Buenos Aires,Comuna 14,209823,47,2025,16,11012
Argentina,Ciudad Autonoma de Buenos Aires,Comuna 14,209824,47,2025,10,6199
Argentina,Ciudad Autonoma de Buenos Aires,Comuna 14,209825,47,2025,6,7637
Argentina,Ciudad Autonoma de Buenos Aires,Comuna 14,209826,47,2025,12,6558
Argentina,Ciudad Autonoma de Buenos Aires,Comuna 14,209827,47,2025,11,6199
Argentina,Ciudad Autonoma de Buenos Aires,Comuna 14,209828,47,2025,8,9243
Argentina,Ciudad Autonoma de Buenos Aires,Comuna 14,209829,47,2025,14,8453
Argentina,Ciudad Autonoma de Buenos Aires,Comuna 14,209830,47,2025,13,8109
Argentina,Ciudad Autonoma de Buenos Aires,Comuna 14,209831,47,2025,10,8116
Argentina,Ciudad Autonoma de Buenos Aires,Comuna 15,210501,47,2025,14,9594
Argentina,Ciudad Autonoma de Buenos Aires,Comuna 15,210502,47,2025,7,6548
Argentina,Ciudad Autonoma de Buenos Aires,Comuna 15,210503,47,2025,18,10235
Argentina,Ciudad Autonoma de Buenos Aires,Comuna 15,210504,47,2025,13,12235
Argentina,Ciudad Autonoma de Buenos Aires,Comuna 15,210505,47,2025,14,12207
Argentina,Ciudad Autonoma de Buenos Aires,Comuna 15,210506,47,2025,6,4156
Argentina,Ciudad Autonoma de Buenos Aires,Comuna 15,210507,47,2025,17,12285
Argentina,Ciudad Autonoma de Buenos Aires,Comuna 15,210508,47,2025,10,8807
Argentina,Ciudad Autonoma de Buenos Aires,Comuna 15,210509,47,2025,14,8645
Argentina,Ciudad Autonoma de Buenos Aires,Comuna 15,210510,47,2025,20,10813
Argentina,Ciudad Autonoma de Buenos Aires,Comuna 15,210511,47,2025,18,11863
Argentina,Ciudad Autonoma de Buenos Aires,Comuna 15,210512,47,2025,13,7208
Argentina,Ciudad Autonoma de Buenos Aires,Comuna 15,210513,47,2025,6,7242
Argentina,Ciudad Autonoma de Buenos Aires,Comuna 15,210514,47,2025,10,9564
Argentina,Ciudad Autonoma de Buenos Aires,Comuna 15,210515,47,2025,20,9091
Argentina,Ciudad Autonoma de Buenos Aires,Comuna 15,210516,47,2025,9,8911
Argentina,Ciudad Autonoma de Buenos Aires,Comuna 15,210517,47,2025,14,8753
Argentina,Ciudad Autonoma de Buenos Aires,Comuna 15,210518,47,2025,16,8161
Argentina,Ciudad Autonoma de Buenos Aires,Comuna 15,210519,47,2025,15,8739
Argentina,Ciudad Autonoma de Buenos Aires,Comuna 15,210520,47,2025,19,8787
Argentina,Ciudad Autonoma de Buenos Aires,Comuna 15,210521,47,2025,11,11421
Argentina,Ciudad Autonoma de Buenos Aires,Comuna 2,201401,47,2025,2,554
Argentina,Ciudad Autonoma de Buenos Aires,Comuna 2,201402,47,2025,3,5022
Argentina,Ciudad Autonoma de Buenos Aires,Comuna 2,201403,47,2025,7,5681
Argentina,Ciudad Autonoma de Buenos Aires,Comuna 2,201404,47,2025,4,6670
Argentina,Ciudad Autonoma de Buenos Aires,Comuna 2,201405,47,2025,7,6654
Argentina,Ciudad Autonoma de Buenos Aires,Comuna 2,201406,47,2025,5,6504
Argentina,Ciudad Autonoma de Buenos Aires,Comuna 2,201407,47,2025,8,7631
Argentina,Ciudad Autonoma de Buenos Aires,Comuna 2,201408,47,2025,6,9285
Argentina,Ciudad Autonoma de Buenos Aires,Comuna 2,201409,47,2025,13,8985
Argentina,Ciudad Autonoma de Buenos Aires,Comuna 2,201410,47,2025,10,7067
Argentina,Ciudad Autonoma de Buenos Aires,Comuna 2,201411,47,2025,7,5593
Argentina,Ciudad Autonoma de Buenos Aires,Comuna 2,201412,47,2025,7,5734
Argentina,Ciudad Autonoma de Buenos Aires,Comuna 2,201413,47,2025,8,7043
Argentina,Ciudad Autonoma de Buenos Aires,Comuna 2,201414,47,2025,6,8370
Argentina,Ciudad Autonoma de Buenos Aires,Comuna 2,201415,47,2025,8,6053
Argentina,Ciudad Autonoma de Buenos Aires,Comuna 2,201416,47,2025,3,5917
Argentina,Ciudad Autonoma de Buenos Aires,Comuna 2,201417,47,2025,6,7963
Argentina,Ciudad Autonoma de Buenos Aires,Comuna 2,201418,47,2025,6,6383
Argentina,Ciudad Autonoma de Buenos Aires,Comuna 2,201419,47,2025,7,6436
Argentina,Ciudad Autonoma de Buenos Aires,Comuna 2,201420,47,2025,8,7134
Argentina,Ciudad Autonoma de Buenos Aires,Comuna 2,201421,47,2025,3,5726
Argentina,Ciudad Autonoma de Buenos Aires,Comuna 2,201422,47,2025,3,5002
Argentina,Ciudad Autonoma de Buenos Aires,Comuna 2,201423,47,2025,6,5517
Argentina,Ciudad Autonoma de Buenos Aires,Comuna 2,201424,47,2025,4,5483
Argentina,Ciudad Autonoma de Buenos Aires,Comuna 2,201425,47,2025,10,8202
Argentina,Ciudad Autonoma de Buenos Aires,Comuna 5,203501,47,2025,7,9107
Argentina,Ciudad Autonoma de Buenos Aires,Comuna 5,203502,47,2025,5,8659
Argentina,Ciudad Autonoma de Buenos Aires,Comuna 5,203503,47,2025,6,9246
Argentina,Ciudad Autonoma de Buenos Aires,Comuna 5,203504,47,2025,14,8180
Argentina,Ciudad Autonoma de Buenos Aires,Comuna 5,203505,47,2025,3,6557
Argentina,Ciudad Autonoma de Buenos Aires,Comuna 5,203506,47,2025,8,7989
Argentina,Ciudad Autonoma de Buenos Aires,Comuna 5,203507,47,2025,9,7616
Argentina,Ciudad Autonoma de Buenos Aires,Comuna 5,203508,47,2025,11,8744
Argentina,Ciudad Autonoma de Buenos Aires,Comuna 5,203509,47,2025,12,7892
Argentina,Ciudad Autonoma de Buenos Aires,Comuna 5,203510,47,2025,6,8718
Argentina,Ciudad Autonoma de Buenos Aires,Comuna 5,203511,47,2025,16,9263
Argentina,Ciudad Autonoma de Buenos Aires,Comuna 5,203512,47,2025,1,7201
Argentina,Ciudad Autonoma de Buenos Aires,Comuna 5,203513,47,2025,4,7410
Argentina,Ciudad Autonoma de Buenos Aires,Comuna 5,203514,47,2025,13,8821
Argentina,Ciudad Autonoma de Buenos Aires,Comuna 5,203515,47,2025,12,7651
Argentina,Ciudad Autonoma de Buenos Aires,Comuna 5,203516,47,2025,15,10461
Argentina,Ciudad Autonoma de Buenos Aires,Comuna 5,203517,47,2025,8,9254
Argentina,Ciudad Autonoma de Buenos Aires,Comuna 5,203518,47,2025,12,9162
Argentina,Ciudad Autonoma de Buenos Aires,Comuna 5,203519,47,2025,8,9340
Argentina,Ciudad Autonoma de Buenos Aires,Comuna 5,203520,47,2025,19,11091
Argentina,Ciudad Autonoma de Buenos Aires,Comuna 5,203521,47,2025,7,8855
Argentina,Ciudad Autonoma de Buenos Aires,Comuna 5,203522,47,2025,14,11232
Argentina,Ciudad Autonoma de Buenos Aires,Comuna 6,204201,47,2025,16,9911
Argentina,Ciudad Autonoma de Buenos Aires,Comuna 6,204202,47,2025,19,10787
Argentina,Ciudad Autonoma de Buenos Aires,Comuna 6,204203,47,2025,8,8899
Argentina,Ciudad Autonoma de Buenos Aires,Comuna 6,204204,47,2025,8,11727
Argentina,Ciudad Autonoma de Buenos Aires,Comuna 6,204205,47,2025,11,10329
Argentina,Ciudad Autonoma de Buenos Aires,Comuna 6,204206,47,2025,7,10367
Argentina,Ciudad Autonoma de Buenos Aires,Comuna 6,204207,47,2025,4,12185
Argentina,Ciudad Autonoma de Buenos Aires,Comuna 6,204208,47,2025,13,9497
Argentina,Ciudad Autonoma de Buenos Aires,Comuna 6,204209,47,2025,10,7356
Argentina,Ciudad Autonoma de Buenos Aires,Comuna 6,204210,47,2025,9,8697
Argentina,Ciudad Autonoma de Buenos Aires,Comuna 6,204211,47,2025,9,9646
Argentina,Ciudad Autonoma de Buenos Aires,Comuna 6,204212,47,2025,8,7926
Argentina,Ciudad Autonoma de Buenos Aires,Comuna 6,204213,47,2025,7,10037
Argentina,Ciudad Autonoma de Buenos Aires,Comuna 6,204214,47,2025,8,9669
Argentina,Ciudad Autonoma de Buenos Aires,Comuna 6,204215,47,2025,10,9168
Argentina,Ciudad Autonoma de Buenos Aires,Comuna 6,204216,47,2025,19,12982
Argentina,Ciudad Autonoma de Buenos Aires,Comuna 6,204217,47,2025,7,7259
Argentina,Ciudad Autonoma de Buenos Aires,Comuna 6,204218,47,2025,8,8066
Argentina,Ciudad Autonoma de Buenos Aires,Comuna 6,204219,47,2025,8,7952
Argentina,Ciudad Autonoma de Buenos Aires,Comuna 6,204220,47,2025,12,8895
Argentina,Ciudad Autonoma de Buenos Aires,Comuna 6,204221,47,2025,15,10409
Argentina,Ciudad Autonoma de Buenos Aires,Comuna 7,204901,47,2025,3,6665
Argentina,Ciudad Autonoma de Buenos Aires,Comuna 7,204902,47,2025,6,8593
Argentina,Ciudad Autonoma de Buenos Aires,Comuna 7,204903,47,2025,12,10871
Argentina,Ciudad Autonoma de Buenos Aires,Comuna 7,204904,47,2025,10,9795
Argentina,Ciudad Autonoma de Buenos Aires,Comuna 7,204905,47,2025,12,8999
Argentina,Ciudad Autonoma de Buenos Aires,Comuna 7,204906,47,2025,7,7524
Argentina,Ciudad Autonoma de Buenos Aires,Comuna 7,204907,47,2025,9,9257
Argentina,Ciudad Autonoma de Buenos Aires,Comuna 7,204908,47,2025,8,7685
Argentina,Ciudad Autonoma de Buenos Aires,Comuna 7,204909,47,2025,11,9705
Argentina,Ciudad Autonoma de Buenos Aires,Comuna 7,204910,47,2025,7,8735
Argentina,Ciudad Autonoma de Buenos Aires,Comuna 7,204911,47,2025,12,10501
Argentina,Ciudad Autonoma de Buenos Aires,Comuna 7,204912,47,2025,4,7467
Argentina,Ciudad Autonoma de Buenos Aires,Comuna 7,204913,47,2025,13,11414
Argentina,Ciudad Autonoma de Buenos Aires,Comuna 7,204914,47,2025,14,11132
Argentina,Ciudad Autonoma de Buenos Aires,Comuna 7,204915,47,2025,12,9647
Argentina,Ciudad Autonoma de Buenos Aires,Comuna 7,204916,47,2025,11,8094
Argentina,Ciudad Autonoma de Buenos Aires,Comuna 7,204917,47,2025,2,2971
Argentina,Ciudad Autonoma de Buenos Aires,Comuna 7,204918,47,2025,1,3398
Argentina,Ciudad Autonoma de Buenos Aires,Comuna 7,204919,47,2025,7,6454
Argentina,Ciudad Autonoma de Buenos Aires,Comuna 7,204920,47,2025,14,12736
Argentina,Ciudad Autonoma de Buenos Aires,Comuna 7,204921,47,2025,9,11351
Argentina,Ciudad Autonoma de Buenos Aires,Comuna 7,204922,47,2025,9,11303
Argentina,Ciudad Autonoma de Buenos Aires,Comuna 7,204923,47,2025,5,7839
Argentina,Ciudad Autonoma de Buenos Aires,Comuna 7,204924,47,2025,16,11126
Argentina,Ciudad Autonoma de Buenos Aires,Comuna 10,207001,48,2025,5,6651
Argentina,Ciudad Autonoma de Buenos Aires,Comuna 10,207002,48,2025,4,7094
Argentina,Ciudad Autonoma de Buenos Aires,Comuna 10,207003,48,2025,5,6682
Argentina,Ciudad Autonoma de Buenos Aires,Comuna 10,207004,48,2025,9,9342
Argentina,Ciudad Autonoma de Buenos Aires,Comuna 10,207005,48,2025,4,11787
Argentina,Ciudad Autonoma de Buenos Aires,Comuna 10,207006,48,2025,12,12408
Argentina,Ciudad Autonoma de Buenos Aires,Comuna 10,207007,48,2025,11,11630
Argentina,Ciudad Autonoma de Buenos Aires,Comuna 10,207008,48,2025,9,9038
Argentina,Ciudad Autonoma de Buenos Aires,Comuna 10,207009,48,2025,5,8752
Argentina,Ciudad Autonoma de Buenos Aires,Comuna 10,207010,48,2025,11,10398
Argentina,Ciudad Autonoma de Buenos Aires,Comuna 10,207011,48,2025,4,8554
Argentina,Ciudad Autonoma de Buenos Aires,Comuna 10,207012,48,2025,2,6677
Argentina,Ciudad Autonoma de Buenos Aires,Comuna 10,207013,48,2025,9,8285
Argentina,Ciudad Autonoma de Buenos Aires,Comuna 10,207014,48,2025,11,9092
Argentina,Ciudad Autonoma de Buenos Aires,Comuna 10,207015,48,2025,3,7248
Argentina,Ciudad Autonoma de Buenos Aires,Comuna 10,207016,48,2025,14,8724
Argentina,Ciudad Autonoma de Buenos Aires,Comuna 10,207017,48,2025,7,9635
Argentina,Ciudad Autonoma de Buenos Aires,Comuna 10,207018,48,2025,9,8682
Argentina,Ciudad Autonoma de Buenos Aires,Comuna 10,207019,48,2025,6,11217
Argentina,Ciudad Autonoma de Buenos Aires,Comuna 11,207701,48,2025,8,11069
Argentina,Ciudad Autonoma de Buenos Aires,Comuna 11,207702,48,2025,9,10205
Argentina,Ciudad Autonoma de Buenos Aires,Comuna 11,207703,48,2025,12,9103
Argentina,Ciudad Autonoma de Buenos Aires,Comuna 11,207704,48,2025,7,10387
Argentina,Ciudad Autonoma de Buenos Aires,Comuna 11,207705,48,2025,9,7955
Argentina,Ciudad Autonoma de Buenos Aires,Comuna 11,207706,48,2025,12,11455
Argentina,Ciudad Autonoma de Buenos Aires,Comuna 11,207707,48,2025,13,11428
Argentina,Ciudad Autonoma de Buenos Aires,Comuna 11,207708,48,2025,11,8072
Argentina,Ciudad Autonoma de Buenos Aires,Comuna 11,207709,48,2025,11,9257
Argentina,Ciudad Autonoma de Buenos Aires,Comuna 11,207710,48,2025,12,11259
Argentina,Ciudad Autonoma de Buenos Aires,Comuna 11,207711,48,2025,12,8065
Argentina,Ciudad Autonoma de Buenos Aires,Comuna 11,207712,48,2025,8,8059
Argentina,Ciudad Autonoma de Buenos Aires,Comuna 11,207713,48,2025,8,9254
Argentina,Ciudad Autonoma de Buenos Aires,Comuna 11,207714,48,2025,11,7270
Argentina,Ciudad Autonoma de Buenos Aires,Comuna 11,207715,48,2025,13,10022
Argentina,Ciudad Autonoma de Buenos Aires,Comuna 11,207716,48,2025,14,9462
Argentina,Ciudad Autonoma de Buenos Aires,Comuna 11,207717,48,2025,4,6323
Argentina,Ciudad Autonoma de Buenos Aires,Comuna 11,207718,48,2025,12,9010
Argentina,Ciudad Autonoma de Buenos Aires,Comuna 11,207719,48,2025,6,7194
Argentina,Ciudad Autonoma de Buenos Aires,Comuna 11,207720,48,2025,8,9079
Argentina,Ciudad Autonoma de Buenos Aires,Comuna 11,207721,48,2025,8,9075
Argentina,Ciudad Autonoma de Buenos Aires,Comuna 11,207722,48,2025,9,8902
Argentina,Ciudad Autonoma de Buenos Aires,Comuna 12,208401,48,2025,36,9341
Argentina,Ciudad Autonoma de Buenos Aires,Comuna 12,208402,48,2025,26,8793
Argentina,Ciudad Autonoma de Buenos Aires,Comuna 12,208403,48,2025,19,9271
Argentina,Ciudad Autonoma de Buenos Aires,Comuna 12,208404,48,2025,25,8702
Argentina,Ciudad Autonoma de Buenos Aires,Comuna 12,208405,48,2025,29,8415
Argentina,Ciudad Autonoma de Buenos Aires,Comuna 12,208406,48,2025,27,9143
Argentina,Ciudad Autonoma de Buenos Aires,Comuna 12,208407,48,2025,30,10293
Argentina,Ciudad Autonoma de Buenos Aires,Comuna 12,208408,48,2025,26,10510
Argentina,Ciudad Autonoma de Buenos Aires,Comuna 12,208409,48,2025,18,8365
Argentina,Ciudad Autonoma de Buenos Aires,Comuna 12,208410,48,2025,36,11926
Argentina,Ciudad Autonoma de Buenos Aires,Comuna 12,208411,48,2025,28,10276
Argentina,Ciudad Autonoma de Buenos Aires,Comuna 12,208412,48,2025,28,8291
Argentina,Ciudad Autonoma de Buenos Aires,Comuna 12,208413,48,2025,25,9891
Argentina,Ciudad Autonoma de Buenos Aires,Comuna 12,208414,48,2025,29,12202
Argentina,Ciudad Autonoma de Buenos Aires,Comuna 12,208415,48,2025,44,13785
Argentina,Ciudad Autonoma de Buenos Aires,Comuna 12,208416,48,2025,55,16395
Argentina,Ciudad Autonoma de Buenos Aires,Comuna 12,208417,48,2025,23,9935
Argentina,Ciudad Autonoma de Buenos Aires,Comuna 12,208418,48,2025,34,13227
Argentina,Ciudad Autonoma de Buenos Aires,Comuna 12,208419,48,2025,38,12268
Argentina,Ciudad Autonoma de Buenos Aires,Comuna 12,208420,48,2025,34,9926
Argentina,Ciudad Autonoma de Buenos Aires,Comuna 12,208421,48,2025,27,11426
Argentina,Ciudad Autonoma de Buenos Aires,Comuna 12,208422,48,2025,36,12983
Argentina,Ciudad Autonoma de Buenos Aires,Comuna 13,209101,48,2025,29,11656
Argentina,Ciudad Autonoma de Buenos Aires,Comuna 13,209102,48,2025,20,10984
Argentina,Ciudad Autonoma de Buenos Aires,Comuna 13,209103,48,2025,18,10868
Argentina,Ciudad Autonoma de Buenos Aires,Comuna 13,209104,48,2025,25,13113
Argentina,Ciudad Autonoma de Buenos Aires,Comuna 13,209105,48,2025,14,10421
Argentina,Ciudad Autonoma de Buenos Aires,Comuna 13,209106,48,2025,16,7917
Argentina,Ciudad Autonoma de Buenos Aires,Comuna 13,209107,48,2025,10,8294
Argentina,Ciudad Autonoma de Buenos Aires,Comuna 13,209108,48,2025,16,9153
Argentina,Ciudad Autonoma de Buenos Aires,Comuna 13,209109,48,2025,15,8207
Argentina,Ciudad Autonoma de Buenos Aires,Comuna 13,209110,48,2025,17,10807
Argentina,Ciudad Autonoma de Buenos Aires,Comuna 13,209111,48,2025,10,4808
Argentina,Ciudad Autonoma de Buenos Aires,Comuna 13,209112,48,2025,13,8591
Argentina,Ciudad Autonoma de Buenos Aires,Comuna 13,209113,48,2025,24,10772
Argentina,Ciudad Autonoma de Buenos Aires,Comuna 13,209114,48,2025,15,7311
Argentina,Ciudad Autonoma de Buenos Aires,Comuna 13,209115,48,2025,20,9651
Argentina,Ciudad Autonoma de Buenos Aires,Comuna 13,209116,48,2025,25,10427
Argentina,Ciudad Autonoma de Buenos Aires,Comuna 13,209117,48,2025,28,11221
Argentina,Ciudad Autonoma de Buenos Aires,Comuna 13,209118,48,2025,13,8113
Argentina,Ciudad Autonoma de Buenos Aires,Comuna 13,209119,48,2025,19,8504
Argentina,Ciudad Autonoma de Buenos Aires,Comuna 13,209120,48,2025,18,9333
Argentina,Ciudad Autonoma de Buenos Aires,Comuna 13,209121,48,2025,23,8521
Argentina,Ciudad Autonoma de Buenos Aires,Comuna 13,209122,48,2025,14,8416
Argentina,Ciudad Autonoma de Buenos Aires,Comuna 13,209123,48,2025,11,9675
Argentina,Ciudad Autonoma de Buenos Aires,Comuna 13,209124,48,2025,12,7611
Argentina,Ciudad Autonoma de Buenos Aires,Comuna 13,209125,48,2025,19,6503
Argentina,Ciudad Autonoma de Buenos Aires,Comuna 13,209126,48,2025,13,8070
Argentina,Ciudad Autonoma de Buenos Aires,Comuna 13,209127,48,2025,14,7860
Argentina,Ciudad Autonoma de Buenos Aires,Comuna 13,209128,48,2025,12,7714
Argentina,Ciudad Autonoma de Buenos Aires,Comuna 13,209129,48,2025,20,7809
Argentina,Ciudad Autonoma de Buenos Aires,Comuna 14,209801,48,2025,16,8008
Argentina,Ciudad Autonoma de Buenos Aires,Comuna 14,209802,48,2025,15,8651
Argentina,Ciudad Autonoma de Buenos Aires,Comuna 14,209803,48,2025,15,9921
Argentina,Ciudad Autonoma de Buenos Aires,Comuna 14,209804,48,2025,10,9128
Argentina,Ciudad Autonoma de Buenos Aires,Comuna 14,209805,48,2025,11,7958
Argentina,Ciudad Autonoma de Buenos Aires,Comuna 14,209806,48,2025,10,9397
Argentina,Ciudad Autonoma de Buenos Aires,Comuna 14,209807,48,2025,21,9307
Argentina,Ciudad Autonoma de Buenos Aires,Comuna 14,209808,48,2025,7,8700
Argentina,Ciudad Autonoma de Buenos Aires,Comuna 14,209809,48,2025,12,12492
Argentina,Ciudad Autonoma de Buenos Aires,Comuna 14,209810,48,2025,0,190
Argentina,Ciudad Autonoma de Buenos Aires,Comuna 14,209811,48,2025,11,12051
Argentina,Ciudad Autonoma de Buenos Aires,Comuna 14,209812,48,2025,8,7962
Argentina,Ciudad Autonoma de Buenos Aires,Comuna 14,209813,48,2025,9,7376
Argentina,Ciudad Autonoma de Buenos Aires,Comuna 14,209814,48,2025,11,7484
Argentina,Ciudad Autonoma de Buenos Aires,Comuna 14,209815,48,2025,14,8094
Argentina,Ciudad Autonoma de Buenos Aires,Comuna 14,209816,48,2025,6,6773
Argentina,Ciudad Autonoma de Buenos Aires,Comuna 14,209817,48,2025,13,7231
Argentina,Ciudad Autonoma de Buenos Aires,Comuna 14,209818,48,2025,12,6981
Argentina,Ciudad Autonoma de Buenos Aires,Comuna 14,209819,48,2025,10,5589
Argentina,Ciudad Autonoma de Buenos Aires,Comuna 14,209820,48,2025,7,6758
Argentina,Ciudad Autonoma de Buenos Aires,Comuna 14,209821,48,2025,12,7312
Argentina,Ciudad Autonoma de Buenos Aires,Comuna 14,209822,48,2025,15,8363
Argentina,Ciudad Autonoma de Buenos Aires,Comuna 14,209823,48,2025,12,11012
Argentina,Ciudad Autonoma de Buenos Aires,Comuna 14,209824,48,2025,14,6199
Argentina,Ciudad Autonoma de Buenos Aires,Comuna 14,209825,48,2025,16,7637
Argentina,Ciudad Autonoma de Buenos Aires,Comuna 14,209826,48,2025,11,6558
Argentina,Ciudad Autonoma de Buenos Aires,Comuna 14,209827,48,2025,13,6199
Argentina,Ciudad Autonoma de Buenos Aires,Comuna 14,209828,48,2025,13,9243
Argentina,Ciudad Autonoma de Buenos Aires,Comuna 14,209829,48,2025,13,8453
Argentina,Ciudad Autonoma de Buenos Aires,Comuna 14,209830,48,2025,11,8109
Argentina,Ciudad Autonoma de Buenos Aires,Comuna 14,209831,48,2025,13,8116
Argentina,Ciudad Autonoma de Buenos Aires,Comuna 15,210501,48,2025,12,9594
Argentina,Ciudad Autonoma de Buenos Aires,Comuna 15,210502,48,2025,6,6548
Argentina,Ciudad Autonoma de Buenos Aires,Comuna 15,210503,48,2025,16,10235
Argentina,Ciudad Autonoma de Buenos Aires,Comuna 15,210504,48,2025,14,12235
Argentina,Ciudad Autonoma de Buenos Aires,Comuna 15,210505,48,2025,21,12207
Argentina,Ciudad Autonoma de Buenos Aires,Comuna 15,210506,48,2025,5,4156
Argentina,Ciudad Autonoma de Buenos Aires,Comuna 15,210507,48,2025,18,12285
Argentina,Ciudad Autonoma de Buenos Aires,Comuna 15,210508,48,2025,13,8807
Argentina,Ciudad Autonoma de Buenos Aires,Comuna 15,210509,48,2025,9,8645
Argentina,Ciudad Autonoma de Buenos Aires,Comuna 15,210510,48,2025,15,10813
Argentina,Ciudad Autonoma de Buenos Aires,Comuna 15,210511,48,2025,19,11863
Argentina,Ciudad Autonoma de Buenos Aires,Comuna 15,210512,48,2025,9,7208
Argentina,Ciudad Autonoma de Buenos Aires,Comuna 15,210513,48,2025,4,7242
Argentina,Ciudad Autonoma de Buenos Aires,Comuna 15,210514,48,2025,15,9564
Argentina,Ciudad Autonoma de Buenos Aires,Comuna 15,210515,48,2025,21,9091
Argentina,Ciudad Autonoma de Buenos Aires,Comuna 15,210516,48,2025,11,8911
Argentina,Ciudad Autonoma de Buenos Aires,Comuna 15,210517,48,2025,10,8753
Argentina,Ciudad Autonoma de Buenos Aires,Comuna 15,210518,48,2025,17,8161
Argentina,Ciudad Autonoma de Buenos Aires,Comuna 15,210519,48,2025,18,8739
Argentina,Ciudad Autonoma de Buenos Aires,Comuna 15,210520,48,2025,9,8787
Argentina,Ciudad Autonoma de Buenos Aires,Comuna 15,210521,48,2025,19,11421
Argentina,Ciudad Autonoma de Buenos Aires,Comuna 2,201401,48,2025,0,554
Argentina,Ciudad Autonoma de Buenos Aires,Comuna 2,201402,48,2025,4,5022
Argentina,Ciudad Autonoma de Buenos Aires,Comuna 2,201403,48,2025,5,5681
Argentina,Ciudad Autonoma de Buenos Aires,Comuna 2,201404,48,2025,5,6670
Argentina,Ciudad Autonoma de Buenos Aires,Comuna 2,201405,48,2025,6,6654
Argentina,Ciudad Autonoma de Buenos Aires,Comuna 2,201406,48,2025,11,6504
Argentina,Ciudad Autonoma de Buenos Aires,Comuna 2,201407,48,2025,4,7631
Argentina,Ciudad Autonoma de Buenos Aires,Comuna 2,201408,48,2025,7,9285
Argentina,Ciudad Autonoma de Buenos Aires,Comuna 2,201409,48,2025,12,8985
Argentina,Ciudad Autonoma de Buenos Aires,Comuna 2,201410,48,2025,7,7067
Argentina,Ciudad Autonoma de Buenos Aires,Comuna 2,201411,48,2025,5,5593
Argentina,Ciudad Autonoma de Buenos Aires,Comuna 2,201412,48,2025,7,5734
Argentina,Ciudad Autonoma de Buenos Aires,Comuna 2,201413,48,2025,8,7043
Argentina,Ciudad Autonoma de Buenos Aires,Comuna 2,201414,48,2025,8,8370
Argentina,Ciudad Autonoma de Buenos Aires,Comuna 2,201415,48,2025,3,6053
Argentina,Ciudad Autonoma de Buenos Aires,Comuna 2,201416,48,2025,7,5917
Argentina,Ciudad Autonoma de Buenos Aires,Comuna 2,201417,48,2025,7,7963
Argentina,Ciudad Autonoma de Buenos Aires,Comuna 2,201418,48,2025,6,6383
Argentina,Ciudad Autonoma de Buenos Aires,Comuna 2,201419,48,2025,6,6436
Argentina,Ciudad Autonoma de Buenos Aires,Comuna 2,201420,48,2025,0,7134
Argentina,Ciudad Autonoma de Buenos Aires,Comuna 2,201421,48,2025,8,5726
Argentina,Ciudad Autonoma de Buenos Aires,Comuna 2,201422,48,2025,6,5002
Argentina,Ciudad Autonoma de Buenos Aires,Comuna 2,201423,48,2025,4,5517
Argentina,Ciudad Autonoma de Buenos Aires,Comuna 2,201424,48,2025,2,5483
Argentina,Ciudad Autonoma de Buenos Aires,Comuna 2,201425,48,2025,7,8202
Argentina,Ciudad Autonoma de Buenos Aires,Comuna 5,203501,48,2025,9,9107
Argentina,Ciudad Autonoma de Buenos Aires,Comuna 5,203502,48,2025,9,8659
Argentina,Ciudad Autonoma de Buenos Aires,Comuna 5,203503,48,2025,9,9246
Argentina,Ciudad Autonoma de Buenos Aires,Comuna 5,203504,48,2025,5,8180
Argentina,Ciudad Autonoma de Buenos Aires,Comuna 5,203505,48,2025,4,6557
Argentina,Ciudad Autonoma de Buenos Aires,Comuna 5,203506,48,2025,9,7989
Argentina,Ciudad Autonoma de Buenos Aires,Comuna 5,203507,48,2025,9,7616
Argentina,Ciudad Autonoma de Buenos Aires,Comuna 5,203508,48,2025,8,8744
Argentina,Ciudad Autonoma de Buenos Aires,Comuna 5,203509,48,2025,5,7892
Argentina,Ciudad Autonoma de Buenos Aires,Comuna 5,203510,48,2025,6,8718
Argentina,Ciudad Autonoma de Buenos Aires,Comuna 5,203511,48,2025,7,9263
Argentina,Ciudad Autonoma de Buenos Aires,Comuna 5,203512,48,2025,13,7201
Argentina,Ciudad Autonoma de Buenos Aires,Comuna 5,203513,48,2025,6,7410
Argentina,Ciudad Autonoma de Buenos Aires,Comuna 5,203514,48,2025,12,8821
Argentina,Ciudad Autonoma de Buenos Aires,Comuna 5,203515,48,2025,6,7651
Argentina,Ciudad Autonoma de Buenos Aires,Comuna 5,203516,48,2025,12,10461
Argentina,Ciudad Autonoma de Buenos Aires,Comuna 5,203517,48,2025,13,9254
Argentina,Ciudad Autonoma de Buenos Aires,Comuna 5,203518,48,2025,9,9162
Argentina,Ciudad Autonoma de Buenos Aires,Comuna 5,203519,48,2025,9,9340
Argentina,Ciudad Autonoma de Buenos Aires,Comuna 5,203520,48,2025,6,11091
Argentina,Ciudad Autonoma de Buenos Aires,Comuna 5,203521,48,2025,10,8855
Argentina,Ciudad Autonoma de Buenos Aires,Comuna 5,203522,48,2025,7,11232
Argentina,Ciudad Autonoma de Buenos Aires,Comuna 6,204201,48,2025,12,9911
Argentina,Ciudad Autonoma de Buenos Aires,Comuna 6,204202,48,2025,13,10787
Argentina,Ciudad Autonoma de Buenos Aires,Comuna 6,204203,48,2025,7,8899
Argentina,Ciudad Autonoma de Buenos Aires,Comuna 6,204204,48,2025,16,11727
Argentina,Ciudad Autonoma de Buenos Aires,Comuna 6,204205,48,2025,15,10329
Argentina,Ciudad Autonoma de Buenos Aires,Comuna 6,204206,48,2025,13,10367
Argentina,Ciudad Autonoma de Buenos Aires,Comuna 6,204207,48,2025,9,12185
Argentina,Ciudad Autonoma de Buenos Aires,Comuna 6,204208,48,2025,8,9497
Argentina,Ciudad Autonoma de Buenos Aires,Comuna 6,204209,48,2025,6,7356
Argentina,Ciudad Autonoma de Buenos Aires,Comuna 6,204210,48,2025,9,8697
Argentina,Ciudad Autonoma de Buenos Aires,Comuna 6,204211,48,2025,12,9646
Argentina,Ciudad Autonoma de Buenos Aires,Comuna 6,204212,48,2025,9,7926
Argentina,Ciudad Autonoma de Buenos Aires,Comuna 6,204213,48,2025,7,10037
Argentina,Ciudad Autonoma de Buenos Aires,Comuna 6,204214,48,2025,10,9669
Argentina,Ciudad Autonoma de Buenos Aires,Comuna 6,204215,48,2025,6,9168
Argentina,Ciudad Autonoma de Buenos Aires,Comuna 6,204216,48,2025,21,12982
Argentina,Ciudad Autonoma de Buenos Aires,Comuna 6,204217,48,2025,8,7259
Argentina,Ciudad Autonoma de Buenos Aires,Comuna 6,204218,48,2025,12,8066
Argentina,Ciudad Autonoma de Buenos Aires,Comuna 6,204219,48,2025,10,7952
Argentina,Ciudad Autonoma de Buenos Aires,Comuna 6,204220,48,2025,7,8895
Argentina,Ciudad Autonoma de Buenos Aires,Comuna 6,204221,48,2025,16,10409
Argentina,Ciudad Autonoma de Buenos Aires,Comuna 7,204901,48,2025,8,6665
Argentina,Ciudad Autonoma de Buenos Aires,Comuna 7,204902,48,2025,9,8593
Argentina,Ciudad Autonoma de Buenos Aires,Comuna 7,204903,48,2025,9,10871
Argentina,Ciudad Autonoma de Buenos Aires,Comuna 7,204904,48,2025,8,9795
Argentina,Ciudad Autonoma de Buenos Aires,Comuna 7,204905,48,2025,5,8999
Argentina,Ciudad Autonoma de Buenos Aires,Comuna 7,204906,48,2025,9,7524
Argentina,Ciudad Autonoma de Buenos Aires,Comuna 7,204907,48,2025,6,9257
Argentina,Ciudad Autonoma de Buenos Aires,Comuna 7,204908,48,2025,9,7685
Argentina,Ciudad Autonoma de Buenos Aires,Comuna 7,204909,48,2025,12,9705
Argentina,Ciudad Autonoma de Buenos Aires,Comuna 7,204910,48,2025,8,8735
Argentina,Ciudad Autonoma de Buenos Aires,Comuna 7,204911,48,2025,14,10501
Argentina,Ciudad Autonoma de Buenos Aires,Comuna 7,204912,48,2025,7,7467
Argentina,Ciudad Autonoma de Buenos Aires,Comuna 7,204913,48,2025,14,11414
Argentina,Ciudad Autonoma de Buenos Aires,Comuna 7,204914,48,2025,15,11132
Argentina,Ciudad Autonoma de Buenos Aires,Comuna 7,204915,48,2025,8,9647
Argentina,Ciudad Autonoma de Buenos Aires,Comuna 7,204916,48,2025,7,8094
Argentina,Ciudad Autonoma de Buenos Aires,Comuna 7,204917,48,2025,0,2971
Argentina,Ciudad Autonoma de Buenos Aires,Comuna 7,204918,48,2025,1,3398
Argentina,Ciudad Autonoma de Buenos Aires,Comuna 7,204919,48,2025,5,6454
Argentina,Ciudad Autonoma de Buenos Aires,Comuna 7,204920,48,2025,11,12736
Argentina,Ciudad Autonoma de Buenos Aires,Comuna 7,204921,48,2025,10,11351
Argentina,Ciudad Autonoma de Buenos Aires,Comuna 7,204922,48,2025,6,11303
Argentina,Ciudad Autonoma de Buenos Aires,Comuna 7,204923,48,2025,10,7839
Argentina,Ciudad Autonoma de Buenos Aires,Comuna 7,204924,48,2025,5,11126
Argentina,Ciudad Autonoma de Buenos Aires,Comuna 10,207001,49,2025,3,6651
Argentina,Ciudad Autonoma de Buenos Aires,Comuna 10,207002,49,2025,13,7094
Argentina,Ciudad Autonoma de Buenos Aires,Comuna 10,207003,49,2025,6,6682
Argentina,Ciudad Autonoma de Buenos Aires,Comuna 10,207004,49,2025,11,9342
Argentina,Ciudad Autonoma de Buenos Aires,Comuna 10,207005,49,2025,8,11787
Argentina,Ciudad Autonoma de Buenos Aires,Comuna 10,207006,49,2025,17,12408
Argentina,Ciudad Autonoma de Buenos Aires,Comuna 10,207007,49,2025,15,11630
Argentina,Ciudad Autonoma de Buenos Aires,Comuna 10,207008,49,2025,6,9038
Argentina,Ciudad Autonoma de Buenos Aires,Comuna 10,207009,49,2025,9,8752
Argentina,Ciudad Autonoma de Buenos Aires,Comuna 10,207010,49,2025,8,10398
Argentina,Ciudad Autonoma de Buenos Aires,Comuna 10,207011,49,2025,12,8554
Argentina,Ciudad Autonoma de Buenos Aires,Comuna 10,207012,49,2025,5,6677
Argentina,Ciudad Autonoma de Buenos Aires,Comuna 10,207013,49,2025,6,8285
Argentina,Ciudad Autonoma de Buenos Aires,Comuna 10,207014,49,2025,18,9092
Argentina,Ciudad Autonoma de Buenos Aires,Comuna 10,207015,49,2025,8,7248
Argentina,Ciudad Autonoma de Buenos Aires,Comuna 10,207016,49,2025,10,8724
Argentina,Ciudad Autonoma de Buenos Aires,Comuna 10,207017,49,2025,8,9635
Argentina,Ciudad Autonoma de Buenos Aires,Comuna 10,207018,49,2025,6,8682
Argentina,Ciudad Autonoma de Buenos Aires,Comuna 10,207019,49,2025,12,11217
Argentina,Ciudad Autonoma de Buenos Aires,Comuna 11,207701,49,2025,10,11069
Argentina,Ciudad Autonoma de Buenos Aires,Comuna 11,207702,49,2025,10,10205
Argentina,Ciudad Autonoma de Buenos Aires,Comuna 11,207703,49,2025,10,9103
Argentina,Ciudad Autonoma de Buenos Aires,Comuna 11,207704,49,2025,6,10387
Argentina,Ciudad Autonoma de Buenos Aires,Comuna 11,207705,49,2025,6,7955
Argentina,Ciudad Autonoma de Buenos Aires,Comuna 11,207706,49,2025,16,11455
Argentina,Ciudad Autonoma de Buenos Aires,Comuna 11,207707,49,2025,15,11428
Argentina,Ciudad Autonoma de Buenos Aires,Comuna 11,207708,49,2025,5,8072
Argentina,Ciudad Autonoma de Buenos Aires,Comuna 11,207709,49,2025,8,9257
Argentina,Ciudad Autonoma de Buenos Aires,Comuna 11,207710,49,2025,11,11259
Argentina,Ciudad Autonoma de Buenos Aires,Comuna 11,207711,49,2025,5,8065
Argentina,Ciudad Autonoma de Buenos Aires,Comuna 11,207712,49,2025,8,8059
Argentina,Ciudad Autonoma de Buenos Aires,Comuna 11,207713,49,2025,12,9254
Argentina,Ciudad Autonoma de Buenos Aires,Comuna 11,207714,49,2025,7,7270
Argentina,Ciudad Autonoma de Buenos Aires,Comuna 11,207715,49,2025,11,10022
Argentina,Ciudad Autonoma de Buenos Aires,Comuna 11,207716,49,2025,6,9462
Argentina,Ciudad Autonoma de Buenos Aires,Comuna 11,207717,49,2025,7,6323
Argentina,Ciudad Autonoma de Buenos Aires,Comuna 11,207718,49,2025,11,9010
Argentina,Ciudad Autonoma de Buenos Aires,Comuna 11,207719,49,2025,6,7194
Argentina,Ciudad Autonoma de Buenos Aires,Comuna 11,207720,49,2025,12,9079
Argentina,Ciudad Autonoma de Buenos Aires,Comuna 11,207721,49,2025,10,9075
Argentina,Ciudad Autonoma de Buenos Aires,Comuna 11,207722,49,2025,10,8902
Argentina,Ciudad Autonoma de Buenos Aires,Comuna 12,208401,49,2025,24,9341
Argentina,Ciudad Autonoma de Buenos Aires,Comuna 12,208402,49,2025,16,8793
Argentina,Ciudad Autonoma de Buenos Aires,Comuna 12,208403,49,2025,26,9271
Argentina,Ciudad Autonoma de Buenos Aires,Comuna 12,208404,49,2025,26,8702
Argentina,Ciudad Autonoma de Buenos Aires,Comuna 12,208405,49,2025,21,8415
Argentina,Ciudad Autonoma de Buenos Aires,Comuna 12,208406,49,2025,28,9143
Argentina,Ciudad Autonoma de Buenos Aires,Comuna 12,208407,49,2025,31,10293
Argentina,Ciudad Autonoma de Buenos Aires,Comuna 12,208408,49,2025,42,10510
Argentina,Ciudad Autonoma de Buenos Aires,Comuna 12,208409,49,2025,19,8365
Argentina,Ciudad Autonoma de Buenos Aires,Comuna 12,208410,49,2025,29,11926
Argentina,Ciudad Autonoma de Buenos Aires,Comuna 12,208411,49,2025,30,10276
Argentina,Ciudad Autonoma de Buenos Aires,Comuna 12,208412,49,2025,21,8291
Argentina,Ciudad Autonoma de Buenos Aires,Comuna 12,208413,49,2025,24,9891
Argentina,Ciudad Autonoma de Buenos Aires,Comuna 12,208414,49,2025,34,12202
Argentina,Ciudad Autonoma de Buenos Aires,Comuna 12,208415,49,2025,30,13785
Argentina,Ciudad Autonoma de Buenos Aires,Comuna 12,208416,49,2025,54,16395
Argentina,Ciudad Autonoma de Buenos Aires,Comuna 12,208417,49,2025,31,9935
Argentina,Ciudad Autonoma de Buenos Aires,Comuna 12,208418,49,2025,38,13227
Argentina,Ciudad Autonoma de Buenos Aires,Comuna 12,208419,49,2025,45,12268
Argentina,Ciudad Autonoma de Buenos Aires,Comuna 12,208420,49,2025,22,9926
Argentina,Ciudad Autonoma de Buenos Aires,Comuna 12,208421,49,2025,32,11426
Argentina,Ciudad Autonoma de Buenos Aires,Comuna 12,208422,49,2025,46,12983
Argentina,Ciudad Autonoma de Buenos Aires,Comuna 13,209101,49,2025,18,11656
Argentina,Ciudad Autonoma de Buenos Aires,Comuna 13,209102,49,2025,25,10984
Argentina,Ciudad Autonoma de Buenos Aires,Comuna 13,209103,49,2025,22,10868
Argentina,Ciudad Autonoma de Buenos Aires,Comuna 13,209104,49,2025,21,13113
Argentina,Ciudad Autonoma de Buenos Aires,Comuna 13,209105,49,2025,14,10421
Argentina,Ciudad Autonoma de Buenos Aires,Comuna 13,209106,49,2025,21,7917
Argentina,Ciudad Autonoma de Buenos Aires,Comuna 13,209107,49,2025,12,8294
Argentina,Ciudad Autonoma de Buenos Aires,Comuna 13,209108,49,2025,23,9153
Argentina,Ciudad Autonoma de Buenos Aires,Comuna 13,209109,49,2025,22,8207
Argentina,Ciudad Autonoma de Buenos Aires,Comuna 13,209110,49,2025,18,10807
Argentina,Ciudad Autonoma de Buenos Aires,Comuna 13,209111,49,2025,6,4808
Argentina,Ciudad Autonoma de Buenos Aires,Comuna 13,209112,49,2025,18,8591
Argentina,Ciudad Autonoma de Buenos Aires,Comuna 13,209113,49,2025,27,10772
Argentina,Ciudad Autonoma de Buenos Aires,Comuna 13,209114,49,2025,18,7311
Argentina,Ciudad Autonoma de Buenos Aires,Comuna 13,209115,49,2025,19,9651
Argentina,Ciudad Autonoma de Buenos Aires,Comuna 13,209116,49,2025,23,10427
Argentina,Ciudad Autonoma de Buenos Aires,Comuna 13,209117,49,2025,31,11221
Argentina,Ciudad Autonoma de Buenos Aires,Comuna 13,209118,49,2025,13,8113
Argentina,Ciudad Autonoma de Buenos Aires,Comuna 13,209119,49,2025,17,8504
Argentina,Ciudad Autonoma de Buenos Aires,Comuna 13,209120,49,2025,10,9333
Argentina,Ciudad Autonoma de Buenos Aires,Comuna 13,209121,49,2025,13,8521
Argentina,Ciudad Autonoma de Buenos Aires,Comuna 13,209122,49,2025,17,8416
Argentina,Ciudad Autonoma de Buenos Aires,Comuna 13,209123,49,2025,21,9675
Argentina,Ciudad Autonoma de Buenos Aires,Comuna 13,209124,49,2025,11,7611
Argentina,Ciudad Autonoma de Buenos Aires,Comuna 13,209125,49,2025,12,6503
Argentina,Ciudad Autonoma de Buenos Aires,Comuna 13,209126,49,2025,10,8070
Argentina,Ciudad Autonoma de Buenos Aires,Comuna 13,209127,49,2025,23,7860
Argentina,Ciudad Autonoma de Buenos Aires,Comuna 13,209128,49,2025,11,7714
Argentina,Ciudad Autonoma de Buenos Aires,Comuna 13,209129,49,2025,19,7809
Argentina,Ciudad Autonoma de Buenos Aires,Comuna 14,209801,49,2025,19,8008
Argentina,Ciudad Autonoma de Buenos Aires,Comuna 14,209802,49,2025,18,8651
Argentina,Ciudad Autonoma de Buenos Aires,Comuna 14,209803,49,2025,18,9921
Argentina,Ciudad Autonoma de Buenos Aires,Comuna 14,209804,49,2025,19,9128
Argentina,Ciudad Autonoma de Buenos Aires,Comuna 14,209805,49,2025,17,7958
Argentina,Ciudad Autonoma de Buenos Aires,Comuna 14,209806,49,2025,18,9397
Argentina,Ciudad Autonoma de Buenos Aires,Comuna 14,209807,49,2025,8,9307
Argentina,Ciudad Autonoma de Buenos Aires,Comuna 14,209808,49,2025,11,8700
Argentina,Ciudad Autonoma de Buenos Aires,Comuna 14,209809,49,2025,13,12492
Argentina,Ciudad Autonoma de Buenos Aires,Comuna 14,209810,49,2025,0,190
Argentina,Ciudad Autonoma de Buenos Aires,Comuna 14,209811,49,2025,19,12051
Argentina,Ciudad Autonoma de Buenos Aires,Comuna 14,209812,49,2025,11,7962
Argentina,Ciudad Autonoma de Buenos Aires,Comuna 14,209813,49,2025,8,7376
Argentina,Ciudad Autonoma de Buenos Aires,Comuna 14,209814,49,2025,13,7484
Argentina,Ciudad Autonoma de Buenos Aires,Comuna 14,209815,49,2025,11,8094
Argentina,Ciudad Autonoma de Buenos Aires,Comuna 14,209816,49,2025,13,6773
Argentina,Ciudad Autonoma de Buenos Aires,Comuna 14,209817,49,2025,10,7231
Argentina,Ciudad Autonoma de Buenos Aires,Comuna 14,209818,49,2025,10,6981
Argentina,Ciudad Autonoma de Buenos Aires,Comuna 14,209819,49,2025,4,5589
Argentina,Ciudad Autonoma de Buenos Aires,Comuna 14,209820,49,2025,17,6758
Argentina,Ciudad Autonoma de Buenos Aires,Comuna 14,209821,49,2025,9,7312
Argentina,Ciudad Autonoma de Buenos Aires,Comuna 14,209822,49,2025,14,8363
Argentina,Ciudad Autonoma de Buenos Aires,Comuna 14,209823,49,2025,19,11012
Argentina,Ciudad Autonoma de Buenos Aires,Comuna 14,209824,49,2025,8,6199
Argentina,Ciudad Autonoma de Buenos Aires,Comuna 14,209825,49,2025,11,7637
Argentina,Ciudad Autonoma de Buenos Aires,Comuna 14,209826,49,2025,13,6558
Argentina,Ciudad Autonoma de Buenos Aires,Comuna 14,209827,49,2025,8,6199
Argentina,Ciudad Autonoma de Buenos Aires,Comuna 14,209828,49,2025,10,9243
Argentina,Ciudad Autonoma de Buenos Aires,Comuna 14,209829,49,2025,11,8453
Argentina,Ciudad Autonoma de Buenos Aires,Comuna 14,209830,49,2025,17,8109
Argentina,Ciudad Autonoma de Buenos Aires,Comuna 14,209831,49,2025,13,8116
Argentina,Ciudad Autonoma de Buenos Aires,Comuna 15,210501,49,2025,22,9594
Argentina,Ciudad Autonoma de Buenos Aires,Comuna 15,210502,49,2025,7,6548
Argentina,Ciudad Autonoma de Buenos Aires,Comuna 15,210503,49,2025,15,10235
Argentina,Ciudad Autonoma de Buenos Aires,Comuna 15,210504,49,2025,17,12235
Argentina,Ciudad Autonoma de Buenos Aires,Comuna 15,210505,49,2025,18,12207
Argentina,Ciudad Autonoma de Buenos Aires,Comuna 15,210506,49,2025,7,4156
Argentina,Ciudad Autonoma de Buenos Aires,Comuna 15,210507,49,2025,18,12285
Argentina,Ciudad Autonoma de Buenos Aires,Comuna 15,210508,49,2025,17,8807
Argentina,Ciudad Autonoma de Buenos Aires,Comuna 15,210509,49,2025,13,8645
Argentina,Ciudad Autonoma de Buenos Aires,Comuna 15,210510,49,2025,9,10813
Argentina,Ciudad Autonoma de Buenos Aires,Comuna 15,210511,49,2025,20,11863
Argentina,Ciudad Autonoma de Buenos Aires,Comuna 15,210512,49,2025,12,7208
Argentina,Ciudad Autonoma de Buenos Aires,Comuna 15,210513,49,2025,12,7242
Argentina,Ciudad Autonoma de Buenos Aires,Comuna 15,210514,49,2025,18,9564
Argentina,Ciudad Autonoma de Buenos Aires,Comuna 15,210515,49,2025,19,9091
Argentina,Ciudad Autonoma de Buenos Aires,Comuna 15,210516,49,2025,17,8911
Argentina,Ciudad Autonoma de Buenos Aires,Comuna 15,210517,49,2025,13,8753
Argentina,Ciudad Autonoma de Buenos Aires,Comuna 15,210518,49,2025,15,8161
Argentina,Ciudad Autonoma de Buenos Aires,Comuna 15,210519,49,2025,11,8739
Argentina,Ciudad Autonoma de Buenos Aires,Comuna 15,210520,49,2025,12,8787
Argentina,Ciudad Autonoma de Buenos Aires,Comuna 15,210521,49,2025,20,11421
Argentina,Ciudad Autonoma de Buenos Aires,Comuna 2,201401,49,2025,2,554
Argentina,Ciudad Autonoma de Buenos Aires,Comuna 2,201402,49,2025,8,5022
Argentina,Ciudad Autonoma de Buenos Aires,Comuna 2,201403,49,2025,4,5681
Argentina,Ciudad Autonoma de Buenos Aires,Comuna 2,201404,49,2025,8,6670
Argentina,Ciudad Autonoma de Buenos Aires,Comuna 2,201405,49,2025,5,6654
Argentina,Ciudad Autonoma de Buenos Aires,Comuna 2,201406,49,2025,2,6504
Argentina,Ciudad Autonoma de Buenos Aires,Comuna 2,201407,49,2025,6,7631
Argentina,Ciudad Autonoma de Buenos Aires,Comuna 2,201408,49,2025,12,9285
Argentina,Ciudad Autonoma de Buenos Aires,Comuna 2,201409,49,2025,7,8985
Argentina,Ciudad Autonoma de Buenos Aires,Comuna 2,201410,49,2025,5,7067
Argentina,Ciudad Autonoma de Buenos Aires,Comuna 2,201411,49,2025,6,5593
Argentina,Ciudad Autonoma de Buenos Aires,Comuna 2,201412,49,2025,6,5734
Argentina,Ciudad Autonoma de Buenos Aires,Comuna 2,201413,49,2025,7,7043
Argentina,Ciudad Autonoma de Buenos Aires,Comuna 2,201414,49,2025,5,8370
Argentina,Ciudad Autonoma de Buenos Aires,Comuna 2,201415,49,2025,5,6053
Argentina,Ciudad Autonoma de Buenos Aires,Comuna 2,201416,49,2025,5,5917
Argentina,Ciudad Autonoma de Buenos Aires,Comuna 2,201417,49,2025,10,7963
Argentina,Ciudad Autonoma de Buenos Aires,Comuna 2,201418,49,2025,3,6383
Argentina,Ciudad Autonoma de Buenos Aires,Comuna 2,201419,49,2025,7,6436
Argentina,Ciudad Autonoma de Buenos Aires,Comuna 2,201420,49,2025,6,7134
Argentina,Ciudad Autonoma de Buenos Aires,Comuna 2,201421,49,2025,4,5726
Argentina,Ciudad Autonoma de Buenos Aires,Comuna 2,201422,49,2025,5,5002
Argentina,Ciudad Autonoma de Buenos Aires,Comuna 2,201423,49,2025,2,5517
Argentina,Ciudad Autonoma de Buenos Aires,Comuna 2,201424,49,2025,5,5483
Argentina,Ciudad Autonoma de Buenos Aires,Comuna 2,201425,49,2025,8,8202
Argentina,Ciudad Autonoma de Buenos Aires,Comuna 5,203501,49,2025,4,9107
Argentina,Ciudad Autonoma de Buenos Aires,Comuna 5,203502,49,2025,13,8659
Argentina,Ciudad Autonoma de Buenos Aires,Comuna 5,203503,49,2025,7,9246
Argentina,Ciudad Autonoma de Buenos Aires,Comuna 5,203504,49,2025,5,8180
Argentina,Ciudad Autonoma de Buenos Aires,Comuna 5,203505,49,2025,7,6557
Argentina,Ciudad Autonoma de Buenos Aires,Comuna 5,203506,49,2025,11,7989
Argentina,Ciudad Autonoma de Buenos Aires,Comuna 5,203507,49,2025,8,7616
Argentina,Ciudad Autonoma de Buenos Aires,Comuna 5,203508,49,2025,7,8744
Argentina,Ciudad Autonoma de Buenos Aires,Comuna 5,203509,49,2025,7,7892
Argentina,Ciudad Autonoma de Buenos Aires,Comuna 5,203510,49,2025,8,8718
Argentina,Ciudad Autonoma de Buenos Aires,Comuna 5,203511,49,2025,9,9263
Argentina,Ciudad Autonoma de Buenos Aires,Comuna 5,203512,49,2025,14,7201
Argentina,Ciudad Autonoma de Buenos Aires,Comuna 5,203513,49,2025,6,7410
Argentina,Ciudad Autonoma de Buenos Aires,Comuna 5,203514,49,2025,6,8821
Argentina,Ciudad Autonoma de Buenos Aires,Comuna 5,203515,49,2025,8,7651
Argentina,Ciudad Autonoma de Buenos Aires,Comuna 5,203516,49,2025,14,10461
Argentina,Ciudad Autonoma de Buenos Aires,Comuna 5,203517,49,2025,7,9254
Argentina,Ciudad Autonoma de Buenos Aires,Comuna 5,203518,49,2025,9,9162
Argentina,Ciudad Autonoma de Buenos Aires,Comuna 5,203519,49,2025,9,9340
Argentina,Ciudad Autonoma de Buenos Aires,Comuna 5,203520,49,2025,17,11091
Argentina,Ciudad Autonoma de Buenos Aires,Comuna 5,203521,49,2025,10,8855
Argentina,Ciudad Autonoma de Buenos Aires,Comuna 5,203522,49,2025,12,11232
Argentina,Ciudad Autonoma de Buenos Aires,Comuna 6,204201,49,2025,9,9911
Argentina,Ciudad Autonoma de Buenos Aires,Comuna 6,204202,49,2025,10,10787
Argentina,Ciudad Autonoma de Buenos Aires,Comuna 6,204203,49,2025,8,8899
Argentina,Ciudad Autonoma de Buenos Aires,Comuna 6,204204,49,2025,13,11727
Argentina,Ciudad Autonoma de Buenos Aires,Comuna 6,204205,49,2025,10,10329
Argentina,Ciudad Autonoma de Buenos Aires,Comuna 6,204206,49,2025,8,10367
Argentina,Ciudad Autonoma de Buenos Aires,Comuna 6,204207,49,2025,9,12185
Argentina,Ciudad Autonoma de Buenos Aires,Comuna 6,204208,49,2025,7,9497
Argentina,Ciudad Autonoma de Buenos Aires,Comuna 6,204209,49,2025,11,7356
Argentina,Ciudad Autonoma de Buenos Aires,Comuna 6,204210,49,2025,14,8697
Argentina,Ciudad Autonoma de Buenos Aires,Comuna 6,204211,49,2025,8,9646
Argentina,Ciudad Autonoma de Buenos Aires,Comuna 6,204212,49,2025,5,7926
Argentina,Ciudad Autonoma de Buenos Aires,Comuna 6,204213,49,2025,14,10037
Argentina,Ciudad Autonoma de Buenos Aires,Comuna 6,204214,49,2025,11,9669
Argentina,Ciudad Autonoma de Buenos Aires,Comuna 6,204215,49,2025,13,9168
Argentina,Ciudad Autonoma de Buenos Aires,Comuna 6,204216,49,2025,6,12982
Argentina,Ciudad Autonoma de Buenos Aires,Comuna 6,204217,49,2025,3,7259
Argentina,Ciudad Autonoma de Buenos Aires,Comuna 6,204218,49,2025,8,8066
Argentina,Ciudad Autonoma de Buenos Aires,Comuna 6,204219,49,2025,6,7952
Argentina,Ciudad Autonoma de Buenos Aires,Comuna 6,204220,49,2025,8,8895
Argentina,Ciudad Autonoma de Buenos Aires,Comuna 6,204221,49,2025,10,10409
Argentina,Ciudad Autonoma de Buenos Aires,Comuna 7,204901,49,2025,10,6665
Argentina,Ciudad Autonoma de Buenos Aires,Comuna 7,204902,49,2025,13,8593
Argentina,Ciudad Autonoma de Buenos Aires,Comuna 7,204903,49,2025,9,10871
Argentina,Ciudad Autonoma de Buenos Aires,Comuna 7,204904,49,2025,8,9795
Argentina,Ciudad Autonoma de Buenos Aires,Comuna 7,204905,49,2025,8,8999
Argentina,Ciudad Autonoma de Buenos Aires,Comuna 7,204906,49,2025,4,7524
Argentina,Ciudad Autonoma de Buenos Aires,Comuna 7,204907,49,2025,12,9257
Argentina,Ciudad Autonoma de Buenos Aires,Comuna 7,204908,49,2025,6,7685
Argentina,Ciudad Autonoma de Buenos Aires,Comuna 7,204909,49,2025,9,9705
Argentina,Ciudad Autonoma de Buenos Aires,Comuna 7,204910,49,2025,9,8735
Argentina,Ciudad Autonoma de Buenos Aires,Comuna 7,204911,49,2025,9,10501
Argentina,Ciudad Autonoma de Buenos Aires,Comuna 7,204912,49,2025,8,7467
Argentina,Ciudad Autonoma de Buenos Aires,Comuna 7,204913,49,2025,10,11414
Argentina,Ciudad Autonoma de Buenos Aires,Comuna 7,204914,49,2025,11,11132
Argentina,Ciudad Autonoma de Buenos Aires,Comuna 7,204915,49,2025,10,9647
Argentina,Ciudad Autonoma de Buenos Aires,Comuna 7,204916,49,2025,10,8094
Argentina,Ciudad Autonoma de Buenos Aires,Comuna 7,204917,49,2025,3,2971
Argentina,Ciudad Autonoma de Buenos Aires,Comuna 7,204918,49,2025,3,3398
Argentina,Ciudad Autonoma de Buenos Aires,Comuna 7,204919,49,2025,7,6454
Argentina,Ciudad Autonoma de Buenos Aires,Comuna 7,204920,49,2025,10,12736
Argentina,Ciudad Autonoma de Buenos Aires,Comuna 7,204921,49,2025,12,11351
Argentina,Ciudad Autonoma de Buenos Aires,Comuna 7,204922,49,2025,14,11303
Argentina,Ciudad Autonoma de Buenos Aires,Comuna 7,204923,49,2025,7,7839
Argentina,Ciudad Autonoma de Buenos Aires,Comuna 7,204924,49,2025,12,11126
Argentina,Ciudad Autonoma de Buenos Aires,Comuna 10,207001,50,2025,4,6651
Argentina,Ciudad Autonoma de Buenos Aires,Comuna 10,207002,50,2025,8,7094
Argentina,Ciudad Autonoma de Buenos Aires,Comuna 10,207003,50,2025,4,6682
Argentina,Ciudad Autonoma de Buenos Aires,Comuna 10,207004,50,2025,12,9342
Argentina,Ciudad Autonoma de Buenos Aires,Comuna 10,207005,50,2025,12,11787
Argentina,Ciudad Autonoma de Buenos Aires,Comuna 10,207006,50,2025,18,12408
Argentina,Ciudad Autonoma de Buenos Aires,Comuna 10,207007,50,2025,11,11630
Argentina,Ciudad Autonoma de Buenos Aires,Comuna 10,207008,50,2025,8,9038
Argentina,Ciudad Autonoma de Buenos Aires,Comuna 10,207009,50,2025,7,8752
Argentina,Ciudad Autonoma de Buenos Aires,Comuna 10,207010,50,2025,9,10398
Argentina,Ciudad Autonoma de Buenos Aires,Comuna 10,207011,50,2025,3,8554
Argentina,Ciudad Autonoma de Buenos Aires,Comuna 10,207012,50,2025,3,6677
Argentina,Ciudad Autonoma de Buenos Aires,Comuna 10,207013,50,2025,5,8285
Argentina,Ciudad Autonoma de Buenos Aires,Comuna 10,207014,50,2025,4,9092
Argentina,Ciudad Autonoma de Buenos Aires,Comuna 10,207015,50,2025,8,7248
Argentina,Ciudad Autonoma de Buenos Aires,Comuna 10,207016,50,2025,16,8724
Argentina,Ciudad Autonoma de Buenos Aires,Comuna 10,207017,50,2025,8,9635
Argentina,Ciudad Autonoma de Buenos Aires,Comuna 10,207018,50,2025,7,8682
Argentina,Ciudad Autonoma de Buenos Aires,Comuna 10,207019,50,2025,14,11217
Argentina,Ciudad Autonoma de Buenos Aires,Comuna 11,207701,50,2025,6,11069
Argentina,Ciudad Autonoma de Buenos Aires,Comuna 11,207702,50,2025,13,10205
Argentina,Ciudad Autonoma de Buenos Aires,Comuna 11,207703,50,2025,10,9103
Argentina,Ciudad Autonoma de Buenos Aires,Comuna 11,207704,50,2025,8,10387
Argentina,Ciudad Autonoma de Buenos Aires,Comuna 11,207705,50,2025,5,7955
Argentina,Ciudad Autonoma de Buenos Aires,Comuna 11,207706,50,2025,8,11455
Argentina,Ciudad Autonoma de Buenos Aires,Comuna 11,207707,50,2025,11,11428
Argentina,Ciudad Autonoma de Buenos Aires,Comuna 11,207708,50,2025,10,8072
Argentina,Ciudad Autonoma de Buenos Aires,Comuna 11,207709,50,2025,12,9257
Argentina,Ciudad Autonoma de Buenos Aires,Comuna 11,207710,50,2025,17,11259
Argentina,Ciudad Autonoma de Buenos Aires,Comuna 11,207711,50,2025,7,8065
Argentina,Ciudad Autonoma de Buenos Aires,Comuna 11,207712,50,2025,6,8059
Argentina,Ciudad Autonoma de Buenos Aires,Comuna 11,207713,50,2025,11,9254
Argentina,Ciudad Autonoma de Buenos Aires,Comuna 11,207714,50,2025,5,7270
Argentina,Ciudad Autonoma de Buenos Aires,Comuna 11,207715,50,2025,11,10022
Argentina,Ciudad Autonoma de Buenos Aires,Comuna 11,207716,50,2025,12,9462
Argentina,Ciudad Autonoma de Buenos Aires,Comuna 11,207717,50,2025,5,6323
Argentina,Ciudad Autonoma de Buenos Aires,Comuna 11,207718,50,2025,12,9010
Argentina,Ciudad Autonoma de Buenos Aires,Comuna 11,207719,50,2025,6,7194
Argentina,Ciudad Autonoma de Buenos Aires,Comuna 11,207720,50,2025,11,9079
Argentina,Ciudad Autonoma de Buenos Aires,Comuna 11,207721,50,2025,9,9075
Argentina,Ciudad Autonoma de Buenos Aires,Comuna 11,207722,50,2025,8,8902
Argentina,Ciudad Autonoma de Buenos Aires,Comuna 12,208401,50,2025,28,9341
Argentina,Ciudad Autonoma de Buenos Aires,Comuna 12,208402,50,2025,20,8793
Argentina,Ciudad Autonoma de Buenos Aires,Comuna 12,208403,50,2025,29,9271
Argentina,Ciudad Autonoma de Buenos Aires,Comuna 12,208404,50,2025,26,8702
Argentina,Ciudad Autonoma de Buenos Aires,Comuna 12,208405,50,2025,19,8415
Argentina,Ciudad Autonoma de Buenos Aires,Comuna 12,208406,50,2025,25,9143
Argentina,Ciudad Autonoma de Buenos Aires,Comuna 12,208407,50,2025,28,10293
Argentina,Ciudad Autonoma de Buenos Aires,Comuna 12,208408,50,2025,39,10510
Argentina,Ciudad Autonoma de Buenos Aires,Comuna 12,208409,50,2025,15,8365
Argentina,Ciudad Autonoma de Buenos Aires,Comuna 12,208410,50,2025,36,11926
Argentina,Ciudad Autonoma de Buenos Aires,Comuna 12,208411,50,2025,32,10276
Argentina,Ciudad Autonoma de Buenos Aires,Comuna 12,208412,50,2025,23,8291
Argentina,Ciudad Autonoma de Buenos Aires,Comuna 12,208413,50,2025,31,9891
Argentina,Ciudad Autonoma de Buenos Aires,Comuna 12,208414,50,2025,34,12202
Argentina,Ciudad Autonoma de Buenos Aires,Comuna 12,208415,50,2025,41,13785
Argentina,Ciudad Autonoma de Buenos Aires,Comuna 12,208416,50,2025,54,16395
Argentina,Ciudad Autonoma de Buenos Aires,Comuna 12,208417,50,2025,23,9935
Argentina,Ciudad Autonoma de Buenos Aires,Comuna 12,208418,50,2025,42,13227
Argentina,Ciudad Autonoma de Buenos Aires,Comuna 12,208419,50,2025,34,12268
Argentina,Ciudad Autonoma de Buenos Aires,Comuna 12,208420,50,2025,25,9926
Argentina,Ciudad Autonoma de Buenos Aires,Comuna 12,208421,50,2025,36,11426
Argentina,Ciudad Autonoma de Buenos Aires,Comuna 12,208422,50,2025,41,12983
Argentina,Ciudad Autonoma de Buenos Aires,Comuna 13,209101,50,2025,25,11656
Argentina,Ciudad Autonoma de Buenos Aires,Comuna 13,209102,50,2025,20,10984
Argentina,Ciudad Autonoma de Buenos Aires,Comuna 13,209103,50,2025,13,10868
Argentina,Ciudad Autonoma de Buenos Aires,Comuna 13,209104,50,2025,18,13113
Argentina,Ciudad Autonoma de Buenos Aires,Comuna 13,209105,50,2025,11,10421
Argentina,Ciudad Autonoma de Buenos Aires,Comuna 13,209106,50,2025,21,7917
Argentina,Ciudad Autonoma de Buenos Aires,Comuna 13,209107,50,2025,19,8294
Argentina,Ciudad Autonoma de Buenos Aires,Comuna 13,209108,50,2025,23,9153
Argentina,Ciudad Autonoma de Buenos Aires,Comuna 13,209109,50,2025,11,8207
Argentina,Ciudad Autonoma de Buenos Aires,Comuna 13,209110,50,2025,18,10807
Argentina,Ciudad Autonoma de Buenos Aires,Comuna 13,209111,50,2025,13,4808
Argentina,Ciudad Autonoma de Buenos Aires,Comuna 13,209112,50,2025,16,8591
Argentina,Ciudad Autonoma de Buenos Aires,Comuna 13,209113,50,2025,24,10772
Argentina,Ciudad Autonoma de Buenos Aires,Comuna 13,209114,50,2025,13,7311
Argentina,Ciudad Autonoma de Buenos Aires,Comuna 13,209115,50,2025,15,9651
Argentina,Ciudad Autonoma de Buenos Aires,Comuna 13,209116,50,2025,22,10427
Argentina,Ciudad Autonoma de Buenos Aires,Comuna 13,209117,50,2025,26,11221
Argentina,Ciudad Autonoma de Buenos Aires,Comuna 13,209118,50,2025,15,8113
Argentina,Ciudad Autonoma de Buenos Aires,Comuna 13,209119,50,2025,22,8504
Argentina,Ciudad Autonoma de Buenos Aires,Comuna 13,209120,50,2025,14,9333
Argentina,Ciudad Autonoma de Buenos Aires,Comuna 13,209121,50,2025,23,8521
Argentina,Ciudad Autonoma de Buenos Aires,Comuna 13,209122,50,2025,15,8416
Argentina,Ciudad Autonoma de Buenos Aires,Comuna 13,209123,50,2025,14,9675
Argentina,Ciudad Autonoma de Buenos Aires,Comuna 13,209124,50,2025,13,7611
Argentina,Ciudad Autonoma de Buenos Aires,Comuna 13,209125,50,2025,9,6503
Argentina,Ciudad Autonoma de Buenos Aires,Comuna 13,209126,50,2025,28,8070
Argentina,Ciudad Autonoma de Buenos Aires,Comuna 13,209127,50,2025,15,7860
Argentina,Ciudad Autonoma de Buenos Aires,Comuna 13,209128,50,2025,13,7714
Argentina,Ciudad Autonoma de Buenos Aires,Comuna 13,209129,50,2025,7,7809
Argentina,Ciudad Autonoma de Buenos Aires,Comuna 14,209801,50,2025,15,8008
Argentina,Ciudad Autonoma de Buenos Aires,Comuna 14,209802,50,2025,17,8651
Argentina,Ciudad Autonoma de Buenos Aires,Comuna 14,209803,50,2025,11,9921
Argentina,Ciudad Autonoma de Buenos Aires,Comuna 14,209804,50,2025,14,9128
Argentina,Ciudad Autonoma de Buenos Aires,Comuna 14,209805,50,2025,7,7958
Argentina,Ciudad Autonoma de Buenos Aires,Comuna 14,209806,50,2025,16,9397
Argentina,Ciudad Autonoma de Buenos Aires,Comuna 14,209807,50,2025,17,9307
Argentina,Ciudad Autonoma de Buenos Aires,Comuna 14,209808,50,2025,8,8700
Argentina,Ciudad Autonoma de Buenos Aires,Comuna 14,209809,50,2025,18,12492
Argentina,Ciudad Autonoma de Buenos Aires,Comuna 14,209810,50,2025,0,190
Argentina,Ciudad Autonoma de Buenos Aires,Comuna 14,209811,50,2025,18,12051
Argentina,Ciudad Autonoma de Buenos Aires,Comuna 14,209812,50,2025,11,7962
Argentina,Ciudad Autonoma de Buenos Aires,Comuna 14,209813,50,2025,17,7376
Argentina,Ciudad Autonoma de Buenos Aires,Comuna 14,209814,50,2025,6,7484
Argentina,Ciudad Autonoma de Buenos Aires,Comuna 14,209815,50,2025,9,8094
Argentina,Ciudad Autonoma de Buenos Aires,Comuna 14,209816,50,2025,14,6773
Argentina,Ciudad Autonoma de Buenos Aires,Comuna 14,209817,50,2025,18,7231
Argentina,Ciudad Autonoma de Buenos Aires,Comuna 14,209818,50,2025,15,6981
Argentina,Ciudad Autonoma de Buenos Aires,Comuna 14,209819,50,2025,7,5589
Argentina,Ciudad Autonoma de Buenos Aires,Comuna 14,209820,50,2025,8,6758
Argentina,Ciudad Autonoma de Buenos Aires,Comuna 14,209821,50,2025,10,7312
Argentina,Ciudad Autonoma de Buenos Aires,Comuna 14,209822,50,2025,11,8363
Argentina,Ciudad Autonoma de Buenos Aires,Comuna 14,209823,50,2025,11,11012
Argentina,Ciudad Autonoma de Buenos Aires,Comuna 14,209824,50,2025,8,6199
Argentina,Ciudad Autonoma de Buenos Aires,Comuna 14,209825,50,2025,13,7637
Argentina,Ciudad Autonoma de Buenos Aires,Comuna 14,209826,50,2025,13,6558
Argentina,Ciudad Autonoma de Buenos Aires,Comuna 14,209827,50,2025,13,6199
Argentina,Ciudad Autonoma de Buenos Aires,Comuna 14,209828,50,2025,10,9243
Argentina,Ciudad Autonoma de Buenos Aires,Comuna 14,209829,50,2025,12,8453
Argentina,Ciudad Autonoma de Buenos Aires,Comuna 14,209830,50,2025,12,8109
Argentina,Ciudad Autonoma de Buenos Aires,Comuna 14,209831,50,2025,13,8116
Argentina,Ciudad Autonoma de Buenos Aires,Comuna 15,210501,50,2025,15,9594
Argentina,Ciudad Autonoma de Buenos Aires,Comuna 15,210502,50,2025,9,6548
Argentina,Ciudad Autonoma de Buenos Aires,Comuna 15,210503,50,2025,21,10235
Argentina,Ciudad Autonoma de Buenos Aires,Comuna 15,210504,50,2025,15,12235
Argentina,Ciudad Autonoma de Buenos Aires,Comuna 15,210505,50,2025,19,12207
Argentina,Ciudad Autonoma de Buenos Aires,Comuna 15,210506,50,2025,7,4156
Argentina,Ciudad Autonoma de Buenos Aires,Comuna 15,210507,50,2025,15,12285
Argentina,Ciudad Autonoma de Buenos Aires,Comuna 15,210508,50,2025,11,8807
Argentina,Ciudad Autonoma de Buenos Aires,Comuna 15,210509,50,2025,15,8645
Argentina,Ciudad Autonoma de Buenos Aires,Comuna 15,210510,50,2025,12,10813
Argentina,Ciudad Autonoma de Buenos Aires,Comuna 15,210511,50,2025,12,11863
Argentina,Ciudad Autonoma de Buenos Aires,Comuna 15,210512,50,2025,12,7208
Argentina,Ciudad Autonoma de Buenos Aires,Comuna 15,210513,50,2025,13,7242
Argentina,Ciudad Autonoma de Buenos Aires,Comuna 15,210514,50,2025,15,9564
Argentina,Ciudad Autonoma de Buenos Aires,Comuna 15,210515,50,2025,11,9091
Argentina,Ciudad Autonoma de Buenos Aires,Comuna 15,210516,50,2025,14,8911
Argentina,Ciudad Autonoma de Buenos Aires,Comuna 15,210517,50,2025,18,8753
Argentina,Ciudad Autonoma de Buenos Aires,Comuna 15,210518,50,2025,15,8161
Argentina,Ciudad Autonoma de Buenos Aires,Comuna 15,210519,50,2025,13,8739
Argentina,Ciudad Autonoma de Buenos Aires,Comuna 15,210520,50,2025,17,8787
Argentina,Ciudad Autonoma de Buenos Aires,Comuna 15,210521,50,2025,19,11421
Argentina,Ciudad Autonoma de Buenos Aires,Comuna 2,201401,50,2025,1,554
Argentina,Ciudad Autonoma de Buenos Aires,Comuna 2,201402,50,2025,2,5022
Argentina,Ciudad Autonoma de Buenos Aires,Comuna 2,201403,50,2025,2,5681
Argentina,Ciudad Autonoma de Buenos Aires,Comuna 2,201404,50,2025,8,6670
Argentina,Ciudad Autonoma de Buenos Aires,Comuna 2,201405,50,2025,8,6654
Argentina,Ciudad Autonoma de Buenos Aires,Comuna 2,201406,50,2025,8,6504
Argentina,Ciudad Autonoma de Buenos Aires,Comuna 2,201407,50,2025,7,7631
Argentina,Ciudad Autonoma de Buenos Aires,Comuna 2,201408,50,2025,9,9285
Argentina,Ciudad Autonoma de Buenos Aires,Comuna 2,201409,50,2025,11,8985
Argentina,Ciudad Autonoma de Buenos Aires,Comuna 2,201410,50,2025,12,7067
Argentina,Ciudad Autonoma de Buenos Aires,Comuna 2,201411,50,2025,8,5593
Argentina,Ciudad Autonoma de Buenos Aires,Comuna 2,201412,50,2025,7,5734
Argentina,Ciudad Autonoma de Buenos Aires,Comuna 2,201413,50,2025,5,7043
Argentina,Ciudad Autonoma de Buenos Aires,Comuna 2,201414,50,2025,12,8370
Argentina,Ciudad Autonoma de Buenos Aires,Comuna 2,201415,50,2025,6,6053
Argentina,Ciudad Autonoma de Buenos Aires,Comuna 2,201416,50,2025,6,5917
Argentina,Ciudad Autonoma de Buenos Aires,Comuna 2,201417,50,2025,7,7963
Argentina,Ciudad Autonoma de Buenos Aires,Comuna 2,201418,50,2025,9,6383
Argentina,Ciudad Autonoma de Buenos Aires,Comuna 2,201419,50,2025,5,6436
Argentina,Ciudad Autonoma de Buenos Aires,Comuna 2,201420,50,2025,7,7134
Argentina,Ciudad Autonoma de Buenos Aires,Comuna 2,201421,50,2025,8,5726
Argentina,Ciudad Autonoma de Buenos Aires,Comuna 2,201422,50,2025,4,5002
Argentina,Ciudad Autonoma de Buenos Aires,Comuna 2,201423,50,2025,8,5517
Argentina,Ciudad Autonoma de Buenos Aires,Comuna 2,201424,50,2025,4,5483
Argentina,Ciudad Autonoma de Buenos Aires,Comuna 2,201425,50,2025,10,8202
Argentina,Ciudad Autonoma de Buenos Aires,Comuna 5,203501,50,2025,8,9107
Argentina,Ciudad Autonoma de Buenos Aires,Comuna 5,203502,50,2025,8,8659
Argentina,Ciudad Autonoma de Buenos Aires,Comuna 5,203503,50,2025,11,9246
Argentina,Ciudad Autonoma de Buenos Aires,Comuna 5,203504,50,2025,12,8180
Argentina,Ciudad Autonoma de Buenos Aires,Comuna 5,203505,50,2025,9,6557
Argentina,Ciudad Autonoma de Buenos Aires,Comuna 5,203506,50,2025,9,7989
Argentina,Ciudad Autonoma de Buenos Aires,Comuna 5,203507,50,2025,11,7616
Argentina,Ciudad Autonoma de Buenos Aires,Comuna 5,203508,50,2025,8,8744
Argentina,Ciudad Autonoma de Buenos Aires,Comuna 5,203509,50,2025,7,7892
Argentina,Ciudad Autonoma de Buenos Aires,Comuna 5,203510,50,2025,4,8718
Argentina,Ciudad Autonoma de Buenos Aires,Comuna 5,203511,50,2025,8,9263
Argentina,Ciudad Autonoma de Buenos Aires,Comuna 5,203512,50,2025,9,7201
Argentina,Ciudad Autonoma de Buenos Aires,Comuna 5,203513,50,2025,9,7410
Argentina,Ciudad Autonoma de Buenos Aires,Comuna 5,203514,50,2025,11,8821
Argentina,Ciudad Autonoma de Buenos Aires,Comuna 5,203515,50,2025,7,7651
Argentina,Ciudad Autonoma de Buenos Aires,Comuna 5,203516,50,2025,10,10461
Argentina,Ciudad Autonoma de Buenos Aires,Comuna 5,203517,50,2025,16,9254
Argentina,Ciudad Autonoma de Buenos Aires,Comuna 5,203518,50,2025,5,9162
Argentina,Ciudad Autonoma de Buenos Aires,Comuna 5,203519,50,2025,15,9340
Argentina,Ciudad Autonoma de Buenos Aires,Comuna 5,203520,50,2025,9,11091
Argentina,Ciudad Autonoma de Buenos Aires,Comuna 5,203521,50,2025,7,8855
Argentina,Ciudad Autonoma de Buenos Aires,Comuna 5,203522,50,2025,9,11232
Argentina,Ciudad Autonoma de Buenos Aires,Comuna 6,204201,50,2025,4,9911
Argentina,Ciudad Autonoma de Buenos Aires,Comuna 6,204202,50,2025,6,10787
Argentina,Ciudad Autonoma de Buenos Aires,Comuna 6,204203,50,2025,13,8899
Argentina,Ciudad Autonoma de Buenos Aires,Comuna 6,204204,50,2025,6,11727
Argentina,Ciudad Autonoma de Buenos Aires,Comuna 6,204205,50,2025,10,10329
Argentina,Ciudad Autonoma de Buenos Aires,Comuna 6,204206,50,2025,14,10367
Argentina,Ciudad Autonoma de Buenos Aires,Comuna 6,204207,50,2025,5,12185
Argentina,Ciudad Autonoma de Buenos Aires,Comuna 6,204208,50,2025,9,9497
Argentina,Ciudad Autonoma de Buenos Aires,Comuna 6,204209,50,2025,10,7356
Argentina,Ciudad Autonoma de Buenos Aires,Comuna 6,204210,50,2025,10,8697
Argentina,Ciudad Autonoma de Buenos Aires,Comuna 6,204211,50,2025,8,9646
Argentina,Ciudad Autonoma de Buenos Aires,Comuna 6,204212,50,2025,7,7926
Argentina,Ciudad Autonoma de Buenos Aires,Comuna 6,204213,50,2025,14,10037
Argentina,Ciudad Autonoma de Buenos Aires,Comuna 6,204214,50,2025,10,9669
Argentina,Ciudad Autonoma de Buenos Aires,Comuna 6,204215,50,2025,3,9168
Argentina,Ciudad Autonoma de Buenos Aires,Comuna 6,204216,50,2025,5,12982
Argentina,Ciudad Autonoma de Buenos Aires,Comuna 6,204217,50,2025,5,7259
Argentina,Ciudad Autonoma de Buenos Aires,Comuna 6,204218,50,2025,5,8066
Argentina,Ciudad Autonoma de Buenos Aires,Comuna 6,204219,50,2025,6,7952
Argentina,Ciudad Autonoma de Buenos Aires,Comuna 6,204220,50,2025,5,8895
Argentina,Ciudad Autonoma de Buenos Aires,Comuna 6,204221,50,2025,15,10409
Argentina,Ciudad Autonoma de Buenos Aires,Comuna 7,204901,50,2025,10,6665
Argentina,Ciudad Autonoma de Buenos Aires,Comuna 7,204902,50,2025,9,8593
Argentina,Ciudad Autonoma de Buenos Aires,Comuna 7,204903,50,2025,9,10871
Argentina,Ciudad Autonoma de Buenos Aires,Comuna 7,204904,50,2025,9,9795
Argentina,Ciudad Autonoma de Buenos Aires,Comuna 7,204905,50,2025,11,8999
Argentina,Ciudad Autonoma de Buenos Aires,Comuna 7,204906,50,2025,5,7524
Argentina,Ciudad Autonoma de Buenos Aires,Comuna 7,204907,50,2025,9,9257
Argentina,Ciudad Autonoma de Buenos Aires,Comuna 7,204908,50,2025,9,7685
Argentina,Ciudad Autonoma de Buenos Aires,Comuna 7,204909,50,2025,5,9705
Argentina,Ciudad Autonoma de Buenos Aires,Comuna 7,204910,50,2025,6,8735
Argentina,Ciudad Autonoma de Buenos Aires,Comuna 7,204911,50,2025,12,10501
Argentina,Ciudad Autonoma de Buenos Aires,Comuna 7,204912,50,2025,4,7467
Argentina,Ciudad Autonoma de Buenos Aires,Comuna 7,204913,50,2025,11,11414
Argentina,Ciudad Autonoma de Buenos Aires,Comuna 7,204914,50,2025,8,11132
Argentina,Ciudad Autonoma de Buenos Aires,Comuna 7,204915,50,2025,16,9647
Argentina,Ciudad Autonoma de Buenos Aires,Comuna 7,204916,50,2025,9,8094
Argentina,Ciudad Autonoma de Buenos Aires,Comuna 7,204917,50,2025,0,2971
Argentina,Ciudad Autonoma de Buenos Aires,Comuna 7,204918,50,2025,3,3398
Argentina,Ciudad Autonoma de Buenos Aires,Comuna 7,204919,50,2025,5,6454
Argentina,Ciudad Autonoma de Buenos Aires,Comuna 7,204920,50,2025,9,12736
Argentina,Ciudad Autonoma de Buenos Aires,Comuna 7,204921,50,2025,10,11351
Argentina,Ciudad Autonoma de Buenos Aires,Comuna 7,204922,50,2025,7,11303
Argentina,Ciudad Autonoma de Buenos Aires,Comuna 7,204923,50,2025,10,7839
Argentina,Ciudad Autonoma de Buenos Aires,Comuna 7,204924,50,2025,7,11126
Argentina,Ciudad Autonoma de Buenos Aires,Comuna 10,207001,51,2025,7,6651
Argentina,Ciudad Autonoma de Buenos Aires,Comuna 10,207002,51,2025,3,7094
Argentina,Ciudad Autonoma de Buenos Aires,Comuna 10,207003,51,2025,9,6682
Argentina,Ciudad Autonoma de Buenos Aires,Comuna 10,207004,51,2025,8,9342
Argentina,Ciudad Autonoma de Buenos Aires,Comuna 10,207005,51,2025,11,11787
Argentina,Ciudad Autonoma de Buenos Aires,Comuna 10,207006,51,2025,17,12408
Argentina,Ciudad Autonoma de Buenos Aires,Comuna 10,207007,51,2025,11,11630
Argentina,Ciudad Autonoma de Buenos Aires,Comuna 10,207008,51,2025,5,9038
Argentina,Ciudad Autonoma de Buenos Aires,Comuna 10,207009,51,2025,6,8752
Argentina,Ciudad Autonoma de Buenos Aires,Comuna 10,207010,51,2025,16,10398
Argentina,Ciudad Autonoma de Buenos Aires,Comuna 10,207011,51,2025,9,8554
Argentina,Ciudad Autonoma de Buenos Aires,Comuna 10,207012,51,2025,2,6677
Argentina,Ciudad Autonoma de Buenos Aires,Comuna 10,207013,51,2025,8,8285
Argentina,Ciudad Autonoma de Buenos Aires,Comuna 10,207014,51,2025,8,9092
Argentina,Ciudad Autonoma de Buenos Aires,Comuna 10,207015,51,2025,5,7248
Argentina,Ciudad Autonoma de Buenos Aires,Comuna 10,207016,51,2025,7,8724
Argentina,Ciudad Autonoma de Buenos Aires,Comuna 10,207017,51,2025,11,9635
Argentina,Ciudad Autonoma de Buenos Aires,Comuna 10,207018,51,2025,12,8682
Argentina,Ciudad Autonoma de Buenos Aires,Comuna 10,207019,51,2025,11,11217
Argentina,Ciudad Autonoma de Buenos Aires,Comuna 11,207701,51,2025,18,11069
Argentina,Ciudad Autonoma de Buenos Aires,Comuna 11,207702,51,2025,12,10205
Argentina,Ciudad Autonoma de Buenos Aires,Comuna 11,207703,51,2025,11,9103
Argentina,Ciudad Autonoma de Buenos Aires,Comuna 11,207704,51,2025,7,10387
Argentina,Ciudad Autonoma de Buenos Aires,Comuna 11,207705,51,2025,9,7955
Argentina,Ciudad Autonoma de Buenos Aires,Comuna 11,207706,51,2025,10,11455
Argentina,Ciudad Autonoma de Buenos Aires,Comuna 11,207707,51,2025,14,11428
Argentina,Ciudad Autonoma de Buenos Aires,Comuna 11,207708,51,2025,9,8072
Argentina,Ciudad Autonoma de Buenos Aires,Comuna 11,207709,51,2025,10,9257
Argentina,Ciudad Autonoma de Buenos Aires,Comuna 11,207710,51,2025,13,11259
Argentina,Ciudad Autonoma de Buenos Aires,Comuna 11,207711,51,2025,7,8065
Argentina,Ciudad Autonoma de Buenos Aires,Comuna 11,207712,51,2025,8,8059
Argentina,Ciudad Autonoma de Buenos Aires,Comuna 11,207713,51,2025,7,9254
Argentina,Ciudad Autonoma de Buenos Aires,Comuna 11,207714,51,2025,10,7270
Argentina,Ciudad Autonoma de Buenos Aires,Comuna 11,207715,51,2025,4,10022
Argentina,Ciudad Autonoma de Buenos Aires,Comuna 11,207716,51,2025,13,9462
Argentina,Ciudad Autonoma de Buenos Aires,Comuna 11,207717,51,2025,9,6323
Argentina,Ciudad Autonoma de Buenos Aires,Comuna 11,207718,51,2025,9,9010
Argentina,Ciudad Autonoma de Buenos Aires,Comuna 11,207719,51,2025,8,7194
Argentina,Ciudad Autonoma de Buenos Aires,Comuna 11,207720,51,2025,5,9079
Argentina,Ciudad Autonoma de Buenos Aires,Comuna 11,207721,51,2025,10,9075
Argentina,Ciudad Autonoma de Buenos Aires,Comuna 11,207722,51,2025,9,8902
Argentina,Ciudad Autonoma de Buenos Aires,Comuna 12,208401,51,2025,24,9341
Argentina,Ciudad Autonoma de Buenos Aires,Comuna 12,208402,51,2025,27,8793
Argentina,Ciudad Autonoma de Buenos Aires,Comuna 12,208403,51,2025,33,9271
Argentina,Ciudad Autonoma de Buenos Aires,Comuna 12,208404,51,2025,23,8702
Argentina,Ciudad Autonoma de Buenos Aires,Comuna 12,208405,51,2025,21,8415
Argentina,Ciudad Autonoma de Buenos Aires,Comuna 12,208406,51,2025,38,9143
Argentina,Ciudad Autonoma de Buenos Aires,Comuna 12,208407,51,2025,29,10293
Argentina,Ciudad Autonoma de Buenos Aires,Comuna 12,208408,51,2025,34,10510
Argentina,Ciudad Autonoma de Buenos Aires,Comuna 12,208409,51,2025,20,8365
Argentina,Ciudad Autonoma de Buenos Aires,Comuna 12,208410,51,2025,29,11926
Argentina,Ciudad Autonoma de Buenos Aires,Comuna 12,208411,51,2025,28,10276
Argentina,Ciudad Autonoma de Buenos Aires,Comuna 12,208412,51,2025,30,8291
Argentina,Ciudad Autonoma de Buenos Aires,Comuna 12,208413,51,2025,26,9891
Argentina,Ciudad Autonoma de Buenos Aires,Comuna 12,208414,51,2025,27,12202
Argentina,Ciudad Autonoma de Buenos Aires,Comuna 12,208415,51,2025,37,13785
Argentina,Ciudad Autonoma de Buenos Aires,Comuna 12,208416,51,2025,47,16395
Argentina,Ciudad Autonoma de Buenos Aires,Comuna 12,208417,51,2025,26,9935
Argentina,Ciudad Autonoma de Buenos Aires,Comuna 12,208418,51,2025,35,13227
Argentina,Ciudad Autonoma de Buenos Aires,Comuna 12,208419,51,2025,44,12268
Argentina,Ciudad Autonoma de Buenos Aires,Comuna 12,208420,51,2025,29,9926
Argentina,Ciudad Autonoma de Buenos Aires,Comuna 12,208421,51,2025,33,11426
Argentina,Ciudad Autonoma de Buenos Aires,Comuna 12,208422,51,2025,46,12983
Argentina,Ciudad Autonoma de Buenos Aires,Comuna 13,209101,51,2025,19,11656
Argentina,Ciudad Autonoma de Buenos Aires,Comuna 13,209102,51,2025,23,10984
Argentina,Ciudad Autonoma de Buenos Aires,Comuna 13,209103,51,2025,28,10868
Argentina,Ciudad Autonoma de Buenos Aires,Comuna 13,209104,51,2025,29,13113
Argentina,Ciudad Autonoma de Buenos Aires,Comuna 13,209105,51,2025,24,10421
Argentina,Ciudad Autonoma de Buenos Aires,Comuna 13,209106,51,2025,21,7917
Argentina,Ciudad Autonoma de Buenos Aires,Comuna 13,209107,51,2025,19,8294
Argentina,Ciudad Autonoma de Buenos Aires,Comuna 13,209108,51,2025,18,9153
Argentina,Ciudad Autonoma de Buenos Aires,Comuna 13,209109,51,2025,20,8207
Argentina,Ciudad Autonoma de Buenos Aires,Comuna 13,209110,51,2025,23,10807
Argentina,Ciudad Autonoma de Buenos Aires,Comuna 13,209111,51,2025,7,4808
Argentina,Ciudad Autonoma de Buenos Aires,Comuna 13,209112,51,2025,16,8591
Argentina,Ciudad Autonoma de Buenos Aires,Comuna 13,209113,51,2025,28,10772
Argentina,Ciudad Autonoma de Buenos Aires,Comuna 13,209114,51,2025,17,7311
Argentina,Ciudad Autonoma de Buenos Aires,Comuna 13,209115,51,2025,21,9651
Argentina,Ciudad Autonoma de Buenos Aires,Comuna 13,209116,51,2025,23,10427
Argentina,Ciudad Autonoma de Buenos Aires,Comuna 13,209117,51,2025,20,11221
Argentina,Ciudad Autonoma de Buenos Aires,Comuna 13,209118,51,2025,10,8113
Argentina,Ciudad Autonoma de Buenos Aires,Comuna 13,209119,51,2025,14,8504
Argentina,Ciudad Autonoma de Buenos Aires,Comuna 13,209120,51,2025,20,9333
Argentina,Ciudad Autonoma de Buenos Aires,Comuna 13,209121,51,2025,19,8521
Argentina,Ciudad Autonoma de Buenos Aires,Comuna 13,209122,51,2025,15,8416
Argentina,Ciudad Autonoma de Buenos Aires,Comuna 13,209123,51,2025,14,9675
Argentina,Ciudad Autonoma de Buenos Aires,Comuna 13,209124,51,2025,10,7611
Argentina,Ciudad Autonoma de Buenos Aires,Comuna 13,209125,51,2025,3,6503
Argentina,Ciudad Autonoma de Buenos Aires,Comuna 13,209126,51,2025,21,8070
Argentina,Ciudad Autonoma de Buenos Aires,Comuna 13,209127,51,2025,15,7860
Argentina,Ciudad Autonoma de Buenos Aires,Comuna 13,209128,51,2025,17,7714
Argentina,Ciudad Autonoma de Buenos Aires,Comuna 13,209129,51,2025,14,7809
Argentina,Ciudad Autonoma de Buenos Aires,Comuna 14,209801,51,2025,14,8008
Argentina,Ciudad Autonoma de Buenos Aires,Comuna 14,209802,51,2025,17,8651
Argentina,Ciudad Autonoma de Buenos Aires,Comuna 14,209803,51,2025,16,9921
Argentina,Ciudad Autonoma de Buenos Aires,Comuna 14,209804,51,2025,17,9128
Argentina,Ciudad Autonoma de Buenos Aires,Comuna 14,209805,51,2025,12,7958
Argentina,Ciudad Autonoma de Buenos Aires,Comuna 14,209806,51,2025,11,9397
Argentina,Ciudad Autonoma de Buenos Aires,Comuna 14,209807,51,2025,13,9307
Argentina,Ciudad Autonoma de Buenos Aires,Comuna 14,209808,51,2025,17,8700
Argentina,Ciudad Autonoma de Buenos Aires,Comuna 14,209809,51,2025,10,12492
Argentina,Ciudad Autonoma de Buenos Aires,Comuna 14,209810,51,2025,0,190
Argentina,Ciudad Autonoma de Buenos Aires,Comuna 14,209811,51,2025,13,12051
Argentina,Ciudad Autonoma de Buenos Aires,Comuna 14,209812,51,2025,10,7962
Argentina,Ciudad Autonoma de Buenos Aires,Comuna 14,209813,51,2025,6,7376
Argentina,Ciudad Autonoma de Buenos Aires,Comuna 14,209814,51,2025,9,7484
Argentina,Ciudad Autonoma de Buenos Aires,Comuna 14,209815,51,2025,14,8094
Argentina,Ciudad Autonoma de Buenos Aires,Comuna 14,209816,51,2025,13,6773
Argentina,Ciudad Autonoma de Buenos Aires,Comuna 14,209817,51,2025,10,7231
Argentina,Ciudad Autonoma de Buenos Aires,Comuna 14,209818,51,2025,9,6981
Argentina,Ciudad Autonoma de Buenos Aires,Comuna 14,209819,51,2025,11,5589
Argentina,Ciudad Autonoma de Buenos Aires,Comuna 14,209820,51,2025,13,6758
Argentina,Ciudad Autonoma de Buenos Aires,Comuna 14,209821,51,2025,9,7312
Argentina,Ciudad Autonoma de Buenos Aires,Comuna 14,209822,51,2025,12,8363
Argentina,Ciudad Autonoma de Buenos Aires,Comuna 14,209823,51,2025,17,11012
Argentina,Ciudad Autonoma de Buenos Aires,Comuna 14,209824,51,2025,10,6199
Argentina,Ciudad Autonoma de Buenos Aires,Comuna 14,209825,51,2025,7,7637
Argentina,Ciudad Autonoma de Buenos Aires,Comuna 14,209826,51,2025,14,6558
Argentina,Ciudad Autonoma de Buenos Aires,Comuna 14,209827,51,2025,9,6199
Argentina,Ciudad Autonoma de Buenos Aires,Comuna 14,209828,51,2025,14,9243
Argentina,Ciudad Autonoma de Buenos Aires,Comuna 14,209829,51,2025,10,8453
Argentina,Ciudad Autonoma de Buenos Aires,Comuna 14,209830,51,2025,20,8109
Argentina,Ciudad Autonoma de Buenos Aires,Comuna 14,209831,51,2025,16,8116
Argentina,Ciudad Autonoma de Buenos Aires,Comuna 15,210501,51,2025,18,9594
Argentina,Ciudad Autonoma de Buenos Aires,Comuna 15,210502,51,2025,7,6548
Argentina,Ciudad Autonoma de Buenos Aires,Comuna 15,210503,51,2025,9,10235
Argentina,Ciudad Autonoma de Buenos Aires,Comuna 15,210504,51,2025,14,12235
Argentina,Ciudad Autonoma de Buenos Aires,Comuna 15,210505,51,2025,16,12207
Argentina,Ciudad Autonoma de Buenos Aires,Comuna 15,210506,51,2025,7,4156
Argentina,Ciudad Autonoma de Buenos Aires,Comuna 15,210507,51,2025,12,12285
Argentina,Ciudad Autonoma de Buenos Aires,Comuna 15,210508,51,2025,11,8807
Argentina,Ciudad Autonoma de Buenos Aires,Comuna 15,210509,51,2025,25,8645
Argentina,Ciudad Autonoma de Buenos Aires,Comuna 15,210510,51,2025,22,10813
Argentina,Ciudad Autonoma de Buenos Aires,Comuna 15,210511,51,2025,15,11863
Argentina,Ciudad Autonoma de Buenos Aires,Comuna 15,210512,51,2025,13,7208
Argentina,Ciudad Autonoma de Buenos Aires,Comuna 15,210513,51,2025,16,7242
Argentina,Ciudad Autonoma de Buenos Aires,Comuna 15,210514,51,2025,15,9564
Argentina,Ciudad Autonoma de Buenos Aires,Comuna 15,210515,51,2025,12,9091
Argentina,Ciudad Autonoma de Buenos Aires,Comuna 15,210516,51,2025,11,8911
Argentina,Ciudad Autonoma de Buenos Aires,Comuna 15,210517,51,2025,16,8753
Argentina,Ciudad Autonoma de Buenos Aires,Comuna 15,210518,51,2025,16,8161
Argentina,Ciudad Autonoma de Buenos Aires,Comuna 15,210519,51,2025,16,8739
Argentina,Ciudad Autonoma de Buenos Aires,Comuna 15,210520,51,2025,15,8787
Argentina,Ciudad Autonoma de Buenos Aires,Comuna 15,210521,51,2025,19,11421
Argentina,Ciudad Autonoma de Buenos Aires,Comuna 2,201401,51,2025,0,554
Argentina,Ciudad Autonoma de Buenos Aires,Comuna 2,201402,51,2025,2,5022
Argentina,Ciudad Autonoma de Buenos Aires,Comuna 2,201403,51,2025,9,5681
Argentina,Ciudad Autonoma de Buenos Aires,Comuna 2,201404,51,2025,8,6670
Argentina,Ciudad Autonoma de Buenos Aires,Comuna 2,201405,51,2025,2,6654
Argentina,Ciudad Autonoma de Buenos Aires,Comuna 2,201406,51,2025,4,6504
Argentina,Ciudad Autonoma de Buenos Aires,Comuna 2,201407,51,2025,7,7631
Argentina,Ciudad Autonoma de Buenos Aires,Comuna 2,201408,51,2025,3,9285
Argentina,Ciudad Autonoma de Buenos Aires,Comuna 2,201409,51,2025,10,8985
Argentina,Ciudad Autonoma de Buenos Aires,Comuna 2,201410,51,2025,7,7067
Argentina,Ciudad Autonoma de Buenos Aires,Comuna 2,201411,51,2025,5,5593
Argentina,Ciudad Autonoma de Buenos Aires,Comuna 2,201412,51,2025,7,5734
Argentina,Ciudad Autonoma de Buenos Aires,Comuna 2,201413,51,2025,7,7043
Argentina,Ciudad Autonoma de Buenos Aires,Comuna 2,201414,51,2025,12,8370
Argentina,Ciudad Autonoma de Buenos Aires,Comuna 2,201415,51,2025,5,6053
Argentina,Ciudad Autonoma de Buenos Aires,Comuna 2,201416,51,2025,7,5917
Argentina,Ciudad Autonoma de Buenos Aires,Comuna 2,201417,51,2025,8,7963
Argentina,Ciudad Autonoma de Buenos Aires,Comuna 2,201418,51,2025,5,6383
Argentina,Ciudad Autonoma de Buenos Aires,Comuna 2,201419,51,2025,6,6436
Argentina,Ciudad Autonoma de Buenos Aires,Comuna 2,201420,51,2025,6,7134
Argentina,Ciudad Autonoma de Buenos Aires,Comuna 2,201421,51,2025,6,5726
Argentina,Ciudad Autonoma de Buenos Aires,Comuna 2,201422,51,2025,6,5002
Argentina,Ciudad Autonoma de Buenos Aires,Comuna 2,201423,51,2025,6,5517
Argentina,Ciudad Autonoma de Buenos Aires,Comuna 2,201424,51,2025,8,5483
Argentina,Ciudad Autonoma de Buenos Aires,Comuna 2,201425,51,2025,9,8202
Argentina,Ciudad Autonoma de Buenos Aires,Comuna 5,203501,51,2025,11,9107
Argentina,Ciudad Autonoma de Buenos Aires,Comuna 5,203502,51,2025,11,8659
Argentina,Ciudad Autonoma de Buenos Aires,Comuna 5,203503,51,2025,12,9246
Argentina,Ciudad Autonoma de Buenos Aires,Comuna 5,203504,51,2025,10,8180
Argentina,Ciudad Autonoma de Buenos Aires,Comuna 5,203505,51,2025,8,6557
Argentina,Ciudad Autonoma de Buenos Aires,Comuna 5,203506,51,2025,6,7989
Argentina,Ciudad Autonoma de Buenos Aires,Comuna 5,203507,51,2025,7,7616
Argentina,Ciudad Autonoma de Buenos Aires,Comuna 5,203508,51,2025,8,8744
Argentina,Ciudad Autonoma de Buenos Aires,Comuna 5,203509,51,2025,6,7892
Argentina,Ciudad Autonoma de Buenos Aires,Comuna 5,203510,51,2025,9,8718
Argentina,Ciudad Autonoma de Buenos Aires,Comuna 5,203511,51,2025,8,9263
Argentina,Ciudad Autonoma de Buenos Aires,Comuna 5,203512,51,2025,4,7201
Argentina,Ciudad Autonoma de Buenos Aires,Comuna 5,203513,51,2025,9,7410
Argentina,Ciudad Autonoma de Buenos Aires,Comuna 5,203514,51,2025,8,8821
Argentina,Ciudad Autonoma de Buenos Aires,Comuna 5,203515,51,2025,9,7651
Argentina,Ciudad Autonoma de Buenos Aires,Comuna 5,203516,51,2025,8,10461
Argentina,Ciudad Autonoma de Buenos Aires,Comuna 5,203517,51,2025,11,9254
Argentina,Ciudad Autonoma de Buenos Aires,Comuna 5,203518,51,2025,10,9162
Argentina,Ciudad Autonoma de Buenos Aires,Comuna 5,203519,51,2025,11,9340
Argentina,Ciudad Autonoma de Buenos Aires,Comuna 5,203520,51,2025,12,11091
Argentina,Ciudad Autonoma de Buenos Aires,Comuna 5,203521,51,2025,12,8855
Argentina,Ciudad Autonoma de Buenos Aires,Comuna 5,203522,51,2025,12,11232
Argentina,Ciudad Autonoma de Buenos Aires,Comuna 6,204201,51,2025,12,9911
Argentina,Ciudad Autonoma de Buenos Aires,Comuna 6,204202,51,2025,9,10787
Argentina,Ciudad Autonoma de Buenos Aires,Comuna 6,204203,51,2025,10,8899
Argentina,Ciudad Autonoma de Buenos Aires,Comuna 6,204204,51,2025,13,11727
Argentina,Ciudad Autonoma de Buenos Aires,Comuna 6,204205,51,2025,6,10329
Argentina,Ciudad Autonoma de Buenos Aires,Comuna 6,204206,51,2025,17,10367
Argentina,Ciudad Autonoma de Buenos Aires,Comuna 6,204207,51,2025,10,12185
Argentina,Ciudad Autonoma de Buenos Aires,Comuna 6,204208,51,2025,6,9497
Argentina,Ciudad Autonoma de Buenos Aires,Comuna 6,204209,51,2025,11,7356
Argentina,Ciudad Autonoma de Buenos Aires,Comuna 6,204210,51,2025,8,8697
Argentina,Ciudad Autonoma de Buenos Aires,Comuna 6,204211,51,2025,13,9646
Argentina,Ciudad Autonoma de Buenos Aires,Comuna 6,204212,51,2025,11,7926
Argentina,Ciudad Autonoma de Buenos Aires,Comuna 6,204213,51,2025,7,10037
Argentina,Ciudad Autonoma de Buenos Aires,Comuna 6,204214,51,2025,7,9669
Argentina,Ciudad Autonoma de Buenos Aires,Comuna 6,204215,51,2025,11,9168
Argentina,Ciudad Autonoma de Buenos Aires,Comuna 6,204216,51,2025,10,12982
Argentina,Ciudad Autonoma de Buenos Aires,Comuna 6,204217,51,2025,7,7259
Argentina,Ciudad Autonoma de Buenos Aires,Comuna 6,204218,51,2025,4,8066
Argentina,Ciudad Autonoma de Buenos Aires,Comuna 6,204219,51,2025,10,7952
Argentina,Ciudad Autonoma de Buenos Aires,Comuna 6,204220,51,2025,10,8895
Argentina,Ciudad Autonoma de Buenos Aires,Comuna 6,204221,51,2025,16,10409
Argentina,Ciudad Autonoma de Buenos Aires,Comuna 7,204901,51,2025,3,6665
Argentina,Ciudad Autonoma de Buenos Aires,Comuna 7,204902,51,2025,13,8593
Argentina,Ciudad Autonoma de Buenos Aires,Comuna 7,204903,51,2025,15,10871
Argentina,Ciudad Autonoma de Buenos Aires,Comuna 7,204904,51,2025,9,9795
Argentina,Ciudad Autonoma de Buenos Aires,Comuna 7,204905,51,2025,4,8999
Argentina,Ciudad Autonoma de Buenos Aires,Comuna 7,204906,51,2025,3,7524
Argentina,Ciudad Autonoma de Buenos Aires,Comuna 7,204907,51,2025,10,9257
Argentina,Ciudad Autonoma de Buenos Aires,Comuna 7,204908,51,2025,9,7685
Argentina,Ciudad Autonoma de Buenos Aires,Comuna 7,204909,51,2025,7,9705
Argentina,Ciudad Autonoma de Buenos Aires,Comuna 7,204910,51,2025,10,8735
Argentina,Ciudad Autonoma de Buenos Aires,Comuna 7,204911,51,2025,10,10501
Argentina,Ciudad Autonoma de Buenos Aires,Comuna 7,204912,51,2025,5,7467
Argentina,Ciudad Autonoma de Buenos Aires,Comuna 7,204913,51,2025,6,11414
Argentina,Ciudad Autonoma de Buenos Aires,Comuna 7,204914,51,2025,12,11132
Argentina,Ciudad Autonoma de Buenos Aires,Comuna 7,204915,51,2025,13,9647
Argentina,Ciudad Autonoma de Buenos Aires,Comuna 7,204916,51,2025,15,8094
Argentina,Ciudad Autonoma de Buenos Aires,Comuna 7,204917,51,2025,2,2971
Argentina,Ciudad Autonoma de Buenos Aires,Comuna 7,204918,51,2025,1,3398
Argentina,Ciudad Autonoma de Buenos Aires,Comuna 7,204919,51,2025,4,6454
Argentina,Ciudad Autonoma de Buenos Aires,Comuna 7,204920,51,2025,6,12736
Argentina,Ciudad Autonoma de Buenos Aires,Comuna 7,204921,51,2025,11,11351
Argentina,Ciudad Autonoma de Buenos Aires,Comuna 7,204922,51,2025,15,11303
Argentina,Ciudad Autonoma de Buenos Aires,Comuna 7,204923,51,2025,5,7839
Argentina,Ciudad Autonoma de Buenos Aires,Comuna 7,204924,51,2025,12,11126
Argentina,Ciudad Autonoma de Buenos Aires,Comuna 10,207001,52,2025,2,6651
Argentina,Ciudad Autonoma de Buenos Aires,Comuna 10,207002,52,2025,9,7094
Argentina,Ciudad Autonoma de Buenos Aires,Comuna 10,207003,52,2025,2,6682
Argentina,Ciudad Autonoma de Buenos Aires,Comuna 10,207004,52,2025,7,9342
Argentina,Ciudad Autonoma de Buenos Aires,Comuna 10,207005,52,2025,13,11787
Argentina,Ciudad Autonoma de Buenos Aires,Comuna 10,207006,52,2025,17,12408
Argentina,Ciudad Autonoma de Buenos Aires,Comuna 10,207007,52,2025,9,11630
Argentina,Ciudad Autonoma de Buenos Aires,Comuna 10,207008,52,2025,6,9038
Argentina,Ciudad Autonoma de Buenos Aires,Comuna 10,207009,52,2025,3,8752
Argentina,Ciudad Autonoma de Buenos Aires,Comuna 10,207010,52,2025,9,10398
Argentina,Ciudad Autonoma de Buenos Aires,Comuna 10,207011,52,2025,12,8554
Argentina,Ciudad Autonoma de Buenos Aires,Comuna 10,207012,52,2025,4,6677
Argentina,Ciudad Autonoma de Buenos Aires,Comuna 10,207013,52,2025,3,8285
Argentina,Ciudad Autonoma de Buenos Aires,Comuna 10,207014,52,2025,12,9092
Argentina,Ciudad Autonoma de Buenos Aires,Comuna 10,207015,52,2025,7,7248
Argentina,Ciudad Autonoma de Buenos Aires,Comuna 10,207016,52,2025,5,8724
Argentina,Ciudad Autonoma de Buenos Aires,Comuna 10,207017,52,2025,12,9635
Argentina,Ciudad Autonoma de Buenos Aires,Comuna 10,207018,52,2025,12,8682
Argentina,Ciudad Autonoma de Buenos Aires,Comuna 10,207019,52,2025,11,11217
Argentina,Ciudad Autonoma de Buenos Aires,Comuna 11,207701,52,2025,11,11069
Argentina,Ciudad Autonoma de Buenos Aires,Comuna 11,207702,52,2025,15,10205
Argentina,Ciudad Autonoma de Buenos Aires,Comuna 11,207703,52,2025,9,9103
Argentina,Ciudad Autonoma de Buenos Aires,Comuna 11,207704,52,2025,15,10387
Argentina,Ciudad Autonoma de Buenos Aires,Comuna 11,207705,52,2025,6,7955
Argentina,Ciudad Autonoma de Buenos Aires,Comuna 11,207706,52,2025,17,11455
Argentina,Ciudad Autonoma de Buenos Aires,Comuna 11,207707,52,2025,11,11428
Argentina,Ciudad Autonoma de Buenos Aires,Comuna 11,207708,52,2025,9,8072
Argentina,Ciudad Autonoma de Buenos Aires,Comuna 11,207709,52,2025,5,9257
Argentina,Ciudad Autonoma de Buenos Aires,Comuna 11,207710,52,2025,9,11259
Argentina,Ciudad Autonoma de Buenos Aires,Comuna 11,207711,52,2025,13,8065
Argentina,Ciudad Autonoma de Buenos Aires,Comuna 11,207712,52,2025,7,8059
Argentina,Ciudad Autonoma de Buenos Aires,Comuna 11,207713,52,2025,12,9254
Argentina,Ciudad Autonoma de Buenos Aires,Comuna 11,207714,52,2025,8,7270
Argentina,Ciudad Autonoma de Buenos Aires,Comuna 11,207715,52,2025,8,10022
Argentina,Ciudad Autonoma de Buenos Aires,Comuna 11,207716,52,2025,6,9462
Argentina,Ciudad Autonoma de Buenos Aires,Comuna 11,207717,52,2025,5,6323
Argentina,Ciudad Autonoma de Buenos Aires,Comuna 11,207718,52,2025,8,9010
Argentina,Ciudad Autonoma de Buenos Aires,Comuna 11,207719,52,2025,6,7194
Argentina,Ciudad Autonoma de Buenos Aires,Comuna 11,207720,52,2025,9,9079
Argentina,Ciudad Autonoma de Buenos Aires,Comuna 11,207721,52,2025,7,9075
Argentina,Ciudad Autonoma de Buenos Aires,Comuna 11,207722,52,2025,10,8902
Argentina,Ciudad Autonoma de Buenos Aires,Comuna 12,208401,52,2025,31,9341
Argentina,Ciudad Autonoma de Buenos Aires,Comuna 12,208402,52,2025,21,8793
Argentina,Ciudad Autonoma de Buenos Aires,Comuna 12,208403,52,2025,31,9271
Argentina,Ciudad Autonoma de Buenos Aires,Comuna 12,208404,52,2025,36,8702
Argentina,Ciudad Autonoma de Buenos Aires,Comuna 12,208405,52,2025,28,8415
Argentina,Ciudad Autonoma de Buenos Aires,Comuna 12,208406,52,2025,18,9143
Argentina,Ciudad Autonoma de Buenos Aires,Comuna 12,208407,52,2025,36,10293
Argentina,Ciudad Autonoma de Buenos Aires,Comuna 12,208408,52,2025,36,10510
Argentina,Ciudad Autonoma de Buenos Aires,Comuna 12,208409,52,2025,27,8365
Argentina,Ciudad Autonoma de Buenos Aires,Comuna 12,208410,52,2025,38,11926
Argentina,Ciudad Autonoma de Buenos Aires,Comuna 12,208411,52,2025,27,10276
Argentina,Ciudad Autonoma de Buenos Aires,Comuna 12,208412,52,2025,21,8291
Argentina,Ciudad Autonoma de Buenos Aires,Comuna 12,208413,52,2025,42,9891
Argentina,Ciudad Autonoma de Buenos Aires,Comuna 12,208414,52,2025,43,12202
Argentina,Ciudad Autonoma de Buenos Aires,Comuna 12,208415,52,2025,43,13785
Argentina,Ciudad Autonoma de Buenos Aires,Comuna 12,208416,52,2025,41,16395
Argentina,Ciudad Autonoma de Buenos Aires,Comuna 12,208417,52,2025,35,9935
Argentina,Ciudad Autonoma de Buenos Aires,Comuna 12,208418,52,2025,42,13227
Argentina,Ciudad Autonoma de Buenos Aires,Comuna 12,208419,52,2025,41,12268
Argentina,Ciudad Autonoma de Buenos Aires,Comuna 12,208420,52,2025,33,9926
Argentina,Ciudad Autonoma de Buenos Aires,Comuna 12,208421,52,2025,41,11426
Argentina,Ciudad Autonoma de Buenos Aires,Comuna 12,208422,52,2025,27,12983
Argentina,Ciudad Autonoma de Buenos Aires,Comuna 13,209101,52,2025,23,11656
Argentina,Ciudad Autonoma de Buenos Aires,Comuna 13,209102,52,2025,20,10984
Argentina,Ciudad Autonoma de Buenos Aires,Comuna 13,209103,52,2025,36,10868
Argentina,Ciudad Autonoma de Buenos Aires,Comuna 13,209104,52,2025,33,13113
Argentina,Ciudad Autonoma de Buenos Aires,Comuna 13,209105,52,2025,17,10421
Argentina,Ciudad Autonoma de Buenos Aires,Comuna 13,209106,52,2025,17,7917
Argentina,Ciudad Autonoma de Buenos Aires,Comuna 13,209107,52,2025,18,8294
Argentina,Ciudad Autonoma de Buenos Aires,Comuna 13,209108,52,2025,20,9153
Argentina,Ciudad Autonoma de Buenos Aires,Comuna 13,209109,52,2025,15,8207
Argentina,Ciudad Autonoma de Buenos Aires,Comuna 13,209110,52,2025,27,10807
Argentina,Ciudad Autonoma de Buenos Aires,Comuna 13,209111,52,2025,9,4808
Argentina,Ciudad Autonoma de Buenos Aires,Comuna 13,209112,52,2025,22,8591
Argentina,Ciudad Autonoma de Buenos Aires,Comuna 13,209113,52,2025,20,10772
Argentina,Ciudad Autonoma de Buenos Aires,Comuna 13,209114,52,2025,11,7311
Argentina,Ciudad Autonoma de Buenos Aires,Comuna 13,209115,52,2025,25,9651
Argentina,Ciudad Autonoma de Buenos Aires,Comuna 13,209116,52,2025,16,10427
Argentina,Ciudad Autonoma de Buenos Aires,Comuna 13,209117,52,2025,26,11221
Argentina,Ciudad Autonoma de Buenos Aires,Comuna 13,209118,52,2025,15,8113
Argentina,Ciudad Autonoma de Buenos Aires,Comuna 13,209119,52,2025,7,8504
Argentina,Ciudad Autonoma de Buenos Aires,Comuna 13,209120,52,2025,17,9333
Argentina,Ciudad Autonoma de Buenos Aires,Comuna 13,209121,52,2025,21,8521
Argentina,Ciudad Autonoma de Buenos Aires,Comuna 13,209122,52,2025,17,8416
Argentina,Ciudad Autonoma de Buenos Aires,Comuna 13,209123,52,2025,16,9675
Argentina,Ciudad Autonoma de Buenos Aires,Comuna 13,209124,52,2025,9,7611
Argentina,Ciudad Autonoma de Buenos Aires,Comuna 13,209125,52,2025,13,6503
Argentina,Ciudad Autonoma de Buenos Aires,Comuna 13,209126,52,2025,20,8070
Argentina,Ciudad Autonoma de Buenos Aires,Comuna 13,209127,52,2025,23,7860
Argentina,Ciudad Autonoma de Buenos Aires,Comuna 13,209128,52,2025,21,7714
Argentina,Ciudad Autonoma de Buenos Aires,Comuna 13,209129,52,2025,12,7809
Argentina,Ciudad Autonoma de Buenos Aires,Comuna 14,209801,52,2025,6,8008
Argentina,Ciudad Autonoma de Buenos Aires,Comuna 14,209802,52,2025,8,8651
Argentina,Ciudad Autonoma de Buenos Aires,Comuna 14,209803,52,2025,15,9921
Argentina,Ciudad Autonoma de Buenos Aires,Comuna 14,209804,52,2025,14,9128
Argentina,Ciudad Autonoma de Buenos Aires,Comuna 14,209805,52,2025,13,7958
Argentina,Ciudad Autonoma de Buenos Aires,Comuna 14,209806,52,2025,8,9397
Argentina,Ciudad Autonoma de Buenos Aires,Comuna 14,209807,52,2025,15,9307
Argentina,Ciudad Autonoma de Buenos Aires,Comuna 14,209808,52,2025,11,8700
Argentina,Ciudad Autonoma de Buenos Aires,Comuna 14,209809,52,2025,22,12492
Argentina,Ciudad Autonoma de Buenos Aires,Comuna 14,209810,52,2025,0,190
Argentina,Ciudad Autonoma de Buenos Aires,Comuna 14,209811,52,2025,16,12051
Argentina,Ciudad Autonoma de Buenos Aires,Comuna 14,209812,52,2025,19,7962
Argentina,Ciudad Autonoma de Buenos Aires,Comuna 14,209813,52,2025,14,7376
Argentina,Ciudad Autonoma de Buenos Aires,Comuna 14,209814,52,2025,12,7484
Argentina,Ciudad Autonoma de Buenos Aires,Comuna 14,209815,52,2025,15,8094
Argentina,Ciudad Autonoma de Buenos Aires,Comuna 14,209816,52,2025,11,6773
Argentina,Ciudad Autonoma de Buenos Aires,Comuna 14,209817,52,2025,9,7231
Argentina,Ciudad Autonoma de Buenos Aires,Comuna 14,209818,52,2025,17,6981
Argentina,Ciudad Autonoma de Buenos Aires,Comuna 14,209819,52,2025,9,5589
Argentina,Ciudad Autonoma de Buenos Aires,Comuna 14,209820,52,2025,7,6758
Argentina,Ciudad Autonoma de Buenos Aires,Comuna 14,209821,52,2025,16,7312
Argentina,Ciudad Autonoma de Buenos Aires,Comuna 14,209822,52,2025,17,8363
Argentina,Ciudad Autonoma de Buenos Aires,Comuna 14,209823,52,2025,12,11012
Argentina,Ciudad Autonoma de Buenos Aires,Comuna 14,209824,52,2025,8,6199
Argentina,Ciudad Autonoma de Buenos Aires,Comuna 14,209825,52,2025,13,7637
Argentina,Ciudad Autonoma de Buenos Aires,Comuna 14,209826,52,2025,6,6558
Argentina,Ciudad Autonoma de Buenos Aires,Comuna 14,209827,52,2025,8,6199
Argentina,Ciudad Autonoma de Buenos Aires,Comuna 14,209828,52,2025,12,9243
Argentina,Ciudad Autonoma de Buenos Aires,Comuna 14,209829,52,2025,10,8453
Argentina,Ciudad Autonoma de Buenos Aires,Comuna 14,209830,52,2025,22,8109
Argentina,Ciudad Autonoma de Buenos Aires,Comuna 14,209831,52,2025,10,8116
Argentina,Ciudad Autonoma de Buenos Aires,Comuna 15,210501,52,2025,14,9594
Argentina,Ciudad Autonoma de Buenos Aires,Comuna 15,210502,52,2025,10,6548
Argentina,Ciudad Autonoma de Buenos Aires,Comuna 15,210503,52,2025,17,10235
Argentina,Ciudad Autonoma de Buenos Aires,Comuna 15,210504,52,2025,24,12235
Argentina,Ciudad Autonoma de Buenos Aires,Comuna 15,210505,52,2025,23,12207
Argentina,Ciudad Autonoma de Buenos Aires,Comuna 15,210506,52,2025,5,4156
Argentina,Ciudad Autonoma de Buenos Aires,Comuna 15,210507,52,2025,22,12285
Argentina,Ciudad Autonoma de Buenos Aires,Comuna 15,210508,52,2025,14,8807
Argentina,Ciudad Autonoma de Buenos Aires,Comuna 15,210509,52,2025,9,8645
Argentina,Ciudad Autonoma de Buenos Aires,Comuna 15,210510,52,2025,11,10813
Argentina,Ciudad Autonoma de Buenos Aires,Comuna 15,210511,52,2025,18,11863
Argentina,Ciudad Autonoma de Buenos Aires,Comuna 15,210512,52,2025,14,7208
Argentina,Ciudad Autonoma de Buenos Aires,Comuna 15,210513,52,2025,14,7242
Argentina,Ciudad Autonoma de Buenos Aires,Comuna 15,210514,52,2025,17,9564
Argentina,Ciudad Autonoma de Buenos Aires,Comuna 15,210515,52,2025,13,9091
Argentina,Ciudad Autonoma de Buenos Aires,Comuna 15,210516,52,2025,13,8911
Argentina,Ciudad Autonoma de Buenos Aires,Comuna 15,210517,52,2025,13,8753
Argentina,Ciudad Autonoma de Buenos Aires,Comuna 15,210518,52,2025,11,8161
Argentina,Ciudad Autonoma de Buenos Aires,Comuna 15,210519,52,2025,15,8739
Argentina,Ciudad Autonoma de Buenos Aires,Comuna 15,210520,52,2025,19,8787
Argentina,Ciudad Autonoma de Buenos Aires,Comuna 15,210521,52,2025,20,11421
Argentina,Ciudad Autonoma de Buenos Aires,Comuna 2,201401,52,2025,0,554
Argentina,Ciudad Autonoma de Buenos Aires,Comuna 2,201402,52,2025,2,5022
Argentina,Ciudad Autonoma de Buenos Aires,Comuna 2,201403,52,2025,7,5681
Argentina,Ciudad Autonoma de Buenos Aires,Comuna 2,201404,52,2025,7,6670
Argentina,Ciudad Autonoma de Buenos Aires,Comuna 2,201405,52,2025,6,6654
Argentina,Ciudad Autonoma de Buenos Aires,Comuna 2,201406,52,2025,5,6504
Argentina,Ciudad Autonoma de Buenos Aires,Comuna 2,201407,52,2025,4,7631
Argentina,Ciudad Autonoma de Buenos Aires,Comuna 2,201408,52,2025,16,9285
Argentina,Ciudad Autonoma de Buenos Aires,Comuna 2,201409,52,2025,4,8985
Argentina,Ciudad Autonoma de Buenos Aires,Comuna 2,201410,52,2025,4,7067
Argentina,Ciudad Autonoma de Buenos Aires,Comuna 2,201411,52,2025,6,5593
Argentina,Ciudad Autonoma de Buenos Aires,Comuna 2,201412,52,2025,6,5734
Argentina,Ciudad Autonoma de Buenos Aires,Comuna 2,201413,52,2025,6,7043
Argentina,Ciudad Autonoma de Buenos Aires,Comuna 2,201414,52,2025,8,8370
Argentina,Ciudad Autonoma de Buenos Aires,Comuna 2,201415,52,2025,12,6053
Argentina,Ciudad Autonoma de Buenos Aires,Comuna 2,201416,52,2025,3,5917
Argentina,Ciudad Autonoma de Buenos Aires,Comuna 2,201417,52,2025,8,7963
Argentina,Ciudad Autonoma de Buenos Aires,Comuna 2,201418,52,2025,3,6383
Argentina,Ciudad Autonoma de Buenos Aires,Comuna 2,201419,52,2025,9,6436
Argentina,Ciudad Autonoma de Buenos Aires,Comuna 2,201420,52,2025,7,7134
Argentina,Ciudad Autonoma de Buenos Aires,Comuna 2,201421,52,2025,6,5726
Argentina,Ciudad Autonoma de Buenos Aires,Comuna 2,201422,52,2025,3,5002
Argentina,Ciudad Autonoma de Buenos Aires,Comuna 2,201423,52,2025,10,5517
Argentina,Ciudad Autonoma de Buenos Aires,Comuna 2,201424,52,2025,6,5483
Argentina,Ciudad Autonoma de Buenos Aires,Comuna 2,201425,52,2025,6,8202
Argentina,Ciudad Autonoma de Buenos Aires,Comuna 5,203501,52,2025,4,9107
Argentina,Ciudad Autonoma de Buenos Aires,Comuna 5,203502,52,2025,9,8659
Argentina,Ciudad Autonoma de Buenos Aires,Comuna 5,203503,52,2025,12,9246
Argentina,Ciudad Autonoma de Buenos Aires,Comuna 5,203504,52,2025,10,8180
Argentina,Ciudad Autonoma de Buenos Aires,Comuna 5,203505,52,2025,6,6557
Argentina,Ciudad Autonoma de Buenos Aires,Comuna 5,203506,52,2025,8,7989
Argentina,Ciudad Autonoma de Buenos Aires,Comuna 5,203507,52,2025,11,7616
Argentina,Ciudad Autonoma de Buenos Aires,Comuna 5,203508,52,2025,11,8744
Argentina,Ciudad Autonoma de Buenos Aires,Comuna 5,203509,52,2025,9,7892
Argentina,Ciudad Autonoma de Buenos Aires,Comuna 5,203510,52,2025,9,8718
Argentina,Ciudad Autonoma de Buenos Aires,Comuna 5,203511,52,2025,3,9263
Argentina,Ciudad Autonoma de Buenos Aires,Comuna 5,203512,52,2025,7,7201
Argentina,Ciudad Autonoma de Buenos Aires,Comuna 5,203513,52,2025,8,7410
Argentina,Ciudad Autonoma de Buenos Aires,Comuna 5,203514,52,2025,5,8821
Argentina,Ciudad Autonoma de Buenos Aires,Comuna 5,203515,52,2025,9,7651
Argentina,Ciudad Autonoma de Buenos Aires,Comuna 5,203516,52,2025,9,10461
Argentina,Ciudad Autonoma de Buenos Aires,Comuna 5,203517,52,2025,7,9254
Argentina,Ciudad Autonoma de Buenos Aires,Comuna 5,203518,52,2025,16,9162
Argentina,Ciudad Autonoma de Buenos Aires,Comuna 5,203519,52,2025,10,9340
Argentina,Ciudad Autonoma de Buenos Aires,Comuna 5,203520,52,2025,11,11091
Argentina,Ciudad Autonoma de Buenos Aires,Comuna 5,203521,52,2025,7,8855
Argentina,Ciudad Autonoma de Buenos Aires,Comuna 5,203522,52,2025,12,11232
Argentina,Ciudad Autonoma de Buenos Aires,Comuna 6,204201,52,2025,9,9911
Argentina,Ciudad Autonoma de Buenos Aires,Comuna 6,204202,52,2025,12,10787
Argentina,Ciudad Autonoma de Buenos Aires,Comuna 6,204203,52,2025,6,8899
Argentina,Ciudad Autonoma de Buenos Aires,Comuna 6,204204,52,2025,16,11727
Argentina,Ciudad Autonoma de Buenos Aires,Comuna 6,204205,52,2025,10,10329
Argentina,Ciudad Autonoma de Buenos Aires,Comuna 6,204206,52,2025,16,10367
Argentina,Ciudad Autonoma de Buenos Aires,Comuna 6,204207,52,2025,12,12185
Argentina,Ciudad Autonoma de Buenos Aires,Comuna 6,204208,52,2025,14,9497
Argentina,Ciudad Autonoma de Buenos Aires,Comuna 6,204209,52,2025,8,7356
Argentina,Ciudad Autonoma de Buenos Aires,Comuna 6,204210,52,2025,11,8697
Argentina,Ciudad Autonoma de Buenos Aires,Comuna 6,204211,52,2025,16,9646
Argentina,Ciudad Autonoma de Buenos Aires,Comuna 6,204212,52,2025,8,7926
Argentina,Ciudad Autonoma de Buenos Aires,Comuna 6,204213,52,2025,11,10037
Argentina,Ciudad Autonoma de Buenos Aires,Comuna 6,204214,52,2025,10,9669
Argentina,Ciudad Autonoma de Buenos Aires,Comuna 6,204215,52,2025,11,9168
Argentina,Ciudad Autonoma de Buenos Aires,Comuna 6,204216,52,2025,13,12982
Argentina,Ciudad Autonoma de Buenos Aires,Comuna 6,204217,52,2025,6,7259
Argentina,Ciudad Autonoma de Buenos Aires,Comuna 6,204218,52,2025,8,8066
Argentina,Ciudad Autonoma de Buenos Aires,Comuna 6,204219,52,2025,5,7952
Argentina,Ciudad Autonoma de Buenos Aires,Comuna 6,204220,52,2025,8,8895
Argentina,Ciudad Autonoma de Buenos Aires,Comuna 6,204221,52,2025,7,10409
Argentina,Ciudad Autonoma de Buenos Aires,Comuna 7,204901,52,2025,6,6665
Argentina,Ciudad Autonoma de Buenos Aires,Comuna 7,204902,52,2025,6,8593
Argentina,Ciudad Autonoma de Buenos Aires,Comuna 7,204903,52,2025,10,10871
Argentina,Ciudad Autonoma de Buenos Aires,Comuna 7,204904,52,2025,10,9795
Argentina,Ciudad Autonoma de Buenos Aires,Comuna 7,204905,52,2025,10,8999
Argentina,Ciudad Autonoma de Buenos Aires,Comuna 7,204906,52,2025,9,7524
Argentina,Ciudad Autonoma de Buenos Aires,Comuna 7,204907,52,2025,7,9257
Argentina,Ciudad Autonoma de Buenos Aires,Comuna 7,204908,52,2025,8,7685
Argentina,Ciudad Autonoma de Buenos Aires,Comuna 7,204909,52,2025,15,9705
Argentina,Ciudad Autonoma de Buenos Aires,Comuna 7,204910,52,2025,9,8735
Argentina,Ciudad Autonoma de Buenos Aires,Comuna 7,204911,52,2025,15,10501
Argentina,Ciudad Autonoma de Buenos Aires,Comuna 7,204912,52,2025,8,7467
Argentina,Ciudad Autonoma de Buenos Aires,Comuna 7,204913,52,2025,7,11414
Argentina,Ciudad Autonoma de Buenos Aires,Comuna 7,204914,52,2025,12,11132
Argentina,Ciudad Autonoma de Buenos Aires,Comuna 7,204915,52,2025,19,9647
Argentina,Ciudad Autonoma de Buenos Aires,Comuna 7,204916,52,2025,12,8094
Argentina,Ciudad Autonoma de Buenos Aires,Comuna 7,204917,52,2025,3,2971
Argentina,Ciudad Autonoma de Buenos Aires,Comuna 7,204918,52,2025,7,3398
Argentina,Ciudad Autonoma de Buenos Aires,Comuna 7,204919,52,2025,4,6454
Argentina,Ciudad Autonoma de Buenos Aires,Comuna 7,204920,52,2025,17,12736
Argentina,Ciudad Autonoma de Buenos Aires,Comuna 7,204921,52,2025,15,11351
Argentina,Ciudad Autonoma de Buenos Aires,Comuna 7,204922,52,2025,12,11303
Argentina,Ciudad Autonoma de Buenos Aires,Comuna 7,204923,52,2025,7,7839
Argentina,Ciudad Autonoma de Buenos Aires,Comuna 7,204924,52,2025,10,11126
